#include <pgmspace.h>

const uint8_t NotoSansMalayalamRegular20[] PROGMEM = {
0x00, 0x00, 0x00, 0xD4, 0x00, 0x00, 0x00, 0x0B, 0x00, 0x00, 0x00, 0x14, 0x00, 0x00, 0x00, 0x00,
0x00, 0x00, 0x00, 0x0F, 0x00, 0x00, 0x00, 0x05, 0x00, 0x00, 0x00, 0x21, 0x00, 0x00, 0x00, 0x0E,
0x00, 0x00, 0x00, 0x03, 0x00, 0x00, 0x00, 0x05, 0x00, 0x00, 0x00, 0x0E, 0x00, 0x00, 0x00, 0x01,
0x00, 0x00, 0x00, 0x00, 0x00, 0x00, 0x00, 0x22, 0x00, 0x00, 0x00, 0x05, 0x00, 0x00, 0x00, 0x07,
0x00, 0x00, 0x00, 0x09, 0x00, 0x00, 0x00, 0x10, 0x00, 0x00, 0x00, 0x01, 0x00, 0x00, 0x00, 0x00,
0x00, 0x00, 0x00, 0x23, 0x00, 0x00, 0x00, 0x0E, 0x00, 0x00, 0x00, 0x0D, 0x00, 0x00, 0x00, 0x0D,
0x00, 0x00, 0x00, 0x0E, 0x00, 0x00, 0x00, 0x00, 0x00, 0x00, 0x00, 0x00, 0x00, 0x00, 0x00, 0x24,
0x00, 0x00, 0x00, 0x11, 0x00, 0x00, 0x00, 0x0A, 0x00, 0x00, 0x00, 0x0B, 0x00, 0x00, 0x00, 0x0F,
0x00, 0x00, 0x00, 0x01, 0x00, 0x00, 0x00, 0x00, 0x00, 0x00, 0x00, 0x25, 0x00, 0x00, 0x00, 0x0E,
0x00, 0x00, 0x00, 0x0F, 0x00, 0x00, 0x00, 0x11, 0x00, 0x00, 0x00, 0x0E, 0x00, 0x00, 0x00, 0x01,
0x00, 0x00, 0x00, 0x00, 0x00, 0x00, 0x00, 0x26, 0x00, 0x00, 0x00, 0x0E, 0x00, 0x00, 0x00, 0x0E,
0x00, 0x00, 0x00, 0x0F, 0x00, 0x00, 0x00, 0x0E, 0x00, 0x00, 0x00, 0x01, 0x00, 0x00, 0x00, 0x00,
0x00, 0x00, 0x00, 0x27, 0x00, 0x00, 0x00, 0x05, 0x00, 0x00, 0x00, 0x03, 0x00, 0x00, 0x00, 0x05,
0x00, 0x00, 0x00, 0x10, 0x00, 0x00, 0x00, 0x01, 0x00, 0x00, 0x00, 0x00, 0x00, 0x00, 0x00, 0x28,
0x00, 0x00, 0x00, 0x15, 0x00, 0x00, 0x00, 0x06, 0x00, 0x00, 0x00, 0x06, 0x00, 0x00, 0x00, 0x10,
0x00, 0x00, 0x00, 0x00, 0x00, 0x00, 0x00, 0x00, 0x00, 0x00, 0x00, 0x29, 0x00, 0x00, 0x00, 0x15,
0x00, 0x00, 0x00, 0x06, 0x00, 0x00, 0x00, 0x06, 0x00, 0x00, 0x00, 0x10, 0x00, 0x00, 0x00, 0x00,
0x00, 0x00, 0x00, 0x00, 0x00, 0x00, 0x00, 0x2A, 0x00, 0x00, 0x00, 0x0A, 0x00, 0x00, 0x00, 0x0B,
0x00, 0x00, 0x00, 0x0B, 0x00, 0x00, 0x00, 0x10, 0x00, 0x00, 0x00, 0x00, 0x00, 0x00, 0x00, 0x00,
0x00, 0x00, 0x00, 0x2B, 0x00, 0x00, 0x00, 0x0A, 0x00, 0x00, 0x00, 0x0A, 0x00, 0x00, 0x00, 0x0B,
0x00, 0x00, 0x00, 0x0C, 0x00, 0x00, 0x00, 0x01, 0x00, 0x00, 0x00, 0x00, 0x00, 0x00, 0x00, 0x2C,
0x00, 0x00, 0x00, 0x05, 0x00, 0x00, 0x00, 0x04, 0x00, 0x00, 0x00, 0x05, 0x00, 0x00, 0x00, 0x02,
0x00, 0x00, 0x00, 0x00, 0x00, 0x00, 0x00, 0x00, 0x00, 0x00, 0x00, 0x2D, 0x00, 0x00, 0x00, 0x03,
0x00, 0x00, 0x00, 0x06, 0x00, 0x00, 0x00, 0x06, 0x00, 0x00, 0x00, 0x07, 0x00, 0x00, 0x00, 0x00,
0x00, 0x00, 0x00, 0x00, 0x00, 0x00, 0x00, 0x2E, 0x00, 0x00, 0x00, 0x03, 0x00, 0x00, 0x00, 0x03,
0x00, 0x00, 0x00, 0x05, 0x00, 0x00, 0x00, 0x03, 0x00, 0x00, 0x00, 0x01, 0x00, 0x00, 0x00, 0x00,
0x00, 0x00, 0x00, 0x2F, 0x00, 0x00, 0x00, 0x15, 0x00, 0x00, 0x00, 0x08, 0x00, 0x00, 0x00, 0x08,
0x00, 0x00, 0x00, 0x10, 0x00, 0x00, 0x00, 0x00, 0x00, 0x00, 0x00, 0x00, 0x00, 0x00, 0x00, 0x30,
0x00, 0x00, 0x00, 0x0E, 0x00, 0x00, 0x00, 0x0A, 0x00, 0x00, 0x00, 0x0B, 0x00, 0x00, 0x00, 0x0E,
0x00, 0x00, 0x00, 0x01, 0x00, 0x00, 0x00, 0x00, 0x00, 0x00, 0x00, 0x31, 0x00, 0x00, 0x00, 0x0E,
0x00, 0x00, 0x00, 0x07, 0x00, 0x00, 0x00, 0x0B, 0x00, 0x00, 0x00, 0x0E, 0x00, 0x00, 0x00, 0x01,
0x00, 0x00, 0x00, 0x00, 0x00, 0x00, 0x00, 0x32, 0x00, 0x00, 0x00, 0x0E, 0x00, 0x00, 0x00, 0x0B,
0x00, 0x00, 0x00, 0x0B, 0x00, 0x00, 0x00, 0x0E, 0x00, 0x00, 0x00, 0x00, 0x00, 0x00, 0x00, 0x00,
0x00, 0x00, 0x00, 0x33, 0x00, 0x00, 0x00, 0x0E, 0x00, 0x00, 0x00, 0x0B, 0x00, 0x00, 0x00, 0x0B,
0x00, 0x00, 0x00, 0x0E, 0x00, 0x00, 0x00, 0x00, 0x00, 0x00, 0x00, 0x00, 0x00, 0x00, 0x00, 0x34,
0x00, 0x00, 0x00, 0x0E, 0x00, 0x00, 0x00, 0x0C, 0x00, 0x00, 0x00, 0x0B, 0x00, 0x00, 0x00, 0x0E,
0x00, 0x00, 0x00, 0x00, 0x00, 0x00, 0x00, 0x00, 0x00, 0x00, 0x00, 0x35, 0x00, 0x00, 0x00, 0x0E,
0x00, 0x00, 0x00, 0x0A, 0x00, 0x00, 0x00, 0x0B, 0x00, 0x00, 0x00, 0x0E, 0x00, 0x00, 0x00, 0x01,
0x00, 0x00, 0x00, 0x00, 0x00, 0x00, 0x00, 0x36, 0x00, 0x00, 0x00, 0x0E, 0x00, 0x00, 0x00, 0x0A,
0x00, 0x00, 0x00, 0x0B, 0x00, 0x00, 0x00, 0x0E, 0x00, 0x00, 0x00, 0x01, 0x00, 0x00, 0x00, 0x00,
0x00, 0x00, 0x00, 0x37, 0x00, 0x00, 0x00, 0x0E, 0x00, 0x00, 0x00, 0x0B, 0x00, 0x00, 0x00, 0x0B,
0x00, 0x00, 0x00, 0x0E, 0x00, 0x00, 0x00, 0x00, 0x00, 0x00, 0x00, 0x00, 0x00, 0x00, 0x00, 0x38,
0x00, 0x00, 0x00, 0x0E, 0x00, 0x00, 0x00, 0x0A, 0x00, 0x00, 0x00, 0x0B, 0x00, 0x00, 0x00, 0x0E,
0x00, 0x00, 0x00, 0x01, 0x00, 0x00, 0x00, 0x00, 0x00, 0x00, 0x00, 0x39, 0x00, 0x00, 0x00, 0x0E,
0x00, 0x00, 0x00, 0x0B, 0x00, 0x00, 0x00, 0x0B, 0x00, 0x00, 0x00, 0x0E, 0x00, 0x00, 0x00, 0x00,
0x00, 0x00, 0x00, 0x00, 0x00, 0x00, 0x00, 0x3A, 0x00, 0x00, 0x00, 0x0B, 0x00, 0x00, 0x00, 0x03,
0x00, 0x00, 0x00, 0x05, 0x00, 0x00, 0x00, 0x0B, 0x00, 0x00, 0x00, 0x01, 0x00, 0x00, 0x00, 0x00,
0x00, 0x00, 0x00, 0x3B, 0x00, 0x00, 0x00, 0x0E, 0x00, 0x00, 0x00, 0x04, 0x00, 0x00, 0x00, 0x05,
0x00, 0x00, 0x00, 0x0B, 0x00, 0x00, 0x00, 0x00, 0x00, 0x00, 0x00, 0x00, 0x00, 0x00, 0x00, 0x3C,
0x00, 0x00, 0x00, 0x0B, 0x00, 0x00, 0x00, 0x0A, 0x00, 0x00, 0x00, 0x0B, 0x00, 0x00, 0x00, 0x0D,
0x00, 0x00, 0x00, 0x01, 0x00, 0x00, 0x00, 0x00, 0x00, 0x00, 0x00, 0x3D, 0x00, 0x00, 0x00, 0x07,
0x00, 0x00, 0x00, 0x0A, 0x00, 0x00, 0x00, 0x0B, 0x00, 0x00, 0x00, 0x0B, 0x00, 0x00, 0x00, 0x01,
0x00, 0x00, 0x00, 0x00, 0x00, 0x00, 0x00, 0x3E, 0x00, 0x00, 0x00, 0x0B, 0x00, 0x00, 0x00, 0x0A,
0x00, 0x00, 0x00, 0x0B, 0x00, 0x00, 0x00, 0x0D, 0x00, 0x00, 0x00, 0x01, 0x00, 0x00, 0x00, 0x00,
0x00, 0x00, 0x00, 0x3F, 0x00, 0x00, 0x00, 0x0E, 0x00, 0x00, 0x00, 0x09, 0x00, 0x00, 0x00, 0x09,
0x00, 0x00, 0x00, 0x0E, 0x00, 0x00, 0x00, 0x00, 0x00, 0x00, 0x00, 0x00, 0x00, 0x00, 0x00, 0x40,
0x00, 0x00, 0x00, 0x10, 0x00, 0x00, 0x00, 0x10, 0x00, 0x00, 0x00, 0x12, 0x00, 0x00, 0x00, 0x0E,
0x00, 0x00, 0x00, 0x01, 0x00, 0x00, 0x00, 0x00, 0x00, 0x00, 0x00, 0x41, 0x00, 0x00, 0x00, 0x0E,
0x00, 0x00, 0x00, 0x0D, 0x00, 0x00, 0x00, 0x0D, 0x00, 0x00, 0x00, 0x0E, 0x00, 0x00, 0x00, 0x00,
0x00, 0x00, 0x00, 0x00, 0x00, 0x00, 0x00, 0x42, 0x00, 0x00, 0x00, 0x0E, 0x00, 0x00, 0x00, 0x0B,
0x00, 0x00, 0x00, 0x0D, 0x00, 0x00, 0x00, 0x0E, 0x00, 0x00, 0x00, 0x01, 0x00, 0x00, 0x00, 0x00,
0x00, 0x00, 0x00, 0x43, 0x00, 0x00, 0x00, 0x0E, 0x00, 0x00, 0x00, 0x0B, 0x00, 0x00, 0x00, 0x0D,
0x00, 0x00, 0x00, 0x0E, 0x00, 0x00, 0x00, 0x01, 0x00, 0x00, 0x00, 0x00, 0x00, 0x00, 0x00, 0x44,
0x00, 0x00, 0x00, 0x0E, 0x00, 0x00, 0x00, 0x0D, 0x00, 0x00, 0x00, 0x0F, 0x00, 0x00, 0x00, 0x0E,
0x00, 0x00, 0x00, 0x01, 0x00, 0x00, 0x00, 0x00, 0x00, 0x00, 0x00, 0x45, 0x00, 0x00, 0x00, 0x0E,
0x00, 0x00, 0x00, 0x09, 0x00, 0x00, 0x00, 0x0B, 0x00, 0x00, 0x00, 0x0E, 0x00, 0x00, 0x00, 0x01,
0x00, 0x00, 0x00, 0x00, 0x00, 0x00, 0x00, 0x46, 0x00, 0x00, 0x00, 0x0E, 0x00, 0x00, 0x00, 0x09,
0x00, 0x00, 0x00, 0x0A, 0x00, 0x00, 0x00, 0x0E, 0x00, 0x00, 0x00, 0x01, 0x00, 0x00, 0x00, 0x00,
0x00, 0x00, 0x00, 0x47, 0x00, 0x00, 0x00, 0x0E, 0x00, 0x00, 0x00, 0x0D, 0x00, 0x00, 0x00, 0x0F,
0x00, 0x00, 0x00, 0x0E, 0x00, 0x00, 0x00, 0x01, 0x00, 0x00, 0x00, 0x00, 0x00, 0x00, 0x00, 0x48,
0x00, 0x00, 0x00, 0x0E, 0x00, 0x00, 0x00, 0x0C, 0x00, 0x00, 0x00, 0x0F, 0x00, 0x00, 0x00, 0x0E,
0x00, 0x00, 0x00, 0x01, 0x00, 0x00, 0x00, 0x00, 0x00, 0x00, 0x00, 0x49, 0x00, 0x00, 0x00, 0x0E,
0x00, 0x00, 0x00, 0x06, 0x00, 0x00, 0x00, 0x07, 0x00, 0x00, 0x00, 0x0E, 0x00, 0x00, 0x00, 0x00,
0x00, 0x00, 0x00, 0x00, 0x00, 0x00, 0x00, 0x4A, 0x00, 0x00, 0x00, 0x13, 0x00, 0x00, 0x00, 0x06,
0x00, 0x00, 0x00, 0x05, 0x00, 0x00, 0x00, 0x0E, 0xFF, 0xFF, 0xFF, 0xFE, 0x00, 0x00, 0x00, 0x00,
0x00, 0x00, 0x00, 0x4B, 0x00, 0x00, 0x00, 0x0E, 0x00, 0x00, 0x00, 0x0C, 0x00, 0x00, 0x00, 0x0C,
0x00, 0x00, 0x00, 0x0E, 0x00, 0x00, 0x00, 0x01, 0x00, 0x00, 0x00, 0x00, 0x00, 0x00, 0x00, 0x4C,
0x00, 0x00, 0x00, 0x0E, 0x00, 0x00, 0x00, 0x09, 0x00, 0x00, 0x00, 0x0A, 0x00, 0x00, 0x00, 0x0E,
0x00, 0x00, 0x00, 0x01, 0x00, 0x00, 0x00, 0x00, 0x00, 0x00, 0x00, 0x4D, 0x00, 0x00, 0x00, 0x0E,
0x00, 0x00, 0x00, 0x10, 0x00, 0x00, 0x00, 0x12, 0x00, 0x00, 0x00, 0x0E, 0x00, 0x00, 0x00, 0x01,
0x00, 0x00, 0x00, 0x00, 0x00, 0x00, 0x00, 0x4E, 0x00, 0x00, 0x00, 0x0E, 0x00, 0x00, 0x00, 0x0D,
0x00, 0x00, 0x00, 0x0F, 0x00, 0x00, 0x00, 0x0E, 0x00, 0x00, 0x00, 0x01, 0x00, 0x00, 0x00, 0x00,
0x00, 0x00, 0x00, 0x4F, 0x00, 0x00, 0x00, 0x0E, 0x00, 0x00, 0x00, 0x0E, 0x00, 0x00, 0x00, 0x10,
0x00, 0x00, 0x00, 0x0E, 0x00, 0x00, 0x00, 0x01, 0x00, 0x00, 0x00, 0x00, 0x00, 0x00, 0x00, 0x50,
0x00, 0x00, 0x00, 0x0E, 0x00, 0x00, 0x00, 0x0B, 0x00, 0x00, 0x00, 0x0C, 0x00, 0x00, 0x00, 0x0E,
0x00, 0x00, 0x00, 0x01, 0x00, 0x00, 0x00, 0x00, 0x00, 0x00, 0x00, 0x51, 0x00, 0x00, 0x00, 0x11,
0x00, 0x00, 0x00, 0x0E, 0x00, 0x00, 0x00, 0x10, 0x00, 0x00, 0x00, 0x0E, 0x00, 0x00, 0x00, 0x01,
0x00, 0x00, 0x00, 0x00, 0x00, 0x00, 0x00, 0x52, 0x00, 0x00, 0x00, 0x0E, 0x00, 0x00, 0x00, 0x0C,
0x00, 0x00, 0x00, 0x0C, 0x00, 0x00, 0x00, 0x0E, 0x00, 0x00, 0x00, 0x01, 0x00, 0x00, 0x00, 0x00,
0x00, 0x00, 0x00, 0x53, 0x00, 0x00, 0x00, 0x0E, 0x00, 0x00, 0x00, 0x0A, 0x00, 0x00, 0x00, 0x0B,
0x00, 0x00, 0x00, 0x0E, 0x00, 0x00, 0x00, 0x01, 0x00, 0x00, 0x00, 0x00, 0x00, 0x00, 0x00, 0x54,
0x00, 0x00, 0x00, 0x0E, 0x00, 0x00, 0x00, 0x0B, 0x00, 0x00, 0x00, 0x0B, 0x00, 0x00, 0x00, 0x0E,
0x00, 0x00, 0x00, 0x00, 0x00, 0x00, 0x00, 0x00, 0x00, 0x00, 0x00, 0x55, 0x00, 0x00, 0x00, 0x0E,
0x00, 0x00, 0x00, 0x0C, 0x00, 0x00, 0x00, 0x0F, 0x00, 0x00, 0x00, 0x0E, 0x00, 0x00, 0x00, 0x01,
0x00, 0x00, 0x00, 0x00, 0x00, 0x00, 0x00, 0x56, 0x00, 0x00, 0x00, 0x0E, 0x00, 0x00, 0x00, 0x0C,
0x00, 0x00, 0x00, 0x0C, 0x00, 0x00, 0x00, 0x0E, 0x00, 0x00, 0x00, 0x00, 0x00, 0x00, 0x00, 0x00,
0x00, 0x00, 0x00, 0x57, 0x00, 0x00, 0x00, 0x0E, 0x00, 0x00, 0x00, 0x13, 0x00, 0x00, 0x00, 0x13,
0x00, 0x00, 0x00, 0x0E, 0x00, 0x00, 0x00, 0x00, 0x00, 0x00, 0x00, 0x00, 0x00, 0x00, 0x00, 0x58,
0x00, 0x00, 0x00, 0x0E, 0x00, 0x00, 0x00, 0x0C, 0x00, 0x00, 0x00, 0x0C, 0x00, 0x00, 0x00, 0x0E,
0x00, 0x00, 0x00, 0x00, 0x00, 0x00, 0x00, 0x00, 0x00, 0x00, 0x00, 0x59, 0x00, 0x00, 0x00, 0x0E,
0x00, 0x00, 0x00, 0x0C, 0x00, 0x00, 0x00, 0x0B, 0x00, 0x00, 0x00, 0x0E, 0x00, 0x00, 0x00, 0x00,
0x00, 0x00, 0x00, 0x00, 0x00, 0x00, 0x00, 0x5A, 0x00, 0x00, 0x00, 0x0E, 0x00, 0x00, 0x00, 0x0B,
0x00, 0x00, 0x00, 0x0B, 0x00, 0x00, 0x00, 0x0E, 0x00, 0x00, 0x00, 0x00, 0x00, 0x00, 0x00, 0x00,
0x00, 0x00, 0x00, 0x5B, 0x00, 0x00, 0x00, 0x16, 0x00, 0x00, 0x00, 0x05, 0x00, 0x00, 0x00, 0x06,
0x00, 0x00, 0x00, 0x11, 0x00, 0x00, 0x00, 0x01, 0x00, 0x00, 0x00, 0x00, 0x00, 0x00, 0x00, 0x5C,
0x00, 0x00, 0x00, 0x15, 0x00, 0x00, 0x00, 0x08, 0x00, 0x00, 0x00, 0x08, 0x00, 0x00, 0x00, 0x10,
0x00, 0x00, 0x00, 0x00, 0x00, 0x00, 0x00, 0x00, 0x00, 0x00, 0x00, 0x5D, 0x00, 0x00, 0x00, 0x16,
0x00, 0x00, 0x00, 0x05, 0x00, 0x00, 0x00, 0x06, 0x00, 0x00, 0x00, 0x11, 0x00, 0x00, 0x00, 0x00,
0x00, 0x00, 0x00, 0x00, 0x00, 0x00, 0x00, 0x5E, 0x00, 0x00, 0x00, 0x09, 0x00, 0x00, 0x00, 0x0B,
0x00, 0x00, 0x00, 0x0B, 0x00, 0x00, 0x00, 0x0E, 0x00, 0x00, 0x00, 0x00, 0x00, 0x00, 0x00, 0x00,
0x00, 0x00, 0x00, 0x5F, 0x00, 0x00, 0x00, 0x03, 0x00, 0x00, 0x00, 0x0A, 0x00, 0x00, 0x00, 0x09,
0xFF, 0xFF, 0xFF, 0xFF, 0xFF, 0xFF, 0xFF, 0xFF, 0x00, 0x00, 0x00, 0x00, 0x00, 0x00, 0x00, 0x60,
0x00, 0x00, 0x00, 0x03, 0x00, 0x00, 0x00, 0x05, 0x00, 0x00, 0x00, 0x06, 0x00, 0x00, 0x00, 0x0F,
0x00, 0x00, 0x00, 0x00, 0x00, 0x00, 0x00, 0x00, 0x00, 0x00, 0x00, 0x61, 0x00, 0x00, 0x00, 0x0B,
0x00, 0x00, 0x00, 0x0A, 0x00, 0x00, 0x00, 0x0B, 0x00, 0x00, 0x00, 0x0B, 0x00, 0x00, 0x00, 0x00,
0x00, 0x00, 0x00, 0x00, 0x00, 0x00, 0x00, 0x62, 0x00, 0x00, 0x00, 0x0F, 0x00, 0x00, 0x00, 0x0B,
0x00, 0x00, 0x00, 0x0C, 0x00, 0x00, 0x00, 0x0F, 0x00, 0x00, 0x00, 0x01, 0x00, 0x00, 0x00, 0x00,
0x00, 0x00, 0x00, 0x63, 0x00, 0x00, 0x00, 0x0B, 0x00, 0x00, 0x00, 0x08, 0x00, 0x00, 0x00, 0x0A,
0x00, 0x00, 0x00, 0x0B, 0x00, 0x00, 0x00, 0x01, 0x00, 0x00, 0x00, 0x00, 0x00, 0x00, 0x00, 0x64,
0x00, 0x00, 0x00, 0x0F, 0x00, 0x00, 0x00, 0x0A, 0x00, 0x00, 0x00, 0x0C, 0x00, 0x00, 0x00, 0x0F,
0x00, 0x00, 0x00, 0x01, 0x00, 0x00, 0x00, 0x00, 0x00, 0x00, 0x00, 0x65, 0x00, 0x00, 0x00, 0x0B,
0x00, 0x00, 0x00, 0x0A, 0x00, 0x00, 0x00, 0x0B, 0x00, 0x00, 0x00, 0x0B, 0x00, 0x00, 0x00, 0x01,
0x00, 0x00, 0x00, 0x00, 0x00, 0x00, 0x00, 0x66, 0x00, 0x00, 0x00, 0x0F, 0x00, 0x00, 0x00, 0x08,
0x00, 0x00, 0x00, 0x07, 0x00, 0x00, 0x00, 0x0F, 0x00, 0x00, 0x00, 0x00, 0x00, 0x00, 0x00, 0x00,
0x00, 0x00, 0x00, 0x67, 0x00, 0x00, 0x00, 0x10, 0x00, 0x00, 0x00, 0x0A, 0x00, 0x00, 0x00, 0x0C,
0x00, 0x00, 0x00, 0x0B, 0x00, 0x00, 0x00, 0x01, 0x00, 0x00, 0x00, 0x00, 0x00, 0x00, 0x00, 0x68,
0x00, 0x00, 0x00, 0x0F, 0x00, 0x00, 0x00, 0x0A, 0x00, 0x00, 0x00, 0x0C, 0x00, 0x00, 0x00, 0x0F,
0x00, 0x00, 0x00, 0x01, 0x00, 0x00, 0x00, 0x00, 0x00, 0x00, 0x00, 0x69, 0x00, 0x00, 0x00, 0x0F,
0x00, 0x00, 0x00, 0x03, 0x00, 0x00, 0x00, 0x05, 0x00, 0x00, 0x00, 0x0F, 0x00, 0x00, 0x00, 0x01,
0x00, 0x00, 0x00, 0x00, 0x00, 0x00, 0x00, 0x6A, 0x00, 0x00, 0x00, 0x14, 0x00, 0x00, 0x00, 0x06,
0x00, 0x00, 0x00, 0x05, 0x00, 0x00, 0x00, 0x0F, 0xFF, 0xFF, 0xFF, 0xFE, 0x00, 0x00, 0x00, 0x00,
0x00, 0x00, 0x00, 0x6B, 0x00, 0x00, 0x00, 0x0F, 0x00, 0x00, 0x00, 0x0A, 0x00, 0x00, 0x00, 0x0B,
0x00, 0x00, 0x00, 0x0F, 0x00, 0x00, 0x00, 0x01, 0x00, 0x00, 0x00, 0x00, 0x00, 0x00, 0x00, 0x6C,
0x00, 0x00, 0x00, 0x0F, 0x00, 0x00, 0x00, 0x03, 0x00, 0x00, 0x00, 0x05, 0x00, 0x00, 0x00, 0x0F,
0x00, 0x00, 0x00, 0x01, 0x00, 0x00, 0x00, 0x00, 0x00, 0x00, 0x00, 0x6D, 0x00, 0x00, 0x00, 0x0B,
0x00, 0x00, 0x00, 0x11, 0x00, 0x00, 0x00, 0x13, 0x00, 0x00, 0x00, 0x0B, 0x00, 0x00, 0x00, 0x01,
0x00, 0x00, 0x00, 0x00, 0x00, 0x00, 0x00, 0x6E, 0x00, 0x00, 0x00, 0x0B, 0x00, 0x00, 0x00, 0x0A,
0x00, 0x00, 0x00, 0x0C, 0x00, 0x00, 0x00, 0x0B, 0x00, 0x00, 0x00, 0x01, 0x00, 0x00, 0x00, 0x00,
0x00, 0x00, 0x00, 0x6F, 0x00, 0x00, 0x00, 0x0B, 0x00, 0x00, 0x00, 0x0A, 0x00, 0x00, 0x00, 0x0C,
0x00, 0x00, 0x00, 0x0B, 0x00, 0x00, 0x00, 0x01, 0x00, 0x00, 0x00, 0x00, 0x00, 0x00, 0x00, 0x70,
0x00, 0x00, 0x00, 0x10, 0x00, 0x00, 0x00, 0x0B, 0x00, 0x00, 0x00, 0x0C, 0x00, 0x00, 0x00, 0x0B,
0x00, 0x00, 0x00, 0x01, 0x00, 0x00, 0x00, 0x00, 0x00, 0x00, 0x00, 0x71, 0x00, 0x00, 0x00, 0x10,
0x00, 0x00, 0x00, 0x0A, 0x00, 0x00, 0x00, 0x0C, 0x00, 0x00, 0x00, 0x0B, 0x00, 0x00, 0x00, 0x01,
0x00, 0x00, 0x00, 0x00, 0x00, 0x00, 0x00, 0x72, 0x00, 0x00, 0x00, 0x0B, 0x00, 0x00, 0x00, 0x07,
0x00, 0x00, 0x00, 0x08, 0x00, 0x00, 0x00, 0x0B, 0x00, 0x00, 0x00, 0x01, 0x00, 0x00, 0x00, 0x00,
0x00, 0x00, 0x00, 0x73, 0x00, 0x00, 0x00, 0x0B, 0x00, 0x00, 0x00, 0x08, 0x00, 0x00, 0x00, 0x0A,
0x00, 0x00, 0x00, 0x0B, 0x00, 0x00, 0x00, 0x01, 0x00, 0x00, 0x00, 0x00, 0x00, 0x00, 0x00, 0x74,
0x00, 0x00, 0x00, 0x0E, 0x00, 0x00, 0x00, 0x07, 0x00, 0x00, 0x00, 0x07, 0x00, 0x00, 0x00, 0x0E,
0x00, 0x00, 0x00, 0x00, 0x00, 0x00, 0x00, 0x00, 0x00, 0x00, 0x00, 0x75, 0x00, 0x00, 0x00, 0x0B,
0x00, 0x00, 0x00, 0x0A, 0x00, 0x00, 0x00, 0x0C, 0x00, 0x00, 0x00, 0x0B, 0x00, 0x00, 0x00, 0x01,
0x00, 0x00, 0x00, 0x00, 0x00, 0x00, 0x00, 0x76, 0x00, 0x00, 0x00, 0x0B, 0x00, 0x00, 0x00, 0x0B,
0x00, 0x00, 0x00, 0x0A, 0x00, 0x00, 0x00, 0x0B, 0x00, 0x00, 0x00, 0x00, 0x00, 0x00, 0x00, 0x00,
0x00, 0x00, 0x00, 0x77, 0x00, 0x00, 0x00, 0x0B, 0x00, 0x00, 0x00, 0x10, 0x00, 0x00, 0x00, 0x10,
0x00, 0x00, 0x00, 0x0B, 0x00, 0x00, 0x00, 0x00, 0x00, 0x00, 0x00, 0x00, 0x00, 0x00, 0x00, 0x78,
0x00, 0x00, 0x00, 0x0B, 0x00, 0x00, 0x00, 0x0B, 0x00, 0x00, 0x00, 0x0B, 0x00, 0x00, 0x00, 0x0B,
0x00, 0x00, 0x00, 0x00, 0x00, 0x00, 0x00, 0x00, 0x00, 0x00, 0x00, 0x79, 0x00, 0x00, 0x00, 0x10,
0x00, 0x00, 0x00, 0x0B, 0x00, 0x00, 0x00, 0x0A, 0x00, 0x00, 0x00, 0x0B, 0x00, 0x00, 0x00, 0x00,
0x00, 0x00, 0x00, 0x00, 0x00, 0x00, 0x00, 0x7A, 0x00, 0x00, 0x00, 0x0B, 0x00, 0x00, 0x00, 0x09,
0x00, 0x00, 0x00, 0x09, 0x00, 0x00, 0x00, 0x0B, 0x00, 0x00, 0x00, 0x00, 0x00, 0x00, 0x00, 0x00,
0x00, 0x00, 0x00, 0x7B, 0x00, 0x00, 0x00, 0x16, 0x00, 0x00, 0x00, 0x07, 0x00, 0x00, 0x00, 0x07,
0x00, 0x00, 0x00, 0x11, 0x00, 0x00, 0x00, 0x00, 0x00, 0x00, 0x00, 0x00, 0x00, 0x00, 0x00, 0x7C,
0x00, 0x00, 0x00, 0x15, 0x00, 0x00, 0x00, 0x03, 0x00, 0x00, 0x00, 0x0B, 0x00, 0x00, 0x00, 0x10,
0x00, 0x00, 0x00, 0x04, 0x00, 0x00, 0x00, 0x00, 0x00, 0x00, 0x00, 0x7D, 0x00, 0x00, 0x00, 0x16,
0x00, 0x00, 0x00, 0x07, 0x00, 0x00, 0x00, 0x07, 0x00, 0x00, 0x00, 0x11, 0x00, 0x00, 0x00, 0x00,
0x00, 0x00, 0x00, 0x00, 0x00, 0x00, 0x00, 0x7E, 0x00, 0x00, 0x00, 0x04, 0x00, 0x00, 0x00, 0x0A,
0x00, 0x00, 0x00, 0x0B, 0x00, 0x00, 0x00, 0x09, 0x00, 0x00, 0x00, 0x01, 0x00, 0x00, 0x00, 0x00,
0x00, 0x00, 0x0D, 0x00, 0x00, 0x00, 0x00, 0x07, 0x00, 0x00, 0x00, 0x07, 0x00, 0x00, 0x00, 0x00,
0x00, 0x00, 0x00, 0x12, 0xFF, 0xFF, 0xFF, 0xF7, 0x00, 0x00, 0x00, 0x00, 0x00, 0x00, 0x0D, 0x01,
0x00, 0x00, 0x00, 0x05, 0x00, 0x00, 0x00, 0x08, 0x00, 0x00, 0x00, 0x00, 0x00, 0x00, 0x00, 0x11,
0xFF, 0xFF, 0xFF, 0xF6, 0x00, 0x00, 0x00, 0x00, 0x00, 0x00, 0x0D, 0x02, 0x00, 0x00, 0x00, 0x0A,
0x00, 0x00, 0x00, 0x13, 0x00, 0x00, 0x00, 0x09, 0x00, 0x00, 0x00, 0x0A, 0x00, 0x00, 0x00, 0x01,
0x00, 0x00, 0x00, 0x00, 0x00, 0x00, 0x0D, 0x03, 0x00, 0x00, 0x00, 0x0B, 0x00, 0x00, 0x00, 0x11,
0x00, 0x00, 0x00, 0x07, 0x00, 0x00, 0x00, 0x0B, 0x00, 0x00, 0x00, 0x01, 0x00, 0x00, 0x00, 0x00,
0x00, 0x00, 0x0D, 0x04, 0x00, 0x00, 0x00, 0x08, 0x00, 0x00, 0x00, 0x0B, 0x00, 0x00, 0x00, 0x0C,
0x00, 0x00, 0x00, 0x08, 0x00, 0x00, 0x00, 0x00, 0x00, 0x00, 0x00, 0x00, 0x00, 0x00, 0x0D, 0x05,
0x00, 0x00, 0x00, 0x0B, 0x00, 0x00, 0x00, 0x1E, 0x00, 0x00, 0x00, 0x1E, 0x00, 0x00, 0x00, 0x0B,
0x00, 0x00, 0x00, 0x00, 0x00, 0x00, 0x00, 0x00, 0x00, 0x00, 0x0D, 0x06, 0x00, 0x00, 0x00, 0x0F,
0x00, 0x00, 0x00, 0x21, 0x00, 0x00, 0x00, 0x21, 0x00, 0x00, 0x00, 0x0B, 0x00, 0x00, 0x00, 0x00,
0x00, 0x00, 0x00, 0x00, 0x00, 0x00, 0x0D, 0x07, 0x00, 0x00, 0x00, 0x10, 0x00, 0x00, 0x00, 0x13,
0x00, 0x00, 0x00, 0x14, 0x00, 0x00, 0x00, 0x0B, 0x00, 0x00, 0x00, 0x00, 0x00, 0x00, 0x00, 0x00,
0x00, 0x00, 0x0D, 0x08, 0x00, 0x00, 0x00, 0x10, 0x00, 0x00, 0x00, 0x23, 0x00, 0x00, 0x00, 0x23,
0x00, 0x00, 0x00, 0x0B, 0x00, 0x00, 0x00, 0x00, 0x00, 0x00, 0x00, 0x00, 0x00, 0x00, 0x0D, 0x09,
0x00, 0x00, 0x00, 0x10, 0x00, 0x00, 0x00, 0x0E, 0x00, 0x00, 0x00, 0x0E, 0x00, 0x00, 0x00, 0x0B,
0x00, 0x00, 0x00, 0x00, 0x00, 0x00, 0x00, 0x00, 0x00, 0x00, 0x0D, 0x0A, 0x00, 0x00, 0x00, 0x10,
0x00, 0x00, 0x00, 0x1D, 0x00, 0x00, 0x00, 0x1D, 0x00, 0x00, 0x00, 0x0B, 0x00, 0x00, 0x00, 0x00,
0x00, 0x00, 0x00, 0x00, 0x00, 0x00, 0x0D, 0x0B, 0x00, 0x00, 0x00, 0x10, 0x00, 0x00, 0x00, 0x11,
0x00, 0x00, 0x00, 0x11, 0x00, 0x00, 0x00, 0x0B, 0x00, 0x00, 0x00, 0x00, 0x00, 0x00, 0x00, 0x00,
0x00, 0x00, 0x0D, 0x0C, 0x00, 0x00, 0x00, 0x0B, 0x00, 0x00, 0x00, 0x17, 0x00, 0x00, 0x00, 0x17,
0x00, 0x00, 0x00, 0x0B, 0x00, 0x00, 0x00, 0x00, 0x00, 0x00, 0x00, 0x00, 0x00, 0x00, 0x0D, 0x0E,
0x00, 0x00, 0x00, 0x10, 0x00, 0x00, 0x00, 0x19, 0x00, 0x00, 0x00, 0x19, 0x00, 0x00, 0x00, 0x0B,
0x00, 0x00, 0x00, 0x00, 0x00, 0x00, 0x00, 0x00, 0x00, 0x00, 0x0D, 0x0F, 0x00, 0x00, 0x00, 0x10,
0x00, 0x00, 0x00, 0x19, 0x00, 0x00, 0x00, 0x19, 0x00, 0x00, 0x00, 0x0B, 0x00, 0x00, 0x00, 0x00,
0x00, 0x00, 0x00, 0x00, 0x00, 0x00, 0x0D, 0x10, 0x00, 0x00, 0x00, 0x10, 0x00, 0x00, 0x00, 0x27,
0x00, 0x00, 0x00, 0x28, 0x00, 0x00, 0x00, 0x0B, 0x00, 0x00, 0x00, 0x00, 0x00, 0x00, 0x00, 0x00,
0x00, 0x00, 0x0D, 0x12, 0x00, 0x00, 0x00, 0x0B, 0x00, 0x00, 0x00, 0x0F, 0x00, 0x00, 0x00, 0x0F,
0x00, 0x00, 0x00, 0x0B, 0x00, 0x00, 0x00, 0x00, 0x00, 0x00, 0x00, 0x00, 0x00, 0x00, 0x0D, 0x13,
0x00, 0x00, 0x00, 0x0B, 0x00, 0x00, 0x00, 0x19, 0x00, 0x00, 0x00, 0x19, 0x00, 0x00, 0x00, 0x0B,
0x00, 0x00, 0x00, 0x00, 0x00, 0x00, 0x00, 0x00, 0x00, 0x00, 0x0D, 0x14, 0x00, 0x00, 0x00, 0x0B,
0x00, 0x00, 0x00, 0x1E, 0x00, 0x00, 0x00, 0x1E, 0x00, 0x00, 0x00, 0x0B, 0x00, 0x00, 0x00, 0x00,
0x00, 0x00, 0x00, 0x00, 0x00, 0x00, 0x0D, 0x15, 0x00, 0x00, 0x00, 0x0B, 0x00, 0x00, 0x00, 0x15,
0x00, 0x00, 0x00, 0x15, 0x00, 0x00, 0x00, 0x0B, 0x00, 0x00, 0x00, 0x00, 0x00, 0x00, 0x00, 0x00,
0x00, 0x00, 0x0D, 0x16, 0x00, 0x00, 0x00, 0x0B, 0x00, 0x00, 0x00, 0x13, 0x00, 0x00, 0x00, 0x14,
0x00, 0x00, 0x00, 0x0B, 0x00, 0x00, 0x00, 0x00, 0x00, 0x00, 0x00, 0x00, 0x00, 0x00, 0x0D, 0x17,
0x00, 0x00, 0x00, 0x0B, 0x00, 0x00, 0x00, 0x12, 0x00, 0x00, 0x00, 0x12, 0x00, 0x00, 0x00, 0x0B,
0x00, 0x00, 0x00, 0x00, 0x00, 0x00, 0x00, 0x00, 0x00, 0x00, 0x0D, 0x18, 0x00, 0x00, 0x00, 0x0B,
0x00, 0x00, 0x00, 0x1A, 0x00, 0x00, 0x00, 0x1B, 0x00, 0x00, 0x00, 0x0B, 0x00, 0x00, 0x00, 0x00,
0x00, 0x00, 0x00, 0x00, 0x00, 0x00, 0x0D, 0x19, 0x00, 0x00, 0x00, 0x0B, 0x00, 0x00, 0x00, 0x15,
0x00, 0x00, 0x00, 0x15, 0x00, 0x00, 0x00, 0x0B, 0x00, 0x00, 0x00, 0x00, 0x00, 0x00, 0x00, 0x00,
0x00, 0x00, 0x0D, 0x1A, 0x00, 0x00, 0x00, 0x0B, 0x00, 0x00, 0x00, 0x12, 0x00, 0x00, 0x00, 0x13,
0x00, 0x00, 0x00, 0x0B, 0x00, 0x00, 0x00, 0x00, 0x00, 0x00, 0x00, 0x00, 0x00, 0x00, 0x0D, 0x1B,
0x00, 0x00, 0x00, 0x0B, 0x00, 0x00, 0x00, 0x1B, 0x00, 0x00, 0x00, 0x1B, 0x00, 0x00, 0x00, 0x0B,
0x00, 0x00, 0x00, 0x00, 0x00, 0x00, 0x00, 0x00, 0x00, 0x00, 0x0D, 0x1C, 0x00, 0x00, 0x00, 0x0B,
0x00, 0x00, 0x00, 0x12, 0x00, 0x00, 0x00, 0x13, 0x00, 0x00, 0x00, 0x0B, 0x00, 0x00, 0x00, 0x00,
0x00, 0x00, 0x00, 0x00, 0x00, 0x00, 0x0D, 0x1D, 0x00, 0x00, 0x00, 0x0B, 0x00, 0x00, 0x00, 0x21,
0x00, 0x00, 0x00, 0x21, 0x00, 0x00, 0x00, 0x0B, 0x00, 0x00, 0x00, 0x00, 0x00, 0x00, 0x00, 0x00,
0x00, 0x00, 0x0D, 0x1E, 0x00, 0x00, 0x00, 0x0B, 0x00, 0x00, 0x00, 0x1D, 0x00, 0x00, 0x00, 0x1D,
0x00, 0x00, 0x00, 0x0B, 0x00, 0x00, 0x00, 0x00, 0x00, 0x00, 0x00, 0x00, 0x00, 0x00, 0x0D, 0x1F,
0x00, 0x00, 0x00, 0x0B, 0x00, 0x00, 0x00, 0x0B, 0x00, 0x00, 0x00, 0x0B, 0x00, 0x00, 0x00, 0x0B,
0x00, 0x00, 0x00, 0x00, 0x00, 0x00, 0x00, 0x00, 0x00, 0x00, 0x0D, 0x20, 0x00, 0x00, 0x00, 0x0B,
0x00, 0x00, 0x00, 0x0D, 0x00, 0x00, 0x00, 0x0D, 0x00, 0x00, 0x00, 0x0B, 0x00, 0x00, 0x00, 0x00,
0x00, 0x00, 0x00, 0x00, 0x00, 0x00, 0x0D, 0x21, 0x00, 0x00, 0x00, 0x0B, 0x00, 0x00, 0x00, 0x18,
0x00, 0x00, 0x00, 0x18, 0x00, 0x00, 0x00, 0x0B, 0x00, 0x00, 0x00, 0x00, 0x00, 0x00, 0x00, 0x00,
0x00, 0x00, 0x0D, 0x22, 0x00, 0x00, 0x00, 0x0B, 0x00, 0x00, 0x00, 0x1A, 0x00, 0x00, 0x00, 0x1B,
0x00, 0x00, 0x00, 0x0B, 0x00, 0x00, 0x00, 0x00, 0x00, 0x00, 0x00, 0x00, 0x00, 0x00, 0x0D, 0x23,
0x00, 0x00, 0x00, 0x0C, 0x00, 0x00, 0x00, 0x1B, 0x00, 0x00, 0x00, 0x1B, 0x00, 0x00, 0x00, 0x0B,
0x00, 0x00, 0x00, 0x00, 0x00, 0x00, 0x00, 0x00, 0x00, 0x00, 0x0D, 0x24, 0x00, 0x00, 0x00, 0x0B,
0x00, 0x00, 0x00, 0x14, 0x00, 0x00, 0x00, 0x14, 0x00, 0x00, 0x00, 0x0B, 0x00, 0x00, 0x00, 0x00,
0x00, 0x00, 0x00, 0x00, 0x00, 0x00, 0x0D, 0x25, 0x00, 0x00, 0x00, 0x0B, 0x00, 0x00, 0x00, 0x10,
0x00, 0x00, 0x00, 0x12, 0x00, 0x00, 0x00, 0x0B, 0x00, 0x00, 0x00, 0x01, 0x00, 0x00, 0x00, 0x00,
0x00, 0x00, 0x0D, 0x26, 0x00, 0x00, 0x00, 0x0B, 0x00, 0x00, 0x00, 0x0C, 0x00, 0x00, 0x00, 0x0D,
0x00, 0x00, 0x00, 0x0B, 0x00, 0x00, 0x00, 0x01, 0x00, 0x00, 0x00, 0x00, 0x00, 0x00, 0x0D, 0x27,
0x00, 0x00, 0x00, 0x0C, 0x00, 0x00, 0x00, 0x12, 0x00, 0x00, 0x00, 0x12, 0x00, 0x00, 0x00, 0x0C,
0x00, 0x00, 0x00, 0x00, 0x00, 0x00, 0x00, 0x00, 0x00, 0x00, 0x0D, 0x28, 0x00, 0x00, 0x00, 0x0C,
0x00, 0x00, 0x00, 0x12, 0x00, 0x00, 0x00, 0x12, 0x00, 0x00, 0x00, 0x0B, 0x00, 0x00, 0x00, 0x00,
0x00, 0x00, 0x00, 0x00, 0x00, 0x00, 0x0D, 0x29, 0x00, 0x00, 0x00, 0x0C, 0x00, 0x00, 0x00, 0x14,
0x00, 0x00, 0x00, 0x14, 0x00, 0x00, 0x00, 0x0B, 0x00, 0x00, 0x00, 0x00, 0x00, 0x00, 0x00, 0x00,
0x00, 0x00, 0x0D, 0x2A, 0x00, 0x00, 0x00, 0x0C, 0x00, 0x00, 0x00, 0x11, 0x00, 0x00, 0x00, 0x12,
0x00, 0x00, 0x00, 0x0B, 0x00, 0x00, 0x00, 0x00, 0x00, 0x00, 0x00, 0x00, 0x00, 0x00, 0x0D, 0x2B,
0x00, 0x00, 0x00, 0x0C, 0x00, 0x00, 0x00, 0x16, 0x00, 0x00, 0x00, 0x17, 0x00, 0x00, 0x00, 0x0B,
0x00, 0x00, 0x00, 0x00, 0x00, 0x00, 0x00, 0x00, 0x00, 0x00, 0x0D, 0x2C, 0x00, 0x00, 0x00, 0x0B,
0x00, 0x00, 0x00, 0x19, 0x00, 0x00, 0x00, 0x1A, 0x00, 0x00, 0x00, 0x0B, 0x00, 0x00, 0x00, 0x00,
0x00, 0x00, 0x00, 0x00, 0x00, 0x00, 0x0D, 0x2D, 0x00, 0x00, 0x00, 0x0B, 0x00, 0x00, 0x00, 0x0C,
0x00, 0x00, 0x00, 0x0D, 0x00, 0x00, 0x00, 0x0B, 0x00, 0x00, 0x00, 0x01, 0x00, 0x00, 0x00, 0x00,
0x00, 0x00, 0x0D, 0x2E, 0x00, 0x00, 0x00, 0x0B, 0x00, 0x00, 0x00, 0x0D, 0x00, 0x00, 0x00, 0x0E,
0x00, 0x00, 0x00, 0x0B, 0x00, 0x00, 0x00, 0x01, 0x00, 0x00, 0x00, 0x00, 0x00, 0x00, 0x0D, 0x2F,
0x00, 0x00, 0x00, 0x0B, 0x00, 0x00, 0x00, 0x14, 0x00, 0x00, 0x00, 0x15, 0x00, 0x00, 0x00, 0x0B,
0x00, 0x00, 0x00, 0x00, 0x00, 0x00, 0x00, 0x00, 0x00, 0x00, 0x0D, 0x30, 0x00, 0x00, 0x00, 0x0B,
0x00, 0x00, 0x00, 0x0E, 0x00, 0x00, 0x00, 0x0F, 0x00, 0x00, 0x00, 0x0B, 0x00, 0x00, 0x00, 0x00,
0x00, 0x00, 0x00, 0x00, 0x00, 0x00, 0x0D, 0x31, 0x00, 0x00, 0x00, 0x0C, 0x00, 0x00, 0x00, 0x0D,
0x00, 0x00, 0x00, 0x0D, 0x00, 0x00, 0x00, 0x0B, 0x00, 0x00, 0x00, 0x00, 0x00, 0x00, 0x00, 0x00,
0x00, 0x00, 0x0D, 0x32, 0x00, 0x00, 0x00, 0x0B, 0x00, 0x00, 0x00, 0x0F, 0x00, 0x00, 0x00, 0x11,
0x00, 0x00, 0x00, 0x0B, 0x00, 0x00, 0x00, 0x01, 0x00, 0x00, 0x00, 0x00, 0x00, 0x00, 0x0D, 0x33,
0x00, 0x00, 0x00, 0x10, 0x00, 0x00, 0x00, 0x0E, 0x00, 0x00, 0x00, 0x0E, 0x00, 0x00, 0x00, 0x0B,
0x00, 0x00, 0x00, 0x00, 0x00, 0x00, 0x00, 0x00, 0x00, 0x00, 0x0D, 0x34, 0x00, 0x00, 0x00, 0x0B,
0x00, 0x00, 0x00, 0x0D, 0x00, 0x00, 0x00, 0x0D, 0x00, 0x00, 0x00, 0x0B, 0x00, 0x00, 0x00, 0x00,
0x00, 0x00, 0x00, 0x00, 0x00, 0x00, 0x0D, 0x35, 0x00, 0x00, 0x00, 0x0C, 0x00, 0x00, 0x00, 0x12,
0x00, 0x00, 0x00, 0x13, 0x00, 0x00, 0x00, 0x0B, 0x00, 0x00, 0x00, 0x00, 0x00, 0x00, 0x00, 0x00,
0x00, 0x00, 0x0D, 0x36, 0x00, 0x00, 0x00, 0x0B, 0x00, 0x00, 0x00, 0x14, 0x00, 0x00, 0x00, 0x15,
0x00, 0x00, 0x00, 0x0B, 0x00, 0x00, 0x00, 0x00, 0x00, 0x00, 0x00, 0x00, 0x00, 0x00, 0x0D, 0x37,
0x00, 0x00, 0x00, 0x0C, 0x00, 0x00, 0x00, 0x16, 0x00, 0x00, 0x00, 0x17, 0x00, 0x00, 0x00, 0x0B,
0x00, 0x00, 0x00, 0x00, 0x00, 0x00, 0x00, 0x00, 0x00, 0x00, 0x0D, 0x38, 0x00, 0x00, 0x00, 0x0B,
0x00, 0x00, 0x00, 0x18, 0x00, 0x00, 0x00, 0x18, 0x00, 0x00, 0x00, 0x0B, 0x00, 0x00, 0x00, 0x00,
0x00, 0x00, 0x00, 0x00, 0x00, 0x00, 0x0D, 0x39, 0x00, 0x00, 0x00, 0x0C, 0x00, 0x00, 0x00, 0x17,
0x00, 0x00, 0x00, 0x18, 0x00, 0x00, 0x00, 0x0B, 0x00, 0x00, 0x00, 0x00, 0x00, 0x00, 0x00, 0x00,
0x00, 0x00, 0x0D, 0x3A, 0x00, 0x00, 0x00, 0x10, 0x00, 0x00, 0x00, 0x10, 0x00, 0x00, 0x00, 0x0F,
0x00, 0x00, 0x00, 0x0C, 0x00, 0x00, 0x00, 0x00, 0x00, 0x00, 0x00, 0x00, 0x00, 0x00, 0x0D, 0x3B,
0x00, 0x00, 0x00, 0x06, 0x00, 0x00, 0x00, 0x03, 0x00, 0x00, 0x00, 0x00, 0x00, 0x00, 0x00, 0x12,
0xFF, 0xFF, 0xFF, 0xF9, 0x00, 0x00, 0x00, 0x00, 0x00, 0x00, 0x0D, 0x3C, 0x00, 0x00, 0x00, 0x07,
0x00, 0x00, 0x00, 0x06, 0x00, 0x00, 0x00, 0x00, 0x00, 0x00, 0x00, 0x12, 0xFF, 0xFF, 0xFF, 0xFB,
0x00, 0x00, 0x00, 0x00, 0x00, 0x00, 0x0D, 0x3D, 0x00, 0x00, 0x00, 0x16, 0x00, 0x00, 0x00, 0x0E,
0x00, 0x00, 0x00, 0x09, 0x00, 0x00, 0x00, 0x10, 0xFF, 0xFF, 0xFF, 0xFE, 0x00, 0x00, 0x00, 0x00,
0x00, 0x00, 0x0D, 0x3E, 0x00, 0x00, 0x00, 0x0B, 0x00, 0x00, 0x00, 0x14, 0x00, 0x00, 0x00, 0x0A,
0x00, 0x00, 0x00, 0x0B, 0x00, 0x00, 0x00, 0x01, 0x00, 0x00, 0x00, 0x00, 0x00, 0x00, 0x0D, 0x3F,
0x00, 0x00, 0x00, 0x12, 0x00, 0x00, 0x00, 0x0E, 0x00, 0x00, 0x00, 0x05, 0x00, 0x00, 0x00, 0x12,
0x00, 0x00, 0x00, 0x01, 0x00, 0x00, 0x00, 0x00, 0x00, 0x00, 0x0D, 0x40, 0x00, 0x00, 0x00, 0x12,
0x00, 0x00, 0x00, 0x0E, 0x00, 0x00, 0x00, 0x05, 0x00, 0x00, 0x00, 0x12, 0x00, 0x00, 0x00, 0x01,
0x00, 0x00, 0x00, 0x00, 0x00, 0x00, 0x0D, 0x41, 0x00, 0x00, 0x00, 0x11, 0x00, 0x00, 0x00, 0x11,
0x00, 0x00, 0x00, 0x07, 0x00, 0x00, 0x00, 0x0B, 0x00, 0x00, 0x00, 0x01, 0x00, 0x00, 0x00, 0x00,
0x00, 0x00, 0x0D, 0x42, 0x00, 0x00, 0x00, 0x11, 0x00, 0x00, 0x00, 0x11, 0x00, 0x00, 0x00, 0x07,
0x00, 0x00, 0x00, 0x0B, 0x00, 0x00, 0x00, 0x01, 0x00, 0x00, 0x00, 0x00, 0x00, 0x00, 0x0D, 0x43,
0x00, 0x00, 0x00, 0x12, 0x00, 0x00, 0x00, 0x0F, 0x00, 0x00, 0x00, 0x05, 0x00, 0x00, 0x00, 0x0B,
0x00, 0x00, 0x00, 0x01, 0x00, 0x00, 0x00, 0x00, 0x00, 0x00, 0x0D, 0x44, 0x00, 0x00, 0x00, 0x12,
0x00, 0x00, 0x00, 0x0B, 0x00, 0x00, 0x00, 0x05, 0x00, 0x00, 0x00, 0x0B, 0xFF, 0xFF, 0xFF, 0xFA,
0x00, 0x00, 0x00, 0x00, 0x00, 0x00, 0x0D, 0x46, 0x00, 0x00, 0x00, 0x0B, 0x00, 0x00, 0x00, 0x19,
0x00, 0x00, 0x00, 0x0E, 0x00, 0x00, 0x00, 0x0B, 0x00, 0x00, 0x00, 0x00, 0x00, 0x00, 0x00, 0x00,
0x00, 0x00, 0x0D, 0x47, 0x00, 0x00, 0x00, 0x0B, 0x00, 0x00, 0x00, 0x17, 0x00, 0x00, 0x00, 0x0C,
0x00, 0x00, 0x00, 0x0B, 0x00, 0x00, 0x00, 0x00, 0x00, 0x00, 0x00, 0x00, 0x00, 0x00, 0x0D, 0x48,
0x00, 0x00, 0x00, 0x0B, 0x00, 0x00, 0x00, 0x28, 0x00, 0x00, 0x00, 0x1D, 0x00, 0x00, 0x00, 0x0B,
0x00, 0x00, 0x00, 0x00, 0x00, 0x00, 0x00, 0x00, 0x00, 0x00, 0x0D, 0x4A, 0x00, 0x00, 0x00, 0x0B,
0x00, 0x00, 0x00, 0x23, 0x00, 0x00, 0x00, 0x1D, 0x00, 0x00, 0x00, 0x0B, 0x00, 0x00, 0x00, 0x00,
0x00, 0x00, 0x00, 0x00, 0x00, 0x00, 0x0D, 0x4B, 0x00, 0x00, 0x00, 0x0B, 0x00, 0x00, 0x00, 0x21,
0x00, 0x00, 0x00, 0x1A, 0x00, 0x00, 0x00, 0x0B, 0x00, 0x00, 0x00, 0x00, 0x00, 0x00, 0x00, 0x00,
0x00, 0x00, 0x0D, 0x4C, 0x00, 0x00, 0x00, 0x0B, 0x00, 0x00, 0x00, 0x28, 0x00, 0x00, 0x00, 0x22,
0x00, 0x00, 0x00, 0x0B, 0x00, 0x00, 0x00, 0x00, 0x00, 0x00, 0x00, 0x00, 0x00, 0x00, 0x0D, 0x4D,
0x00, 0x00, 0x00, 0x10, 0x00, 0x00, 0x00, 0x0C, 0x00, 0x00, 0x00, 0x00, 0x00, 0x00, 0x00, 0x11,
0x00, 0x00, 0x00, 0x01, 0x00, 0x00, 0x00, 0x00, 0x00, 0x00, 0x0D, 0x4E, 0x00, 0x00, 0x00, 0x04,
0x00, 0x00, 0x00, 0x03, 0x00, 0x00, 0x00, 0x00, 0x00, 0x00, 0x00, 0x11, 0xFF, 0xFF, 0xFF, 0xF9,
0x00, 0x00, 0x00, 0x00, 0x00, 0x00, 0x0D, 0x4F, 0x00, 0x00, 0x00, 0x10, 0x00, 0x00, 0x00, 0x18,
0x00, 0x00, 0x00, 0x19, 0x00, 0x00, 0x00, 0x0B, 0x00, 0x00, 0x00, 0x00, 0x00, 0x00, 0x00, 0x00,
0x00, 0x00, 0x0D, 0x54, 0x00, 0x00, 0x00, 0x11, 0x00, 0x00, 0x00, 0x0C, 0x00, 0x00, 0x00, 0x0D,
0x00, 0x00, 0x00, 0x11, 0x00, 0x00, 0x00, 0x01, 0x00, 0x00, 0x00, 0x00, 0x00, 0x00, 0x0D, 0x55,
0x00, 0x00, 0x00, 0x11, 0x00, 0x00, 0x00, 0x14, 0x00, 0x00, 0x00, 0x15, 0x00, 0x00, 0x00, 0x11,
0x00, 0x00, 0x00, 0x00, 0x00, 0x00, 0x00, 0x00, 0x00, 0x00, 0x0D, 0x56, 0x00, 0x00, 0x00, 0x11,
0x00, 0x00, 0x00, 0x0E, 0x00, 0x00, 0x00, 0x0F, 0x00, 0x00, 0x00, 0x11, 0x00, 0x00, 0x00, 0x00,
0x00, 0x00, 0x00, 0x00, 0x00, 0x00, 0x0D, 0x57, 0x00, 0x00, 0x00, 0x0B, 0x00, 0x00, 0x00, 0x19,
0x00, 0x00, 0x00, 0x0F, 0x00, 0x00, 0x00, 0x0B, 0x00, 0x00, 0x00, 0x01, 0x00, 0x00, 0x00, 0x00,
0x00, 0x00, 0x0D, 0x58, 0x00, 0x00, 0x00, 0x12, 0x00, 0x00, 0x00, 0x18, 0x00, 0x00, 0x00, 0x18,
0x00, 0x00, 0x00, 0x12, 0x00, 0x00, 0x00, 0x00, 0x00, 0x00, 0x00, 0x00, 0x00, 0x00, 0x0D, 0x59,
0x00, 0x00, 0x00, 0x0B, 0x00, 0x00, 0x00, 0x17, 0x00, 0x00, 0x00, 0x17, 0x00, 0x00, 0x00, 0x0B,
0x00, 0x00, 0x00, 0x00, 0x00, 0x00, 0x00, 0x00, 0x00, 0x00, 0x0D, 0x5A, 0x00, 0x00, 0x00, 0x0C,
0x00, 0x00, 0x00, 0x15, 0x00, 0x00, 0x00, 0x15, 0x00, 0x00, 0x00, 0x0B, 0x00, 0x00, 0x00, 0x00,
0x00, 0x00, 0x00, 0x00, 0x00, 0x00, 0x0D, 0x5B, 0x00, 0x00, 0x00, 0x0C, 0x00, 0x00, 0x00, 0x12,
0x00, 0x00, 0x00, 0x13, 0x00, 0x00, 0x00, 0x0C, 0x00, 0x00, 0x00, 0x01, 0x00, 0x00, 0x00, 0x00,
0x00, 0x00, 0x0D, 0x5C, 0x00, 0x00, 0x00, 0x0B, 0x00, 0x00, 0x00, 0x1E, 0x00, 0x00, 0x00, 0x1E,
0x00, 0x00, 0x00, 0x0B, 0x00, 0x00, 0x00, 0x00, 0x00, 0x00, 0x00, 0x00, 0x00, 0x00, 0x0D, 0x5D,
0x00, 0x00, 0x00, 0x0B, 0x00, 0x00, 0x00, 0x28, 0x00, 0x00, 0x00, 0x28, 0x00, 0x00, 0x00, 0x0B,
0x00, 0x00, 0x00, 0x00, 0x00, 0x00, 0x00, 0x00, 0x00, 0x00, 0x0D, 0x5E, 0x00, 0x00, 0x00, 0x0B,
0x00, 0x00, 0x00, 0x1B, 0x00, 0x00, 0x00, 0x1C, 0x00, 0x00, 0x00, 0x0B, 0x00, 0x00, 0x00, 0x00,
0x00, 0x00, 0x00, 0x00, 0x00, 0x00, 0x0D, 0x5F, 0x00, 0x00, 0x00, 0x0B, 0x00, 0x00, 0x00, 0x1B,
0x00, 0x00, 0x00, 0x1B, 0x00, 0x00, 0x00, 0x0B, 0x00, 0x00, 0x00, 0x00, 0x00, 0x00, 0x00, 0x00,
0x00, 0x00, 0x0D, 0x60, 0x00, 0x00, 0x00, 0x10, 0x00, 0x00, 0x00, 0x11, 0x00, 0x00, 0x00, 0x11,
0x00, 0x00, 0x00, 0x0B, 0x00, 0x00, 0x00, 0x00, 0x00, 0x00, 0x00, 0x00, 0x00, 0x00, 0x0D, 0x61,
0x00, 0x00, 0x00, 0x0F, 0x00, 0x00, 0x00, 0x1A, 0x00, 0x00, 0x00, 0x1A, 0x00, 0x00, 0x00, 0x0B,
0x00, 0x00, 0x00, 0x00, 0x00, 0x00, 0x00, 0x00, 0x00, 0x00, 0x0D, 0x62, 0x00, 0x00, 0x00, 0x09,
0x00, 0x00, 0x00, 0x10, 0x00, 0x00, 0x00, 0x00, 0x00, 0x00, 0x00, 0x01, 0xFF, 0xFF, 0xFF, 0xF0,
0x00, 0x00, 0x00, 0x00, 0x00, 0x00, 0x0D, 0x63, 0x00, 0x00, 0x00, 0x09, 0x00, 0x00, 0x00, 0x12,
0x00, 0x00, 0x00, 0x00, 0x00, 0x00, 0x00, 0x01, 0xFF, 0xFF, 0xFF, 0xF0, 0x00, 0x00, 0x00, 0x00,
0x00, 0x00, 0x0D, 0x66, 0x00, 0x00, 0x00, 0x0B, 0x00, 0x00, 0x00, 0x0B, 0x00, 0x00, 0x00, 0x0C,
0x00, 0x00, 0x00, 0x0B, 0x00, 0x00, 0x00, 0x00, 0x00, 0x00, 0x00, 0x00, 0x00, 0x00, 0x0D, 0x67,
0x00, 0x00, 0x00, 0x10, 0x00, 0x00, 0x00, 0x11, 0x00, 0x00, 0x00, 0x12, 0x00, 0x00, 0x00, 0x0B,
0x00, 0x00, 0x00, 0x00, 0x00, 0x00, 0x00, 0x00, 0x00, 0x00, 0x0D, 0x68, 0x00, 0x00, 0x00, 0x0C,
0x00, 0x00, 0x00, 0x11, 0x00, 0x00, 0x00, 0x11, 0x00, 0x00, 0x00, 0x0B, 0x00, 0x00, 0x00, 0x00,
0x00, 0x00, 0x00, 0x00, 0x00, 0x00, 0x0D, 0x69, 0x00, 0x00, 0x00, 0x0C, 0x00, 0x00, 0x00, 0x16,
0x00, 0x00, 0x00, 0x16, 0x00, 0x00, 0x00, 0x0B, 0x00, 0x00, 0x00, 0x00, 0x00, 0x00, 0x00, 0x00,
0x00, 0x00, 0x0D, 0x6A, 0x00, 0x00, 0x00, 0x0F, 0x00, 0x00, 0x00, 0x10, 0x00, 0x00, 0x00, 0x10,
0x00, 0x00, 0x00, 0x0F, 0x00, 0x00, 0x00, 0x00, 0x00, 0x00, 0x00, 0x00, 0x00, 0x00, 0x0D, 0x6B,
0x00, 0x00, 0x00, 0x13, 0x00, 0x00, 0x00, 0x13, 0x00, 0x00, 0x00, 0x13, 0x00, 0x00, 0x00, 0x0F,
0x00, 0x00, 0x00, 0x00, 0x00, 0x00, 0x00, 0x00, 0x00, 0x00, 0x0D, 0x6C, 0x00, 0x00, 0x00, 0x10,
0x00, 0x00, 0x00, 0x18, 0x00, 0x00, 0x00, 0x18, 0x00, 0x00, 0x00, 0x0B, 0x00, 0x00, 0x00, 0x00,
0x00, 0x00, 0x00, 0x00, 0x00, 0x00, 0x0D, 0x6D, 0x00, 0x00, 0x00, 0x0F, 0x00, 0x00, 0x00, 0x0E,
0x00, 0x00, 0x00, 0x0F, 0x00, 0x00, 0x00, 0x0B, 0x00, 0x00, 0x00, 0x00, 0x00, 0x00, 0x00, 0x00,
0x00, 0x00, 0x0D, 0x6E, 0x00, 0x00, 0x00, 0x10, 0x00, 0x00, 0x00, 0x12, 0x00, 0x00, 0x00, 0x13,
0x00, 0x00, 0x00, 0x0B, 0x00, 0x00, 0x00, 0x00, 0x00, 0x00, 0x00, 0x00, 0x00, 0x00, 0x0D, 0x6F,
0x00, 0x00, 0x00, 0x0F, 0x00, 0x00, 0x00, 0x17, 0x00, 0x00, 0x00, 0x16, 0x00, 0x00, 0x00, 0x0F,
0x00, 0x00, 0x00, 0x00, 0x00, 0x00, 0x00, 0x00, 0x00, 0x00, 0x0D, 0x70, 0x00, 0x00, 0x00, 0x10,
0x00, 0x00, 0x00, 0x16, 0x00, 0x00, 0x00, 0x16, 0x00, 0x00, 0x00, 0x0C, 0xFF, 0xFF, 0xFF, 0xFF,
0x00, 0x00, 0x00, 0x00, 0x00, 0x00, 0x0D, 0x71, 0x00, 0x00, 0x00, 0x10, 0x00, 0x00, 0x00, 0x12,
0x00, 0x00, 0x00, 0x12, 0x00, 0x00, 0x00, 0x0B, 0x00, 0x00, 0x00, 0x00, 0x00, 0x00, 0x00, 0x00,
0x00, 0x00, 0x0D, 0x72, 0x00, 0x00, 0x00, 0x0B, 0x00, 0x00, 0x00, 0x1C, 0x00, 0x00, 0x00, 0x1C,
0x00, 0x00, 0x00, 0x0B, 0x00, 0x00, 0x00, 0x00, 0x00, 0x00, 0x00, 0x00, 0x00, 0x00, 0x0D, 0x73,
0x00, 0x00, 0x00, 0x0B, 0x00, 0x00, 0x00, 0x10, 0x00, 0x00, 0x00, 0x10, 0x00, 0x00, 0x00, 0x0B,
0x00, 0x00, 0x00, 0x00, 0x00, 0x00, 0x00, 0x00, 0x00, 0x00, 0x0D, 0x74, 0x00, 0x00, 0x00, 0x10,
0x00, 0x00, 0x00, 0x12, 0x00, 0x00, 0x00, 0x12, 0x00, 0x00, 0x00, 0x10, 0x00, 0x00, 0x00, 0x00,
0x00, 0x00, 0x00, 0x00, 0x00, 0x00, 0x0D, 0x75, 0x00, 0x00, 0x00, 0x0F, 0x00, 0x00, 0x00, 0x19,
0x00, 0x00, 0x00, 0x19, 0x00, 0x00, 0x00, 0x0F, 0x00, 0x00, 0x00, 0x00, 0x00, 0x00, 0x00, 0x00,
0x00, 0x00, 0x0D, 0x76, 0x00, 0x00, 0x00, 0x0C, 0x00, 0x00, 0x00, 0x1B, 0x00, 0x00, 0x00, 0x1C,
0x00, 0x00, 0x00, 0x0B, 0x00, 0x00, 0x00, 0x00, 0x00, 0x00, 0x00, 0x00, 0x00, 0x00, 0x0D, 0x77,
0x00, 0x00, 0x00, 0x0B, 0x00, 0x00, 0x00, 0x22, 0x00, 0x00, 0x00, 0x22, 0x00, 0x00, 0x00, 0x0B,
0x00, 0x00, 0x00, 0x00, 0x00, 0x00, 0x00, 0x00, 0x00, 0x00, 0x0D, 0x78, 0x00, 0x00, 0x00, 0x0B,
0x00, 0x00, 0x00, 0x28, 0x00, 0x00, 0x00, 0x2C, 0x00, 0x00, 0x00, 0x0B, 0x00, 0x00, 0x00, 0x00,
0x00, 0x00, 0x00, 0x00, 0x00, 0x00, 0x0D, 0x79, 0x00, 0x00, 0x00, 0x0B, 0x00, 0x00, 0x00, 0x17,
0x00, 0x00, 0x00, 0x17, 0x00, 0x00, 0x00, 0x0B, 0x00, 0x00, 0x00, 0x00, 0x00, 0x00, 0x00, 0x00,
0x00, 0x00, 0x0D, 0x7A, 0x00, 0x00, 0x00, 0x11, 0x00, 0x00, 0x00, 0x1E, 0x00, 0x00, 0x00, 0x1E,
0x00, 0x00, 0x00, 0x11, 0x00, 0x00, 0x00, 0x00, 0x00, 0x00, 0x00, 0x00, 0x00, 0x00, 0x0D, 0x7B,
0x00, 0x00, 0x00, 0x11, 0x00, 0x00, 0x00, 0x15, 0x00, 0x00, 0x00, 0x15, 0x00, 0x00, 0x00, 0x11,
0x00, 0x00, 0x00, 0x00, 0x00, 0x00, 0x00, 0x00, 0x00, 0x00, 0x0D, 0x7C, 0x00, 0x00, 0x00, 0x11,
0x00, 0x00, 0x00, 0x0E, 0x00, 0x00, 0x00, 0x0F, 0x00, 0x00, 0x00, 0x11, 0x00, 0x00, 0x00, 0x00,
0x00, 0x00, 0x00, 0x00, 0x00, 0x00, 0x0D, 0x7D, 0x00, 0x00, 0x00, 0x11, 0x00, 0x00, 0x00, 0x18,
0x00, 0x00, 0x00, 0x18, 0x00, 0x00, 0x00, 0x11, 0x00, 0x00, 0x00, 0x00, 0x00, 0x00, 0x00, 0x00,
0x00, 0x00, 0x0D, 0x7E, 0x00, 0x00, 0x00, 0x11, 0x00, 0x00, 0x00, 0x15, 0x00, 0x00, 0x00, 0x15,
0x00, 0x00, 0x00, 0x11, 0x00, 0x00, 0x00, 0x00, 0x00, 0x00, 0x00, 0x00, 0x00, 0x00, 0x0D, 0x7F,
0x00, 0x00, 0x00, 0x11, 0x00, 0x00, 0x00, 0x18, 0x00, 0x00, 0x00, 0x18, 0x00, 0x00, 0x00, 0x11,
0x00, 0x00, 0x00, 0x00, 0x00, 0x00, 0x00, 0x00, 0x5A, 0xFF, 0xBD, 0x4D, 0xFF, 0xB0, 0x40, 0xFF,
0xA3, 0x33, 0xFF, 0x96, 0x27, 0xFF, 0x89, 0x1A, 0xFF, 0x7D, 0x0D, 0xFF, 0x70, 0x01, 0xFE, 0x63,
0x00, 0xF3, 0x56, 0x00, 0xE6, 0x4A, 0x00, 0x00, 0x00, 0x32, 0xC9, 0x74, 0x87, 0xFF, 0xE2, 0x44,
0xF1, 0x95, 0x8C, 0xFF, 0x92, 0x0B, 0xFF, 0xFF, 0x12, 0x72, 0xFF, 0x79, 0x00, 0xF2, 0xF8, 0x00,
0x58, 0xFF, 0x5F, 0x00, 0xD8, 0xDF, 0x00, 0x3F, 0xFF, 0x46, 0x00, 0xBF, 0xC6, 0x00, 0x25, 0xFF,
0x2C, 0x00, 0xA5, 0xAC, 0x00, 0x00, 0x00, 0x00, 0x00, 0x27, 0xFF, 0x4C, 0x00, 0x00, 0xDF, 0x94,
0x00, 0x00, 0x00, 0x00, 0x00, 0x00, 0x5B, 0xFF, 0x17, 0x00, 0x13, 0xFF, 0x5F, 0x00, 0x00, 0x00,
0x00, 0x00, 0x00, 0x90, 0xE1, 0x00, 0x00, 0x48, 0xFF, 0x29, 0x00, 0x00, 0x00, 0x1B, 0x24, 0x24,
0xCA, 0xBA, 0x24, 0x24, 0x8C, 0xF6, 0x25, 0x24, 0x0F, 0x00, 0xC4, 0xFF, 0xFF, 0xFF, 0xFF, 0xFF,
0xFF, 0xFF, 0xFF, 0xFF, 0xFF, 0x6C, 0x00, 0x3D, 0x50, 0x68, 0xFF, 0x81, 0x50, 0x50, 0xE9, 0xB3,
0x50, 0x50, 0x21, 0x00, 0x00, 0x00, 0x4A, 0xFF, 0x21, 0x00, 0x08, 0xFC, 0x6B, 0x00, 0x00, 0x00,
0x00, 0x00, 0x00, 0x77, 0xF3, 0x01, 0x00, 0x31, 0xFF, 0x3F, 0x00, 0x00, 0x00, 0x12, 0x24, 0x24,
0xAE, 0xD2, 0x24, 0x24, 0x70, 0xFF, 0x37, 0x24, 0x19, 0x00, 0x80, 0xFF, 0xFF, 0xFF, 0xFF, 0xFF,
0xFF, 0xFF, 0xFF, 0xFF, 0xFF, 0xB8, 0x00, 0x28, 0x50, 0x56, 0xFE, 0x97, 0x50, 0x50, 0xD6, 0xC9,
0x50, 0x50, 0x39, 0x00, 0x00, 0x00, 0x37, 0xFF, 0x39, 0x00, 0x01, 0xF0, 0x80, 0x00, 0x00, 0x00,
0x00, 0x00, 0x00, 0x70, 0xFA, 0x08, 0x00, 0x29, 0xFF, 0x48, 0x00, 0x00, 0x00, 0x00, 0x00, 0x00,
0xA8, 0xCB, 0x00, 0x00, 0x60, 0xFE, 0x11, 0x00, 0x00, 0x00, 0x00, 0x00, 0x00, 0x00, 0x00, 0xF0,
0x58, 0x00, 0x00, 0x00, 0x00, 0x00, 0x00, 0x00, 0x0C, 0xF1, 0x66, 0x02, 0x00, 0x00, 0x00, 0x00,
0x5B, 0xDC, 0xFF, 0xFF, 0xFF, 0xFB, 0xD2, 0x6D, 0x00, 0x53, 0xFF, 0xE8, 0x8E, 0xF7, 0xA5, 0x97,
0xD9, 0x88, 0x00, 0xB0, 0xFF, 0x22, 0x00, 0xF0, 0x58, 0x00, 0x00, 0x05, 0x00, 0xB4, 0xFD, 0x0B,
0x00, 0xF0, 0x58, 0x00, 0x00, 0x00, 0x00, 0x75, 0xFF, 0xAB, 0x21, 0xF0, 0x58, 0x00, 0x00, 0x00,
0x00, 0x05, 0xB9, 0xFF, 0xFF, 0xFF, 0x96, 0x1A, 0x00, 0x00, 0x00, 0x00, 0x01, 0x51, 0xB5, 0xFE,
0xFF, 0xFC, 0xA5, 0x18, 0x00, 0x00, 0x00, 0x00, 0x00, 0xF0, 0x9E, 0xB8, 0xFF, 0xD6, 0x04, 0x00,
0x00, 0x00, 0x00, 0xF0, 0x58, 0x00, 0x9D, 0xFF, 0x3C, 0x00, 0x00, 0x00, 0x00, 0xF0, 0x58, 0x00,
0x7C, 0xFF, 0x43, 0x84, 0x62, 0x2F, 0x10, 0xF0, 0x72, 0x64, 0xEF, 0xE9, 0x0B, 0xC1, 0xFF, 0xFF,
0xFF, 0xFF, 0xFF, 0xFF, 0xD3, 0x34, 0x00, 0x0C, 0x4C, 0x70, 0x85, 0xF8, 0x9D, 0x3B, 0x03, 0x00,
0x00, 0x00, 0x00, 0x00, 0x00, 0xF0, 0x58, 0x00, 0x00, 0x00, 0x00, 0x00, 0x00, 0x00, 0x00, 0x74,
0x2A, 0x00, 0x00, 0x00, 0x00, 0x08, 0xA1, 0xF4, 0xEA, 0x7D, 0x00, 0x00, 0x00, 0x00, 0x00, 0xC7,
0xC3, 0x00, 0x00, 0x00, 0x86, 0xFE, 0x96, 0xAC, 0xFF, 0x50, 0x00, 0x00, 0x00, 0x59, 0xFE, 0x34,
0x00, 0x00, 0x00, 0xDA, 0xAD, 0x00, 0x00, 0xD2, 0xB3, 0x00, 0x00, 0x08, 0xE1, 0xA1, 0x00, 0x00,
0x00, 0x00, 0xFC, 0x7B, 0x00, 0x00, 0x9E, 0xD5, 0x00, 0x00, 0x7B, 0xF5, 0x1B, 0x00, 0x00, 0x00,
0x00, 0xF9, 0x77, 0x00, 0x00, 0x98, 0xDD, 0x00, 0x18, 0xF3, 0x7F, 0x02, 0x1C, 0x08, 0x00, 0x00,
0xDF, 0x96, 0x00, 0x00, 0xBB, 0xC2, 0x00, 0x9D, 0xE4, 0x38, 0xDF, 0xFF, 0xF3, 0x5B, 0x00, 0x96,
0xEE, 0x45, 0x5D, 0xFB, 0x79, 0x30, 0xFD, 0x5D, 0xCA, 0xE5, 0x64, 0xBA, 0xF9, 0x1C, 0x1E, 0xE1,
0xFF, 0xFF, 0xD1, 0x10, 0xBE, 0xCB, 0x1B, 0xFF, 0x6C, 0x00, 0x16, 0xFD, 0x6E, 0x00, 0x09, 0x43,
0x3D, 0x04, 0x4F, 0xFF, 0x3D, 0x3D, 0xFF, 0x3E, 0x00, 0x00, 0xE1, 0x96, 0x00, 0x00, 0x00, 0x00,
0x05, 0xDA, 0xAB, 0x00, 0x45, 0xFF, 0x33, 0x00, 0x00, 0xD4, 0xA0, 0x00, 0x00, 0x00, 0x00, 0x71,
0xF8, 0x22, 0x00, 0x37, 0xFF, 0x42, 0x00, 0x00, 0xE5, 0x94, 0x00, 0x00, 0x00, 0x13, 0xEE, 0x89,
0x00, 0x00, 0x0F, 0xFC, 0x78, 0x00, 0x23, 0xFF, 0x6A, 0x00, 0x00, 0x00, 0x93, 0xEA, 0x0E, 0x00,
0x00, 0x00, 0xAD, 0xF1, 0x87, 0xD2, 0xF6, 0x19, 0x00, 0x00, 0x28, 0xFB, 0x68, 0x00, 0x00, 0x00,
0x00, 0x15, 0xB6, 0xF8, 0xDC, 0x4B, 0x00, 0x00, 0x00, 0x3E, 0xBD, 0xEC, 0xF0, 0xC2, 0x40, 0x00,
0x00, 0x00, 0x00, 0x00, 0x00, 0x00, 0x2E, 0xF8, 0xEB, 0x8A, 0x89, 0xEE, 0xF7, 0x2A, 0x00, 0x00,
0x00, 0x00, 0x00, 0x00, 0x7F, 0xFF, 0x44, 0x00, 0x00, 0x57, 0xFF, 0x76, 0x00, 0x00, 0x00, 0x00,
0x00, 0x00, 0x85, 0xFF, 0x35, 0x00, 0x00, 0x50, 0xFF, 0x71, 0x00, 0x00, 0x00, 0x00, 0x00, 0x00,
0x33, 0xFE, 0xAD, 0x00, 0x1A, 0xD6, 0xF1, 0x1B, 0x00, 0x00, 0x00, 0x00, 0x00, 0x00, 0x00, 0x7E,
0xFF, 0xAF, 0xED, 0xE7, 0x38, 0x00, 0x00, 0x00, 0x00, 0x00, 0x00, 0x00, 0x00, 0x52, 0xFB, 0xFF,
0xEC, 0x17, 0x00, 0x00, 0x00, 0x00, 0x00, 0x00, 0x00, 0x03, 0x98, 0xFF, 0xA5, 0x7E, 0xFF, 0xB8,
0x0A, 0x00, 0x00, 0x3A, 0xFF, 0x8B, 0x00, 0x73, 0xFF, 0x8D, 0x00, 0x00, 0x6F, 0xFF, 0xC4, 0x10,
0x00, 0x8E, 0xFF, 0x32, 0x00, 0xD1, 0xFC, 0x0A, 0x00, 0x00, 0x00, 0x67, 0xFE, 0xD0, 0x38, 0xF6,
0xCC, 0x00, 0x00, 0xE8, 0xF5, 0x02, 0x00, 0x00, 0x00, 0x00, 0x60, 0xFD, 0xFE, 0xF9, 0x36, 0x00,
0x00, 0xBD, 0xFF, 0x56, 0x00, 0x00, 0x00, 0x00, 0x37, 0xE6, 0xFF, 0xEA, 0x27, 0x00, 0x00, 0x3B,
0xF8, 0xFC, 0xA9, 0x7C, 0x87, 0xC1, 0xFF, 0xE0, 0x74, 0xF8, 0xE7, 0x29, 0x00, 0x00, 0x27, 0xA2,
0xDD, 0xF9, 0xED, 0xC3, 0x6F, 0x09, 0x00, 0x4C, 0xF9, 0xE9, 0x2C, 0x8C, 0xFF, 0x92, 0x72, 0xFF,
0x79, 0x58, 0xFF, 0x5F, 0x3F, 0xFF, 0x46, 0x25, 0xFF, 0x2C, 0x00, 0x00, 0x00, 0x86, 0xFC, 0x28,
0x00, 0x00, 0x20, 0xF7, 0x9F, 0x00, 0x00, 0x00, 0x9C, 0xFF, 0x24, 0x00, 0x00, 0x08, 0xF1, 0xC8,
0x00, 0x00, 0x00, 0x56, 0xFF, 0x71, 0x00, 0x00, 0x00, 0x98, 0xFF, 0x2F, 0x00, 0x00, 0x00, 0xCB,
0xF8, 0x04, 0x00, 0x00, 0x02, 0xF8, 0xCD, 0x00, 0x00, 0x00, 0x11, 0xFF, 0xB7, 0x00, 0x00, 0x00,
0x21, 0xFF, 0xA6, 0x00, 0x00, 0x00, 0x2C, 0xFF, 0x9B, 0x00, 0x00, 0x00, 0x1F, 0xFF, 0xA8, 0x00,
0x00, 0x00, 0x0E, 0xFF, 0xB8, 0x00, 0x00, 0x00, 0x01, 0xF4, 0xD2, 0x00, 0x00, 0x00, 0x00, 0xC5,
0xFA, 0x07, 0x00, 0x00, 0x00, 0x92, 0xFF, 0x32, 0x00, 0x00, 0x00, 0x4F, 0xFF, 0x77, 0x00, 0x00,
0x00, 0x06, 0xEE, 0xCD, 0x00, 0x00, 0x00, 0x00, 0x96, 0xFF, 0x27, 0x00, 0x00, 0x00, 0x1D, 0xF6,
0xA2, 0x00, 0x00, 0x00, 0x00, 0x84, 0xFD, 0x29, 0x23, 0xFB, 0x8A, 0x00, 0x00, 0x00, 0x00, 0x9B,
0xF8, 0x20, 0x00, 0x00, 0x00, 0x21, 0xFE, 0x9A, 0x00, 0x00, 0x00, 0x00, 0xC7, 0xEF, 0x07, 0x00,
0x00, 0x00, 0x72, 0xFF, 0x51, 0x00, 0x00, 0x00, 0x2E, 0xFF, 0x94, 0x00, 0x00, 0x00, 0x05, 0xF8,
0xC7, 0x00, 0x00, 0x00, 0x00, 0xCE, 0xF6, 0x02, 0x00, 0x00, 0x00, 0xB5, 0xFF, 0x11, 0x00, 0x00,
0x00, 0xA5, 0xFF, 0x22, 0x00, 0x00, 0x00, 0x98, 0xFF, 0x2F, 0x00, 0x00, 0x00, 0xA3, 0xFF, 0x24,
0x00, 0x00, 0x00, 0xB4, 0xFF, 0x14, 0x00, 0x00, 0x00, 0xCB, 0xFA, 0x04, 0x00, 0x00, 0x04, 0xF7,
0xCE, 0x00, 0x00, 0x00, 0x2F, 0xFF, 0x9B, 0x00, 0x00, 0x00, 0x70, 0xFF, 0x5A, 0x00, 0x00, 0x00,
0xC7, 0xF3, 0x0A, 0x00, 0x00, 0x20, 0xFE, 0xA0, 0x00, 0x00, 0x00, 0x9A, 0xF9, 0x24, 0x00, 0x00,
0x22, 0xFB, 0x8C, 0x00, 0x00, 0x00, 0x00, 0x00, 0x00, 0x00, 0x73, 0xFF, 0x71, 0x00, 0x00, 0x00,
0x00, 0x00, 0x00, 0x00, 0x00, 0x57, 0xFF, 0x56, 0x00, 0x00, 0x00, 0x00, 0x00, 0x16, 0x00, 0x00,
0x3B, 0xFF, 0x3A, 0x00, 0x00, 0x16, 0x00, 0x09, 0xFD, 0xCF, 0x87, 0x5B, 0xFF, 0x5A, 0x87, 0xCF,
0xFD, 0x08, 0x1A, 0xBA, 0xCD, 0xE1, 0xF7, 0xFF, 0xF6, 0xE0, 0xCD, 0xBA, 0x1A, 0x00, 0x00, 0x00,
0x0C, 0xD9, 0xE1, 0xD4, 0x0A, 0x00, 0x00, 0x00, 0x00, 0x00, 0x00, 0xA7, 0xF6, 0x27, 0xF5, 0xA2,
0x00, 0x00, 0x00, 0x00, 0x00, 0x69, 0xFF, 0x96, 0x00, 0x94, 0xFF, 0x67, 0x00, 0x00, 0x00, 0x00,
0x5B, 0xE0, 0x24, 0x00, 0x22, 0xE0, 0x5B, 0x00, 0x00, 0x00, 0x00, 0x00, 0x03, 0x00, 0x00, 0x00,
0x03, 0x00, 0x00, 0x00, 0x00, 0x00, 0x00, 0x00, 0xFF, 0x70, 0x00, 0x00, 0x00, 0x00, 0x00, 0x00,
0x00, 0x00, 0xFF, 0x70, 0x00, 0x00, 0x00, 0x00, 0x00, 0x00, 0x00, 0x00, 0xFF, 0x70, 0x00, 0x00,
0x00, 0x00, 0x00, 0x00, 0x00, 0x00, 0xFF, 0x70, 0x00, 0x00, 0x00, 0x00, 0x23, 0x24, 0x24, 0x24,
0xFF, 0x84, 0x24, 0x24, 0x24, 0x0F, 0xFC, 0xFF, 0xFF, 0xFF, 0xFF, 0xFF, 0xFF, 0xFF, 0xFF, 0x6C,
0x4E, 0x50, 0x50, 0x50, 0xFF, 0x9D, 0x50, 0x50, 0x50, 0x21, 0x00, 0x00, 0x00, 0x00, 0xFF, 0x70,
0x00, 0x00, 0x00, 0x00, 0x00, 0x00, 0x00, 0x00, 0xFF, 0x70, 0x00, 0x00, 0x00, 0x00, 0x00, 0x00,
0x00, 0x00, 0xFF, 0x70, 0x00, 0x00, 0x00, 0x00, 0x00, 0x7C, 0xFF, 0x92, 0x00, 0xA6, 0xFF, 0x47,
0x00, 0xD8, 0xEF, 0x06, 0x0F, 0xFE, 0x90, 0x00, 0x45, 0xFF, 0x28, 0x00, 0x07, 0x24, 0x24, 0x24,
0x24, 0x17, 0x34, 0xFF, 0xFF, 0xFF, 0xFF, 0xA4, 0x10, 0x50, 0x50, 0x50, 0x50, 0x33, 0x34, 0xC9,
0x78, 0x87, 0xFF, 0xE3, 0x46, 0xF1, 0x98, 0x00, 0x00, 0x00, 0x00, 0x00, 0x65, 0xFF, 0x4F, 0x00,
0x00, 0x00, 0x00, 0x00, 0xA5, 0xFD, 0x11, 0x00, 0x00, 0x00, 0x00, 0x00, 0xE5, 0xCD, 0x00, 0x00,
0x00, 0x00, 0x00, 0x27, 0xFF, 0x8C, 0x00, 0x00, 0x00, 0x00, 0x00, 0x68, 0xFF, 0x4C, 0x00, 0x00,
0x00, 0x00, 0x00, 0xA8, 0xFC, 0x0F, 0x00, 0x00, 0x00, 0x00, 0x00, 0xE8, 0xCA, 0x00, 0x00, 0x00,
0x00, 0x00, 0x2A, 0xFF, 0x89, 0x00, 0x00, 0x00, 0x00, 0x00, 0x6B, 0xFF, 0x49, 0x00, 0x00, 0x00,
0x00, 0x00, 0xAB, 0xFB, 0x0D, 0x00, 0x00, 0x00, 0x00, 0x01, 0xEA, 0xC7, 0x00, 0x00, 0x00, 0x00,
0x00, 0x2D, 0xFF, 0x86, 0x00, 0x00, 0x00, 0x00, 0x00, 0x6E, 0xFF, 0x46, 0x00, 0x00, 0x00, 0x00,
0x00, 0xAE, 0xFA, 0x0B, 0x00, 0x00, 0x00, 0x00, 0x01, 0xED, 0xC4, 0x00, 0x00, 0x00, 0x00, 0x00,
0x30, 0xFF, 0x83, 0x00, 0x00, 0x00, 0x00, 0x00, 0x71, 0xFF, 0x43, 0x00, 0x00, 0x00, 0x00, 0x00,
0xB1, 0xF9, 0x09, 0x00, 0x00, 0x00, 0x00, 0x02, 0xEF, 0xC1, 0x00, 0x00, 0x00, 0x00, 0x00, 0x33,
0xFF, 0x80, 0x00, 0x00, 0x00, 0x00, 0x00, 0x74, 0xFF, 0x40, 0x00, 0x00, 0x00, 0x00, 0x00, 0x00,
0x04, 0x76, 0xD6, 0xF8, 0xE9, 0xA3, 0x1C, 0x00, 0x00, 0x00, 0xA3, 0xFF, 0xC0, 0x7E, 0x99, 0xF6,
0xE5, 0x1A, 0x00, 0x3D, 0xFF, 0xA9, 0x00, 0x00, 0x00, 0x46, 0xFF, 0x9F, 0x00, 0x98, 0xFF, 0x2E,
0x00, 0x00, 0x00, 0x00, 0xC7, 0xF6, 0x0A, 0xCE, 0xF3, 0x02, 0x00, 0x00, 0x00, 0x00, 0x8B, 0xFF,
0x3C, 0xEE, 0xD3, 0x00, 0x00, 0x00, 0x00, 0x00, 0x62, 0xFF, 0x5F, 0xFB, 0xC8, 0x00, 0x00, 0x00,
0x00, 0x00, 0x53, 0xFF, 0x6D, 0xFA, 0xCA, 0x00, 0x00, 0x00, 0x00, 0x00, 0x53, 0xFF, 0x6D, 0xEC,
0xD7, 0x00, 0x00, 0x00, 0x00, 0x00, 0x5E, 0xFF, 0x60, 0xC8, 0xF4, 0x03, 0x00, 0x00, 0x00, 0x00,
0x84, 0xFF, 0x3F, 0x8C, 0xFF, 0x32, 0x00, 0x00, 0x00, 0x00, 0xBD, 0xF9, 0x0E, 0x2D, 0xFE, 0xA7,
0x00, 0x00, 0x00, 0x3C, 0xFE, 0xAB, 0x00, 0x00, 0x8C, 0xFF, 0xBE, 0x7D, 0x97, 0xF5, 0xED, 0x23,
0x00, 0x00, 0x01, 0x69, 0xD3, 0xF8, 0xEC, 0xAA, 0x25, 0x00, 0x00, 0x00, 0x00, 0x00, 0x27, 0xD5,
0xFF, 0x20, 0x00, 0x00, 0x53, 0xF2, 0xFD, 0xFF, 0x20, 0x04, 0x8B, 0xFF, 0xB5, 0x9D, 0xFF, 0x20,
0x06, 0xC6, 0x88, 0x02, 0x97, 0xFF, 0x20, 0x00, 0x06, 0x00, 0x00, 0x98, 0xFF, 0x20, 0x00, 0x00,
0x00, 0x00, 0x98, 0xFF, 0x20, 0x00, 0x00, 0x00, 0x00, 0x98, 0xFF, 0x20, 0x00, 0x00, 0x00, 0x00,
0x98, 0xFF, 0x20, 0x00, 0x00, 0x00, 0x00, 0x98, 0xFF, 0x20, 0x00, 0x00, 0x00, 0x00, 0x98, 0xFF,
0x20, 0x00, 0x00, 0x00, 0x00, 0x98, 0xFF, 0x20, 0x00, 0x00, 0x00, 0x00, 0x98, 0xFF, 0x20, 0x00,
0x00, 0x00, 0x00, 0x98, 0xFF, 0x20, 0x00, 0x00, 0x00, 0x00, 0x98, 0xFF, 0x20, 0x00, 0x00, 0x3B,
0xA7, 0xE5, 0xFA, 0xE6, 0xA3, 0x24, 0x00, 0x00, 0x00, 0x83, 0xFF, 0xE2, 0x92, 0x7C, 0xA7, 0xFD,
0xEE, 0x24, 0x00, 0x00, 0x31, 0x7D, 0x06, 0x00, 0x00, 0x00, 0x64, 0xFF, 0x99, 0x00, 0x00, 0x00,
0x00, 0x00, 0x00, 0x00, 0x00, 0x0C, 0xFF, 0xC6, 0x00, 0x00, 0x00, 0x00, 0x00, 0x00, 0x00, 0x00,
0x11, 0xFF, 0xB8, 0x00, 0x00, 0x00, 0x00, 0x00, 0x00, 0x00, 0x00, 0x62, 0xFF, 0x71, 0x00, 0x00,
0x00, 0x00, 0x00, 0x00, 0x00, 0x15, 0xE5, 0xE3, 0x0B, 0x00, 0x00, 0x00, 0x00, 0x00, 0x00, 0x09,
0xC4, 0xF9, 0x3B, 0x00, 0x00, 0x00, 0x00, 0x00, 0x00, 0x07, 0xB7, 0xFB, 0x51, 0x00, 0x00, 0x00,
0x00, 0x00, 0x00, 0x07, 0xB5, 0xFD, 0x5B, 0x00, 0x00, 0x00, 0x00, 0x00, 0x00, 0x08, 0xB8, 0xFB,
0x58, 0x00, 0x00, 0x00, 0x00, 0x00, 0x00, 0x09, 0xBA, 0xF9, 0x50, 0x00, 0x00, 0x00, 0x00, 0x00,
0x00, 0x01, 0xBC, 0xFF, 0xB8, 0x74, 0x74, 0x74, 0x74, 0x74, 0x74, 0x30, 0x04, 0xFF, 0xFF, 0xFF,
0xFF, 0xFF, 0xFF, 0xFF, 0xFF, 0xFF, 0x6C, 0x00, 0x06, 0x62, 0xBA, 0xEC, 0xFA, 0xE8, 0xAD, 0x38,
0x00, 0x00, 0x00, 0xB7, 0xFF, 0xC7, 0x89, 0x7A, 0x9D, 0xF5, 0xFB, 0x46, 0x00, 0x00, 0x2F, 0x36,
0x00, 0x00, 0x00, 0x00, 0x3D, 0xFF, 0xBE, 0x00, 0x00, 0x00, 0x00, 0x00, 0x00, 0x00, 0x00, 0x01,
0xF9, 0xD3, 0x00, 0x00, 0x00, 0x00, 0x00, 0x00, 0x00, 0x00, 0x48, 0xFF, 0x98, 0x00, 0x00, 0x00,
0x00, 0x20, 0x27, 0x3F, 0x84, 0xF2, 0xC8, 0x15, 0x00, 0x00, 0x00, 0x00, 0xE8, 0xFF, 0xFF, 0xFE,
0x97, 0x15, 0x00, 0x00, 0x00, 0x00, 0x00, 0x48, 0x53, 0x67, 0x93, 0xEB, 0xEF, 0x4E, 0x00, 0x00,
0x00, 0x00, 0x00, 0x00, 0x00, 0x00, 0x1A, 0xE4, 0xF0, 0x0F, 0x00, 0x00, 0x00, 0x00, 0x00, 0x00,
0x00, 0x00, 0x97, 0xFF, 0x3F, 0x00, 0x00, 0x00, 0x00, 0x00, 0x00, 0x00, 0x00, 0xA6, 0xFF, 0x38,
0x08, 0x2A, 0x00, 0x00, 0x00, 0x00, 0x00, 0x32, 0xF5, 0xEA, 0x0A, 0x18, 0xFF, 0xD0, 0x9C, 0x7E,
0x85, 0xAF, 0xFB, 0xF8, 0x50, 0x00, 0x06, 0x6E, 0xBE, 0xE2, 0xF8, 0xF4, 0xD6, 0x94, 0x26, 0x00,
0x00, 0x00, 0x00, 0x00, 0x00, 0x00, 0x00, 0x3E, 0xFC, 0xFC, 0x00, 0x00, 0x00, 0x00, 0x00, 0x00,
0x00, 0x00, 0x13, 0xE4, 0xFD, 0xFC, 0x00, 0x00, 0x00, 0x00, 0x00, 0x00, 0x00, 0x01, 0xB4, 0xE9,
0xB6, 0xFC, 0x00, 0x00, 0x00, 0x00, 0x00, 0x00, 0x00, 0x73, 0xFF, 0x50, 0xB2, 0xFC, 0x00, 0x00,
0x00, 0x00, 0x00, 0x00, 0x36, 0xFA, 0x8E, 0x00, 0xB7, 0xFC, 0x00, 0x00, 0x00, 0x00, 0x00, 0x0F,
0xDE, 0xC7, 0x05, 0x00, 0xB8, 0xFC, 0x00, 0x00, 0x00, 0x00, 0x00, 0xAB, 0xEC, 0x1D, 0x00, 0x00,
0xB8, 0xFC, 0x00, 0x00, 0x00, 0x00, 0x69, 0xFE, 0x49, 0x00, 0x00, 0x00, 0xB8, 0xFC, 0x00, 0x00,
0x00, 0x2E, 0xF7, 0x85, 0x00, 0x00, 0x00, 0x00, 0xB8, 0xFC, 0x00, 0x00, 0x00, 0x93, 0xFF, 0xFF,
0xFF, 0xFF, 0xFF, 0xFF, 0xFF, 0xFF, 0xFF, 0xFF, 0x10, 0x57, 0x98, 0x98, 0x98, 0x98, 0x98, 0x98,
0xE2, 0xFE, 0x98, 0x98, 0x09, 0x00, 0x00, 0x00, 0x00, 0x00, 0x00, 0x00, 0xB8, 0xFC, 0x00, 0x00,
0x00, 0x00, 0x00, 0x00, 0x00, 0x00, 0x00, 0x00, 0xB8, 0xFC, 0x00, 0x00, 0x00, 0x00, 0x00, 0x00,
0x00, 0x00, 0x00, 0x00, 0xB8, 0xFC, 0x00, 0x00, 0x00, 0x00, 0xE7, 0xFF, 0xFF, 0xFF, 0xFF, 0xFF,
0xFF, 0x50, 0x00, 0x01, 0xFB, 0xCC, 0x74, 0x74, 0x74, 0x74, 0x74, 0x24, 0x00, 0x13, 0xFF, 0x8E,
0x00, 0x00, 0x00, 0x00, 0x00, 0x00, 0x00, 0x29, 0xFF, 0x76, 0x00, 0x00, 0x00, 0x00, 0x00, 0x00,
0x00, 0x3E, 0xFF, 0x5E, 0x11, 0x1F, 0x0B, 0x00, 0x00, 0x00, 0x00, 0x54, 0xFF, 0xF8, 0xFF, 0xFF,
0xFF, 0xCD, 0x55, 0x00, 0x00, 0x12, 0x92, 0x79, 0x59, 0x62, 0x8D, 0xF1, 0xFF, 0x70, 0x00, 0x00,
0x00, 0x00, 0x00, 0x00, 0x00, 0x22, 0xF2, 0xF3, 0x0E, 0x00, 0x00, 0x00, 0x00, 0x00, 0x00, 0x00,
0xA1, 0xFF, 0x3C, 0x00, 0x00, 0x00, 0x00, 0x00, 0x00, 0x00, 0x88, 0xFF, 0x44, 0x00, 0x00, 0x00,
0x00, 0x00, 0x00, 0x00, 0xB4, 0xFF, 0x23, 0x34, 0x05, 0x00, 0x00, 0x00, 0x00, 0x51, 0xFE, 0xC6,
0x00, 0xBC, 0xEA, 0xA6, 0x84, 0x85, 0xB8, 0xFF, 0xEB, 0x27, 0x00, 0x50, 0xB7, 0xDF, 0xF5, 0xF4,
0xD6, 0x8C, 0x15, 0x00, 0x00, 0x00, 0x00, 0x01, 0x59, 0xB5, 0xE7, 0xFA, 0xF1, 0x51, 0x00, 0x00,
0x0A, 0xB7, 0xFF, 0xD8, 0x91, 0x79, 0x86, 0x3F, 0x00, 0x00, 0x9C, 0xFF, 0x72, 0x01, 0x00, 0x00,
0x00, 0x00, 0x00, 0x25, 0xFE, 0x9F, 0x00, 0x00, 0x00, 0x00, 0x00, 0x00, 0x00, 0x7E, 0xFF, 0x32,
0x00, 0x0C, 0x1D, 0x06, 0x00, 0x00, 0x00, 0xB5, 0xF5, 0x22, 0xB8, 0xFE, 0xFF, 0xF6, 0x9B, 0x0B,
0x00, 0xD7, 0xEB, 0xDA, 0xA8, 0x5D, 0x65, 0xBA, 0xFF, 0xB3, 0x00, 0xE5, 0xFF, 0x6A, 0x00, 0x00,
0x00, 0x00, 0xBA, 0xFF, 0x33, 0xE4, 0xEC, 0x01, 0x00, 0x00, 0x00, 0x00, 0x5F, 0xFF, 0x6C, 0xC8,
0xEC, 0x00, 0x00, 0x00, 0x00, 0x00, 0x4F, 0xFF, 0x73, 0x8D, 0xFF, 0x30, 0x00, 0x00, 0x00, 0x00,
0x75, 0xFF, 0x53, 0x2B, 0xFD, 0xC2, 0x08, 0x00, 0x00, 0x10, 0xE0, 0xF3, 0x0D, 0x00, 0x7F, 0xFF,
0xD8, 0x84, 0x8E, 0xE2, 0xFE, 0x62, 0x00, 0x00, 0x00, 0x5A, 0xC9, 0xF4, 0xF0, 0xBE, 0x47, 0x00,
0x00, 0x20, 0xFF, 0xFF, 0xFF, 0xFF, 0xFF, 0xFF, 0xFF, 0xFF, 0xFF, 0x74, 0x0E, 0x74, 0x74, 0x74,
0x74, 0x74, 0x74, 0x74, 0xBE, 0xFF, 0x53, 0x00, 0x00, 0x00, 0x00, 0x00, 0x00, 0x00, 0x04, 0xE0,
0xDF, 0x03, 0x00, 0x00, 0x00, 0x00, 0x00, 0x00, 0x00, 0x5D, 0xFF, 0x6D, 0x00, 0x00, 0x00, 0x00,
0x00, 0x00, 0x00, 0x01, 0xD3, 0xEE, 0x0B, 0x00, 0x00, 0x00, 0x00, 0x00, 0x00, 0x00, 0x4C, 0xFF,
0x85, 0x00, 0x00, 0x00, 0x00, 0x00, 0x00, 0x00, 0x00, 0xC4, 0xF8, 0x18, 0x00, 0x00, 0x00, 0x00,
0x00, 0x00, 0x00, 0x3B, 0xFF, 0x9C, 0x00, 0x00, 0x00, 0x00, 0x00, 0x00, 0x00, 0x00, 0xB3, 0xFE,
0x29, 0x00, 0x00, 0x00, 0x00, 0x00, 0x00, 0x00, 0x2B, 0xFE, 0xB3, 0x00, 0x00, 0x00, 0x00, 0x00,
0x00, 0x00, 0x00, 0xA2, 0xFF, 0x3F, 0x00, 0x00, 0x00, 0x00, 0x00, 0x00, 0x00, 0x1E, 0xFB, 0xCA,
0x00, 0x00, 0x00, 0x00, 0x00, 0x00, 0x00, 0x00, 0x91, 0xFF, 0x56, 0x00, 0x00, 0x00, 0x00, 0x00,
0x00, 0x00, 0x13, 0xF4, 0xDE, 0x03, 0x00, 0x00, 0x00, 0x00, 0x00, 0x00, 0x18, 0x92, 0xDD, 0xF9,
0xEF, 0xBB, 0x4C, 0x00, 0x00, 0x11, 0xE3, 0xFF, 0xB4, 0x7E, 0x93, 0xEB, 0xFF, 0x65, 0x00, 0x6D,
0xFF, 0x84, 0x00, 0x00, 0x00, 0x1D, 0xF1, 0xDF, 0x00, 0x80, 0xFF, 0x3A, 0x00, 0x00, 0x00, 0x00,
0xC4, 0xF2, 0x00, 0x46, 0xFF, 0x6C, 0x00, 0x00, 0x00, 0x0E, 0xED, 0xAE, 0x00, 0x00, 0xA4, 0xFA,
0x6A, 0x03, 0x1A, 0xBF, 0xD5, 0x1A, 0x00, 0x00, 0x02, 0x83, 0xFF, 0xDD, 0xF6, 0xB3, 0x09, 0x00,
0x00, 0x00, 0x65, 0xF1, 0xD6, 0x7E, 0xD2, 0xFF, 0xA8, 0x10, 0x00, 0x5F, 0xFF, 0x94, 0x03, 0x00,
0x00, 0x5A, 0xF6, 0xCC, 0x05, 0xD8, 0xE2, 0x03, 0x00, 0x00, 0x00, 0x00, 0x7C, 0xFF, 0x4E, 0xF6,
0xC6, 0x00, 0x00, 0x00, 0x00, 0x00, 0x59, 0xFF, 0x65, 0xCD, 0xF8, 0x30, 0x00, 0x00, 0x00, 0x03,
0xB6, 0xFF, 0x34, 0x48, 0xFA, 0xF7, 0xA2, 0x7D, 0x8B, 0xD8, 0xFF, 0x9E, 0x00, 0x00, 0x34, 0xA8,
0xE3, 0xFA, 0xF1, 0xC3, 0x61, 0x02, 0x00, 0x00, 0x00, 0x1A, 0x99, 0xE2, 0xF8, 0xE2, 0x92, 0x11,
0x00, 0x00, 0x00, 0x1E, 0xE9, 0xFB, 0xA5, 0x7D, 0xA3, 0xF9, 0xD9, 0x12, 0x00, 0x00, 0xA7, 0xFF,
0x4A, 0x00, 0x00, 0x00, 0x41, 0xFC, 0x97, 0x00, 0x00, 0xF1, 0xD4, 0x00, 0x00, 0x00, 0x00, 0x00,
0xA4, 0xF5, 0x0A, 0x06, 0xFF, 0xBF, 0x00, 0x00, 0x00, 0x00, 0x00, 0x75, 0xFF, 0x3A, 0x00, 0xE7,
0xEC, 0x0D, 0x00, 0x00, 0x00, 0x01, 0xB8, 0xFF, 0x55, 0x00, 0x7F, 0xFF, 0xC1, 0x48, 0x2A, 0x4A,
0xB9, 0xE7, 0xFF, 0x53, 0x00, 0x04, 0x95, 0xFC, 0xFF, 0xFF, 0xFD, 0x98, 0x81, 0xFF, 0x44, 0x00,
0x00, 0x00, 0x16, 0x45, 0x45, 0x18, 0x00, 0xA1, 0xFF, 0x1F, 0x00, 0x00, 0x00, 0x00, 0x00, 0x00,
0x00, 0x01, 0xE1, 0xE9, 0x00, 0x00, 0x00, 0x00, 0x00, 0x00, 0x00, 0x00, 0x55, 0xFF, 0x90, 0x00,
0x00, 0x00, 0x00, 0x00, 0x00, 0x00, 0x3B, 0xED, 0xEF, 0x18, 0x00, 0x00, 0x00, 0xA1, 0x7E, 0x83,
0xBA, 0xFE, 0xF0, 0x3E, 0x00, 0x00, 0x00, 0x00, 0xE5, 0xFB, 0xF1, 0xD1, 0x88, 0x16, 0x00, 0x00,
0x00, 0x48, 0xF1, 0x9A, 0x87, 0xFF, 0xE2, 0x32, 0xC9, 0x76, 0x00, 0x00, 0x00, 0x00, 0x00, 0x00,
0x00, 0x00, 0x00, 0x00, 0x00, 0x00, 0x00, 0x00, 0x00, 0x34, 0xC9, 0x78, 0x87, 0xFF, 0xE3, 0x46,
0xF1, 0x98, 0x00, 0x48, 0xF1, 0x9A, 0x00, 0x87, 0xFF, 0xE2, 0x00, 0x32, 0xC9, 0x76, 0x00, 0x00,
0x00, 0x00, 0x00, 0x00, 0x00, 0x00, 0x00, 0x00, 0x00, 0x00, 0x00, 0x00, 0x00, 0x00, 0x00, 0x00,
0x00, 0x00, 0x00, 0x00, 0x00, 0x00, 0x00, 0x7C, 0xFF, 0x92, 0x00, 0xA6, 0xFF, 0x47, 0x00, 0xD8,
0xEF, 0x06, 0x0F, 0xFE, 0x90, 0x00, 0x45, 0xFF, 0x28, 0x00, 0x00, 0x00, 0x00, 0x00, 0x00, 0x00,
0x00, 0x00, 0x00, 0x06, 0x00, 0x00, 0x00, 0x00, 0x00, 0x00, 0x00, 0x32, 0xB2, 0x6B, 0x00, 0x00,
0x00, 0x00, 0x00, 0x33, 0xB2, 0xFF, 0xD6, 0x36, 0x00, 0x00, 0x00, 0x33, 0xB2, 0xFF, 0xCA, 0x51,
0x01, 0x00, 0x00, 0x34, 0xB3, 0xFF, 0xBD, 0x44, 0x00, 0x00, 0x00, 0x00, 0xB3, 0xFE, 0xB0, 0x37,
0x00, 0x00, 0x00, 0x00, 0x00, 0x00, 0xC4, 0xFF, 0xC7, 0x5C, 0x06, 0x00, 0x00, 0x00, 0x00, 0x00,
0x00, 0x35, 0xA6, 0xFA, 0xE9, 0x85, 0x1D, 0x00, 0x00, 0x00, 0x00, 0x00, 0x00, 0x1B, 0x87, 0xED,
0xFC, 0xAE, 0x42, 0x00, 0x00, 0x00, 0x00, 0x00, 0x00, 0x0A, 0x68, 0xD6, 0xFF, 0x67, 0x00, 0x00,
0x00, 0x00, 0x00, 0x00, 0x00, 0x01, 0x49, 0x40, 0x1E, 0x24, 0x24, 0x24, 0x24, 0x24, 0x24, 0x24,
0x24, 0x0A, 0xDC, 0xFF, 0xFF, 0xFF, 0xFF, 0xFF, 0xFF, 0xFF, 0xFF, 0x4C, 0x44, 0x50, 0x50, 0x50,
0x50, 0x50, 0x50, 0x50, 0x50, 0x17, 0x00, 0x00, 0x00, 0x00, 0x00, 0x00, 0x00, 0x00, 0x00, 0x00,
0x1E, 0x24, 0x24, 0x24, 0x24, 0x24, 0x24, 0x24, 0x24, 0x0A, 0xDC, 0xFF, 0xFF, 0xFF, 0xFF, 0xFF,
0xFF, 0xFF, 0xFF, 0x4C, 0x44, 0x50, 0x50, 0x50, 0x50, 0x50, 0x50, 0x50, 0x50, 0x17, 0x06, 0x00,
0x00, 0x00, 0x00, 0x00, 0x00, 0x00, 0x00, 0x00, 0xE1, 0x68, 0x06, 0x00, 0x00, 0x00, 0x00, 0x00,
0x00, 0x00, 0xA5, 0xFC, 0xE1, 0x68, 0x06, 0x00, 0x00, 0x00, 0x00, 0x00, 0x00, 0x22, 0x98, 0xF8,
0xE2, 0x69, 0x06, 0x00, 0x00, 0x00, 0x00, 0x00, 0x00, 0x18, 0x8A, 0xF2, 0xE2, 0x69, 0x06, 0x00,
0x00, 0x00, 0x00, 0x00, 0x00, 0x11, 0x7D, 0xEB, 0xE2, 0x3C, 0x00, 0x00, 0x00, 0x00, 0x00, 0x2A,
0x94, 0xF2, 0xEB, 0x45, 0x00, 0x00, 0x04, 0x54, 0xBF, 0xFF, 0xD4, 0x64, 0x08, 0x00, 0x1A, 0x7F,
0xE5, 0xFE, 0xB6, 0x45, 0x00, 0x00, 0x00, 0x00, 0xFB, 0xF5, 0x97, 0x27, 0x00, 0x00, 0x00, 0x00,
0x00, 0x00, 0x78, 0x12, 0x00, 0x00, 0x00, 0x00, 0x00, 0x00, 0x00, 0x00, 0x06, 0x5A, 0xB6, 0xED,
0xF6, 0xD5, 0x79, 0x08, 0x00, 0x0C, 0xF2, 0xDA, 0x8E, 0x7D, 0xBB, 0xFF, 0xB2, 0x00, 0x00, 0x2A,
0x01, 0x00, 0x00, 0x00, 0xB4, 0xFF, 0x24, 0x00, 0x00, 0x00, 0x00, 0x00, 0x00, 0x7B, 0xFF, 0x39,
0x00, 0x00, 0x00, 0x00, 0x00, 0x00, 0xB0, 0xFC, 0x10, 0x00, 0x00, 0x00, 0x00, 0x00, 0x68, 0xFF,
0x8D, 0x00, 0x00, 0x00, 0x00, 0x00, 0x85, 0xFF, 0xA0, 0x04, 0x00, 0x00, 0x00, 0x00, 0x5F, 0xFF,
0x83, 0x01, 0x00, 0x00, 0x00, 0x00, 0x00, 0xC0, 0xBD, 0x00, 0x00, 0x00, 0x00, 0x00, 0x00, 0x00,
0x98, 0x5E, 0x00, 0x00, 0x00, 0x00, 0x00, 0x00, 0x00, 0x00, 0x00, 0x00, 0x00, 0x00, 0x00, 0x00,
0x00, 0x12, 0xBC, 0xA4, 0x01, 0x00, 0x00, 0x00, 0x00, 0x00, 0x4F, 0xFF, 0xFF, 0x1B, 0x00, 0x00,
0x00, 0x00, 0x00, 0x1C, 0xE2, 0xC9, 0x04, 0x00, 0x00, 0x00, 0x00, 0x00, 0x00, 0x00, 0x1C, 0x7D,
0xC3, 0xE7, 0xF9, 0xE8, 0xC9, 0x7A, 0x1B, 0x00, 0x00, 0x00, 0x00, 0x00, 0x02, 0x82, 0xF8, 0xFA,
0xB7, 0x93, 0x7B, 0x89, 0xB4, 0xF8, 0xF2, 0x63, 0x00, 0x00, 0x00, 0x01, 0xAB, 0xFE, 0x8C, 0x15,
0x00, 0x00, 0x00, 0x00, 0x00, 0x14, 0xA1, 0xFF, 0x5E, 0x00, 0x00, 0x79, 0xFF, 0x57, 0x00, 0x0D,
0x8D, 0xE2, 0xF8, 0xE3, 0xBC, 0x3A, 0x00, 0x99, 0xF6, 0x13, 0x13, 0xF2, 0x94, 0x00, 0x06, 0xCB,
0xF8, 0x9F, 0x7A, 0x9A, 0xFF, 0x68, 0x00, 0x10, 0xF3, 0x76, 0x69, 0xFE, 0x1F, 0x00, 0x6D, 0xFF,
0x51, 0x00, 0x00, 0x24, 0xFF, 0x5C, 0x00, 0x00, 0xB5, 0xAB, 0xAA, 0xCB, 0x00, 0x00, 0xB9, 0xE5,
0x00, 0x00, 0x00, 0x31, 0xFF, 0x50, 0x00, 0x00, 0x9C, 0xC7, 0xC7, 0xAB, 0x00, 0x00, 0xD0, 0xC1,
0x00, 0x00, 0x00, 0x4D, 0xFF, 0x43, 0x00, 0x00, 0xB6, 0xB6, 0xCF, 0x9E, 0x00, 0x00, 0xB7, 0xDC,
0x00, 0x00, 0x00, 0x8F, 0xFF, 0x45, 0x00, 0x07, 0xEA, 0x86, 0xB6, 0xB6, 0x00, 0x00, 0x6B, 0xFF,
0x87, 0x2F, 0x65, 0xEE, 0xCD, 0xAA, 0x2F, 0xA2, 0xFB, 0x1F, 0x8A, 0xF0, 0x07, 0x00, 0x06, 0xB9,
0xFF, 0xFF, 0xF7, 0x5C, 0x40, 0xF8, 0xFF, 0xF9, 0x52, 0x00, 0x2B, 0xFF, 0x73, 0x00, 0x00, 0x00,
0x32, 0x47, 0x17, 0x00, 0x00, 0x1E, 0x47, 0x18, 0x00, 0x00, 0x00, 0x9D, 0xFA, 0x58, 0x00, 0x00,
0x00, 0x00, 0x00, 0x00, 0x00, 0x00, 0x00, 0x00, 0x00, 0x00, 0x00, 0x08, 0xB4, 0xFF, 0xBF, 0x67,
0x38, 0x28, 0x3A, 0x56, 0x88, 0xC4, 0x00, 0x00, 0x00, 0x00, 0x00, 0x00, 0x00, 0x61, 0xC9, 0xFF,
0xFF, 0xFF, 0xFF, 0xFF, 0xE5, 0x8D, 0x00, 0x00, 0x00, 0x00, 0x00, 0x00, 0x00, 0x00, 0x00, 0x16,
0x34, 0x49, 0x39, 0x1E, 0x01, 0x00, 0x00, 0x00, 0x00, 0x00, 0x00, 0x00, 0x00, 0x00, 0x00, 0xA0,
0xFF, 0x66, 0x00, 0x00, 0x00, 0x00, 0x00, 0x00, 0x00, 0x00, 0x00, 0x0F, 0xF5, 0xFC, 0xCC, 0x00,
0x00, 0x00, 0x00, 0x00, 0x00, 0x00, 0x00, 0x00, 0x6C, 0xFF, 0x95, 0xFF, 0x32, 0x00, 0x00, 0x00,
0x00, 0x00, 0x00, 0x00, 0x00, 0xD1, 0xDA, 0x18, 0xFC, 0x97, 0x00, 0x00, 0x00, 0x00, 0x00, 0x00,
0x00, 0x38, 0xFF, 0x7C, 0x00, 0xB5, 0xF1, 0x0B, 0x00, 0x00, 0x00, 0x00, 0x00, 0x00, 0x9E, 0xFC,
0x1B, 0x00, 0x53, 0xFF, 0x63, 0x00, 0x00, 0x00, 0x00, 0x00, 0x0E, 0xF4, 0xB5, 0x00, 0x00, 0x05,
0xEA, 0xC8, 0x00, 0x00, 0x00, 0x00, 0x00, 0x6A, 0xFF, 0x51, 0x00, 0x00, 0x00, 0x8D, 0xFF, 0x2E,
0x00, 0x00, 0x00, 0x00, 0xCF, 0xFF, 0xFF, 0xFF, 0xFF, 0xFF, 0xFF, 0xFF, 0x94, 0x00, 0x00, 0x00,
0x36, 0xFF, 0xC5, 0x98, 0x98, 0x98, 0x98, 0x98, 0xE4, 0xF0, 0x09, 0x00, 0x00, 0x9C, 0xFF, 0x2A,
0x00, 0x00, 0x00, 0x00, 0x00, 0x76, 0xFF, 0x5F, 0x00, 0x0D, 0xF3, 0xC6, 0x00, 0x00, 0x00, 0x00,
0x00, 0x00, 0x17, 0xFA, 0xC5, 0x00, 0x68, 0xFF, 0x63, 0x00, 0x00, 0x00, 0x00, 0x00, 0x00, 0x00,
0xAE, 0xFF, 0x2B, 0xCD, 0xF4, 0x0C, 0x00, 0x00, 0x00, 0x00, 0x00, 0x00, 0x00, 0x4A, 0xFF, 0x91,
0x10, 0xFF, 0xFF, 0xFF, 0xFF, 0xFA, 0xEA, 0xC3, 0x78, 0x0D, 0x00, 0x10, 0xFF, 0xDA, 0x74, 0x74,
0x7C, 0x94, 0xDD, 0xFF, 0xD0, 0x07, 0x10, 0xFF, 0xBC, 0x00, 0x00, 0x00, 0x00, 0x05, 0xC4, 0xFF,
0x4E, 0x10, 0xFF, 0xBC, 0x00, 0x00, 0x00, 0x00, 0x00, 0x79, 0xFF, 0x66, 0x10, 0xFF, 0xBC, 0x00,
0x00, 0x00, 0x00, 0x00, 0xA1, 0xFF, 0x38, 0x10, 0xFF, 0xC5, 0x24, 0x24, 0x25, 0x38, 0x81, 0xFE,
0x95, 0x00, 0x10, 0xFF, 0xFF, 0xFF, 0xFF, 0xFF, 0xFF, 0xF2, 0x65, 0x00, 0x00, 0x10, 0xFF, 0xD1,
0x50, 0x50, 0x51, 0x63, 0xA0, 0xFC, 0xC6, 0x14, 0x10, 0xFF, 0xBC, 0x00, 0x00, 0x00, 0x00, 0x00,
0x6F, 0xFF, 0x9F, 0x10, 0xFF, 0xBC, 0x00, 0x00, 0x00, 0x00, 0x00, 0x12, 0xFF, 0xDE, 0x10, 0xFF,
0xBC, 0x00, 0x00, 0x00, 0x00, 0x00, 0x1D, 0xFF, 0xDE, 0x10, 0xFF, 0xBC, 0x00, 0x00, 0x00, 0x00,
0x00, 0x92, 0xFF, 0xA0, 0x10, 0xFF, 0xDA, 0x74, 0x74, 0x74, 0x84, 0xC3, 0xFF, 0xE5, 0x1E, 0x10,
0xFF, 0xFF, 0xFF, 0xFF, 0xFF, 0xF8, 0xD8, 0x8D, 0x16, 0x00, 0x00, 0x00, 0x00, 0x2B, 0x91, 0xD3,
0xEF, 0xF5, 0xDE, 0xB5, 0x62, 0x00, 0x00, 0x74, 0xFC, 0xF9, 0xAE, 0x81, 0x83, 0xA5, 0xE9, 0xA6,
0x00, 0x67, 0xFF, 0xD2, 0x22, 0x00, 0x00, 0x00, 0x00, 0x04, 0x0F, 0x12, 0xF4, 0xF0, 0x1B, 0x00,
0x00, 0x00, 0x00, 0x00, 0x00, 0x00, 0x65, 0xFF, 0x8C, 0x00, 0x00, 0x00, 0x00, 0x00, 0x00, 0x00,
0x00, 0xA1, 0xFF, 0x46, 0x00, 0x00, 0x00, 0x00, 0x00, 0x00, 0x00, 0x00, 0xBB, 0xFF, 0x28, 0x00,
0x00, 0x00, 0x00, 0x00, 0x00, 0x00, 0x00, 0xBC, 0xFF, 0x27, 0x00, 0x00, 0x00, 0x00, 0x00, 0x00,
0x00, 0x00, 0xA4, 0xFF, 0x43, 0x00, 0x00, 0x00, 0x00, 0x00, 0x00, 0x00, 0x00, 0x6F, 0xFF, 0x84,
0x00, 0x00, 0x00, 0x00, 0x00, 0x00, 0x00, 0x00, 0x1D, 0xFB, 0xE9, 0x11, 0x00, 0x00, 0x00, 0x00,
0x00, 0x00, 0x00, 0x00, 0x87, 0xFF, 0xC0, 0x15, 0x00, 0x00, 0x00, 0x00, 0x00, 0x00, 0x00, 0x06,
0x9E, 0xFF, 0xF3, 0xA6, 0x7E, 0x7D, 0x92, 0xC1, 0x6B, 0x00, 0x00, 0x00, 0x47, 0xAB, 0xDD, 0xF7,
0xFA, 0xE7, 0xB6, 0x3E, 0x10, 0xFF, 0xFF, 0xFF, 0xFF, 0xFA, 0xE2, 0xBD, 0x69, 0x0D, 0x00, 0x00,
0x00, 0x10, 0xFF, 0xDA, 0x74, 0x74, 0x7B, 0x98, 0xDB, 0xFF, 0xDF, 0x38, 0x00, 0x00, 0x10, 0xFF,
0xBC, 0x00, 0x00, 0x00, 0x00, 0x01, 0x60, 0xF7, 0xED, 0x20, 0x00, 0x10, 0xFF, 0xBC, 0x00, 0x00,
0x00, 0x00, 0x00, 0x00, 0x62, 0xFF, 0xAA, 0x00, 0x10, 0xFF, 0xBC, 0x00, 0x00, 0x00, 0x00, 0x00,
0x00, 0x02, 0xE1, 0xF9, 0x11, 0x10, 0xFF, 0xBC, 0x00, 0x00, 0x00, 0x00, 0x00, 0x00, 0x00, 0xA5,
0xFF, 0x3B, 0x10, 0xFF, 0xBC, 0x00, 0x00, 0x00, 0x00, 0x00, 0x00, 0x00, 0x8B, 0xFF, 0x55, 0x10,
0xFF, 0xBC, 0x00, 0x00, 0x00, 0x00, 0x00, 0x00, 0x00, 0x8F, 0xFF, 0x53, 0x10, 0xFF, 0xBC, 0x00,
0x00, 0x00, 0x00, 0x00, 0x00, 0x00, 0xAC, 0xFF, 0x3B, 0x10, 0xFF, 0xBC, 0x00, 0x00, 0x00, 0x00,
0x00, 0x00, 0x07, 0xEB, 0xF8, 0x08, 0x10, 0xFF, 0xBC, 0x00, 0x00, 0x00, 0x00, 0x00, 0x00, 0x79,
0xFF, 0x9D, 0x00, 0x10, 0xFF, 0xBC, 0x00, 0x00, 0x00, 0x00, 0x06, 0x76, 0xFC, 0xE5, 0x1A, 0x00,
0x10, 0xFF, 0xDA, 0x74, 0x74, 0x81, 0xA4, 0xE8, 0xFF, 0xD4, 0x29, 0x00, 0x00, 0x10, 0xFF, 0xFF,
0xFF, 0xFF, 0xF6, 0xE1, 0xAE, 0x5A, 0x05, 0x00, 0x00, 0x00, 0x10, 0xFF, 0xFF, 0xFF, 0xFF, 0xFF,
0xFF, 0xFF, 0xEC, 0x10, 0xFF, 0xDA, 0x74, 0x74, 0x74, 0x74, 0x74, 0x6A, 0x10, 0xFF, 0xBC, 0x00,
0x00, 0x00, 0x00, 0x00, 0x00, 0x10, 0xFF, 0xBC, 0x00, 0x00, 0x00, 0x00, 0x00, 0x00, 0x10, 0xFF,
0xBC, 0x00, 0x00, 0x00, 0x00, 0x00, 0x00, 0x10, 0xFF, 0xC5, 0x24, 0x24, 0x24, 0x24, 0x24, 0x14,
0x10, 0xFF, 0xFF, 0xFF, 0xFF, 0xFF, 0xFF, 0xFF, 0x90, 0x10, 0xFF, 0xD1, 0x50, 0x50, 0x50, 0x50,
0x50, 0x2D, 0x10, 0xFF, 0xBC, 0x00, 0x00, 0x00, 0x00, 0x00, 0x00, 0x10, 0xFF, 0xBC, 0x00, 0x00,
0x00, 0x00, 0x00, 0x00, 0x10, 0xFF, 0xBC, 0x00, 0x00, 0x00, 0x00, 0x00, 0x00, 0x10, 0xFF, 0xBC,
0x00, 0x00, 0x00, 0x00, 0x00, 0x00, 0x10, 0xFF, 0xDA, 0x74, 0x74, 0x74, 0x74, 0x74, 0x6A, 0x10,
0xFF, 0xFF, 0xFF, 0xFF, 0xFF, 0xFF, 0xFF, 0xEC, 0x10, 0xFF, 0xFF, 0xFF, 0xFF, 0xFF, 0xFF, 0xFF,
0xEC, 0x10, 0xFF, 0xDA, 0x74, 0x74, 0x74, 0x74, 0x74, 0x6A, 0x10, 0xFF, 0xBC, 0x00, 0x00, 0x00,
0x00, 0x00, 0x00, 0x10, 0xFF, 0xBC, 0x00, 0x00, 0x00, 0x00, 0x00, 0x00, 0x10, 0xFF, 0xBC, 0x00,
0x00, 0x00, 0x00, 0x00, 0x00, 0x10, 0xFF, 0xBC, 0x00, 0x00, 0x00, 0x00, 0x00, 0x00, 0x10, 0xFF,
0xC5, 0x24, 0x24, 0x24, 0x24, 0x24, 0x13, 0x10, 0xFF, 0xFF, 0xFF, 0xFF, 0xFF, 0xFF, 0xFF, 0x8C,
0x10, 0xFF, 0xD1, 0x50, 0x50, 0x50, 0x50, 0x50, 0x2B, 0x10, 0xFF, 0xBC, 0x00, 0x00, 0x00, 0x00,
0x00, 0x00, 0x10, 0xFF, 0xBC, 0x00, 0x00, 0x00, 0x00, 0x00, 0x00, 0x10, 0xFF, 0xBC, 0x00, 0x00,
0x00, 0x00, 0x00, 0x00, 0x10, 0xFF, 0xBC, 0x00, 0x00, 0x00, 0x00, 0x00, 0x00, 0x10, 0xFF, 0xBC,
0x00, 0x00, 0x00, 0x00, 0x00, 0x00, 0x00, 0x00, 0x00, 0x15, 0x70, 0xC2, 0xE2, 0xF9, 0xEB, 0xD4,
0x9E, 0x4C, 0x00, 0x00, 0x00, 0x52, 0xED, 0xFF, 0xC3, 0x8A, 0x79, 0x8E, 0xAF, 0xEF, 0x85, 0x00,
0x00, 0x4B, 0xFE, 0xDF, 0x35, 0x00, 0x00, 0x00, 0x00, 0x00, 0x04, 0x08, 0x00, 0x0A, 0xED, 0xF2,
0x23, 0x00, 0x00, 0x00, 0x00, 0x00, 0x00, 0x00, 0x00, 0x00, 0x5F, 0xFF, 0x8B, 0x00, 0x00, 0x00,
0x00, 0x00, 0x00, 0x00, 0x00, 0x00, 0x00, 0x9D, 0xFF, 0x3F, 0x00, 0x00, 0x00, 0x00, 0x1E, 0x24,
0x24, 0x24, 0x24, 0x02, 0xBA, 0xFF, 0x20, 0x00, 0x00, 0x00, 0x00, 0xDC, 0xFF, 0xFF, 0xFF, 0xFF,
0x14, 0xBC, 0xFF, 0x23, 0x00, 0x00, 0x00, 0x00, 0x44, 0x50, 0x50, 0xCE, 0xFF, 0x14, 0xA3, 0xFF,
0x3F, 0x00, 0x00, 0x00, 0x00, 0x00, 0x00, 0x00, 0xB8, 0xFF, 0x14, 0x6B, 0xFF, 0x86, 0x00, 0x00,
0x00, 0x00, 0x00, 0x00, 0x00, 0xB8, 0xFF, 0x14, 0x17, 0xF9, 0xEF, 0x18, 0x00, 0x00, 0x00, 0x00,
0x00, 0x00, 0xB8, 0xFF, 0x14, 0x00, 0x76, 0xFF, 0xD3, 0x25, 0x00, 0x00, 0x00, 0x00, 0x00, 0xB8,
0xFF, 0x14, 0x00, 0x02, 0x87, 0xFE, 0xFD, 0xBB, 0x8D, 0x77, 0x80, 0xA9, 0xF2, 0xFF, 0x14, 0x00,
0x00, 0x00, 0x36, 0x99, 0xD6, 0xF1, 0xFD, 0xF3, 0xDC, 0xAC, 0x72, 0x06, 0x10, 0xFF, 0xBC, 0x00,
0x00, 0x00, 0x00, 0x00, 0x00, 0x00, 0xF0, 0xDC, 0x10, 0xFF, 0xBC, 0x00, 0x00, 0x00, 0x00, 0x00,
0x00, 0x00, 0xF0, 0xDC, 0x10, 0xFF, 0xBC, 0x00, 0x00, 0x00, 0x00, 0x00, 0x00, 0x00, 0xF0, 0xDC,
0x10, 0xFF, 0xBC, 0x00, 0x00, 0x00, 0x00, 0x00, 0x00, 0x00, 0xF0, 0xDC, 0x10, 0xFF, 0xBC, 0x00,
0x00, 0x00, 0x00, 0x00, 0x00, 0x00, 0xF0, 0xDC, 0x10, 0xFF, 0xC5, 0x24, 0x24, 0x24, 0x24, 0x24,
0x24, 0x24, 0xF2, 0xDC, 0x10, 0xFF, 0xFF, 0xFF, 0xFF, 0xFF, 0xFF, 0xFF, 0xFF, 0xFF, 0xFF, 0xDC,
0x10, 0xFF, 0xD1, 0x50, 0x50, 0x50, 0x50, 0x50, 0x50, 0x50, 0xF5, 0xDC, 0x10, 0xFF, 0xBC, 0x00,
0x00, 0x00, 0x00, 0x00, 0x00, 0x00, 0xF0, 0xDC, 0x10, 0xFF, 0xBC, 0x00, 0x00, 0x00, 0x00, 0x00,
0x00, 0x00, 0xF0, 0xDC, 0x10, 0xFF, 0xBC, 0x00, 0x00, 0x00, 0x00, 0x00, 0x00, 0x00, 0xF0, 0xDC,
0x10, 0xFF, 0xBC, 0x00, 0x00, 0x00, 0x00, 0x00, 0x00, 0x00, 0xF0, 0xDC, 0x10, 0xFF, 0xBC, 0x00,
0x00, 0x00, 0x00, 0x00, 0x00, 0x00, 0xF0, 0xDC, 0x10, 0xFF, 0xBC, 0x00, 0x00, 0x00, 0x00, 0x00,
0x00, 0x00, 0xF0, 0xDC, 0x34, 0xFF, 0xFF, 0xFF, 0xFF, 0xF4, 0x06, 0x42, 0xB9, 0xFF, 0x92, 0x32,
0x00, 0x00, 0x84, 0xFF, 0x48, 0x00, 0x00, 0x00, 0x84, 0xFF, 0x48, 0x00, 0x00, 0x00, 0x84, 0xFF,
0x48, 0x00, 0x00, 0x00, 0x84, 0xFF, 0x48, 0x00, 0x00, 0x00, 0x84, 0xFF, 0x48, 0x00, 0x00, 0x00,
0x84, 0xFF, 0x48, 0x00, 0x00, 0x00, 0x84, 0xFF, 0x48, 0x00, 0x00, 0x00, 0x84, 0xFF, 0x48, 0x00,
0x00, 0x00, 0x84, 0xFF, 0x48, 0x00, 0x00, 0x00, 0x84, 0xFF, 0x48, 0x00, 0x01, 0x2A, 0xAB, 0xFF,
0x7E, 0x1C, 0x34, 0xFF, 0xFF, 0xFF, 0xFF, 0xF4, 0x00, 0x00, 0x00, 0x28, 0xFF, 0xA4, 0x00, 0x00,
0x00, 0x28, 0xFF, 0xA4, 0x00, 0x00, 0x00, 0x28, 0xFF, 0xA4, 0x00, 0x00, 0x00, 0x28, 0xFF, 0xA4,
0x00, 0x00, 0x00, 0x28, 0xFF, 0xA4, 0x00, 0x00, 0x00, 0x28, 0xFF, 0xA4, 0x00, 0x00, 0x00, 0x28,
0xFF, 0xA4, 0x00, 0x00, 0x00, 0x28, 0xFF, 0xA4, 0x00, 0x00, 0x00, 0x28, 0xFF, 0xA4, 0x00, 0x00,
0x00, 0x28, 0xFF, 0xA4, 0x00, 0x00, 0x00, 0x28, 0xFF, 0xA4, 0x00, 0x00, 0x00, 0x28, 0xFF, 0xA4,
0x00, 0x00, 0x00, 0x28, 0xFF, 0xA4, 0x00, 0x00, 0x00, 0x28, 0xFF, 0xA4, 0x00, 0x00, 0x00, 0x2A,
0xFF, 0x9E, 0x00, 0x00, 0x00, 0x4D, 0xFF, 0x81, 0x26, 0x2A, 0x47, 0xD6, 0xFD, 0x2D, 0x90, 0xFF,
0xFF, 0xEE, 0x5B, 0x00, 0x17, 0x47, 0x38, 0x0C, 0x00, 0x00, 0x10, 0xFF, 0xBC, 0x00, 0x00, 0x00,
0x00, 0x00, 0x64, 0xFF, 0xAE, 0x03, 0x10, 0xFF, 0xBC, 0x00, 0x00, 0x00, 0x00, 0x4F, 0xFC, 0xBE,
0x07, 0x00, 0x10, 0xFF, 0xBC, 0x00, 0x00, 0x00, 0x3C, 0xF7, 0xCC, 0x0D, 0x00, 0x00, 0x10, 0xFF,
0xBC, 0x00, 0x00, 0x2B, 0xEE, 0xD9, 0x15, 0x00, 0x00, 0x00, 0x10, 0xFF, 0xBC, 0x00, 0x1F, 0xE4,
0xE3, 0x1E, 0x00, 0x00, 0x00, 0x00, 0x10, 0xFF, 0xBC, 0x16, 0xDA, 0xED, 0x2A, 0x00, 0x00, 0x00,
0x00, 0x00, 0x10, 0xFF, 0xC9, 0xCD, 0xFF, 0xC5, 0x03, 0x00, 0x00, 0x00, 0x00, 0x00, 0x10, 0xFF,
0xFF, 0xDE, 0xBB, 0xFF, 0x83, 0x00, 0x00, 0x00, 0x00, 0x00, 0x10, 0xFF, 0xDC, 0x14, 0x10, 0xDD,
0xFD, 0x45, 0x00, 0x00, 0x00, 0x00, 0x10, 0xFF, 0xBC, 0x00, 0x00, 0x32, 0xF8, 0xE9, 0x19, 0x00,
0x00, 0x00, 0x10, 0xFF, 0xBC, 0x00, 0x00, 0x00, 0x67, 0xFF, 0xBE, 0x02, 0x00, 0x00, 0x10, 0xFF,
0xBC, 0x00, 0x00, 0x00, 0x00, 0xA4, 0xFF, 0x81, 0x00, 0x00, 0x10, 0xFF, 0xBC, 0x00, 0x00, 0x00,
0x00, 0x0B, 0xD6, 0xFD, 0x42, 0x00, 0x10, 0xFF, 0xBC, 0x00, 0x00, 0x00, 0x00, 0x00, 0x29, 0xF4,
0xE8, 0x18, 0x10, 0xFF, 0xBC, 0x00, 0x00, 0x00, 0x00, 0x00, 0x00, 0x10, 0xFF, 0xBC, 0x00, 0x00,
0x00, 0x00, 0x00, 0x00, 0x10, 0xFF, 0xBC, 0x00, 0x00, 0x00, 0x00, 0x00, 0x00, 0x10, 0xFF, 0xBC,
0x00, 0x00, 0x00, 0x00, 0x00, 0x00, 0x10, 0xFF, 0xBC, 0x00, 0x00, 0x00, 0x00, 0x00, 0x00, 0x10,
0xFF, 0xBC, 0x00, 0x00, 0x00, 0x00, 0x00, 0x00, 0x10, 0xFF, 0xBC, 0x00, 0x00, 0x00, 0x00, 0x00,
0x00, 0x10, 0xFF, 0xBC, 0x00, 0x00, 0x00, 0x00, 0x00, 0x00, 0x10, 0xFF, 0xBC, 0x00, 0x00, 0x00,
0x00, 0x00, 0x00, 0x10, 0xFF, 0xBC, 0x00, 0x00, 0x00, 0x00, 0x00, 0x00, 0x10, 0xFF, 0xBC, 0x00,
0x00, 0x00, 0x00, 0x00, 0x00, 0x10, 0xFF, 0xBC, 0x00, 0x00, 0x00, 0x00, 0x00, 0x00, 0x10, 0xFF,
0xE4, 0x98, 0x98, 0x98, 0x98, 0x98, 0x95, 0x10, 0xFF, 0xFF, 0xFF, 0xFF, 0xFF, 0xFF, 0xFF, 0xFC,
0x10, 0xFF, 0xFF, 0xC8, 0x00, 0x00, 0x00, 0x00, 0x00, 0x00, 0x00, 0x00, 0xA2, 0xFF, 0xFF, 0x34,
0x10, 0xFF, 0xF9, 0xFF, 0x2B, 0x00, 0x00, 0x00, 0x00, 0x00, 0x00, 0x0F, 0xF6, 0xFA, 0xFF, 0x34,
0x10, 0xFF, 0xAF, 0xFF, 0x8D, 0x00, 0x00, 0x00, 0x00, 0x00, 0x00, 0x6A, 0xFF, 0xB2, 0xFF, 0x34,
0x10, 0xFF, 0x8B, 0xCD, 0xE9, 0x05, 0x00, 0x00, 0x00, 0x00, 0x00, 0xCE, 0xD3, 0x88, 0xFF, 0x34,
0x10, 0xFF, 0x91, 0x6B, 0xFF, 0x51, 0x00, 0x00, 0x00, 0x00, 0x31, 0xFF, 0x6E, 0x8F, 0xFF, 0x34,
0x10, 0xFF, 0x96, 0x10, 0xF7, 0xB4, 0x00, 0x00, 0x00, 0x00, 0x96, 0xF8, 0x12, 0x93, 0xFF, 0x34,
0x10, 0xFF, 0x98, 0x00, 0xA6, 0xFC, 0x19, 0x00, 0x00, 0x09, 0xF0, 0xA6, 0x00, 0x94, 0xFF, 0x34,
0x10, 0xFF, 0x98, 0x00, 0x44, 0xFF, 0x78, 0x00, 0x00, 0x5E, 0xFF, 0x42, 0x00, 0x94, 0xFF, 0x34,
0x10, 0xFF, 0x98, 0x00, 0x01, 0xDF, 0xD9, 0x00, 0x00, 0xC2, 0xDD, 0x01, 0x00, 0x94, 0xFF, 0x34,
0x10, 0xFF, 0x98, 0x00, 0x00, 0x7F, 0xFF, 0x3C, 0x26, 0xFF, 0x7A, 0x00, 0x00, 0x94, 0xFF, 0x34,
0x10, 0xFF, 0x98, 0x00, 0x00, 0x1E, 0xFD, 0x9F, 0x8A, 0xFC, 0x1A, 0x00, 0x00, 0x94, 0xFF, 0x34,
0x10, 0xFF, 0x98, 0x00, 0x00, 0x00, 0xBA, 0xF4, 0xEA, 0xB2, 0x00, 0x00, 0x00, 0x94, 0xFF, 0x34,
0x10, 0xFF, 0x98, 0x00, 0x00, 0x00, 0x58, 0xFF, 0xFF, 0x4E, 0x00, 0x00, 0x00, 0x94, 0xFF, 0x34,
0x10, 0xFF, 0x98, 0x00, 0x00, 0x00, 0x07, 0xED, 0xE6, 0x03, 0x00, 0x00, 0x00, 0x94, 0xFF, 0x34,
0x10, 0xFF, 0xFF, 0x56, 0x00, 0x00, 0x00, 0x00, 0x00, 0x00, 0x6C, 0xFF, 0x44, 0x10, 0xFF, 0xFF,
0xE9, 0x12, 0x00, 0x00, 0x00, 0x00, 0x00, 0x6C, 0xFF, 0x44, 0x10, 0xFF, 0xDC, 0xFF, 0xA0, 0x00,
0x00, 0x00, 0x00, 0x00, 0x6C, 0xFF, 0x44, 0x10, 0xFF, 0x82, 0xC6, 0xFF, 0x45, 0x00, 0x00, 0x00,
0x00, 0x6C, 0xFF, 0x44, 0x10, 0xFF, 0x8A, 0x27, 0xF7, 0xDF, 0x0B, 0x00, 0x00, 0x00, 0x6C, 0xFF,
0x44, 0x10, 0xFF, 0x92, 0x00, 0x76, 0xFF, 0x8F, 0x00, 0x00, 0x00, 0x6C, 0xFF, 0x44, 0x10, 0xFF,
0x97, 0x00, 0x03, 0xC9, 0xFD, 0x37, 0x00, 0x00, 0x6C, 0xFF, 0x44, 0x10, 0xFF, 0x98, 0x00, 0x00,
0x2B, 0xF9, 0xD3, 0x05, 0x00, 0x6C, 0xFF, 0x44, 0x10, 0xFF, 0x98, 0x00, 0x00, 0x00, 0x7B, 0xFF,
0x7E, 0x00, 0x69, 0xFF, 0x44, 0x10, 0xFF, 0x98, 0x00, 0x00, 0x00, 0x04, 0xCD, 0xF9, 0x2A, 0x63,
0xFF, 0x44, 0x10, 0xFF, 0x98, 0x00, 0x00, 0x00, 0x00, 0x2E, 0xFA, 0xC6, 0x5A, 0xFF, 0x44, 0x10,
0xFF, 0x98, 0x00, 0x00, 0x00, 0x00, 0x00, 0x7F, 0xFF, 0xBB, 0xFF, 0x44, 0x10, 0xFF, 0x98, 0x00,
0x00, 0x00, 0x00, 0x00, 0x05, 0xD0, 0xFF, 0xFF, 0x44, 0x10, 0xFF, 0x98, 0x00, 0x00, 0x00, 0x00,
0x00, 0x00, 0x31, 0xFB, 0xFF, 0x44, 0x00, 0x00, 0x00, 0x44, 0xA8, 0xDB, 0xF5, 0xED, 0xCF, 0x80,
0x1A, 0x00, 0x00, 0x00, 0x00, 0x06, 0x9D, 0xFF, 0xEA, 0x9D, 0x7B, 0x82, 0xB2, 0xFB, 0xEE, 0x46,
0x00, 0x00, 0x00, 0x89, 0xFF, 0xAD, 0x0C, 0x00, 0x00, 0x00, 0x00, 0x2D, 0xE6, 0xF6, 0x26, 0x00,
0x1F, 0xFC, 0xE0, 0x09, 0x00, 0x00, 0x00, 0x00, 0x00, 0x00, 0x47, 0xFF, 0xB3, 0x00, 0x71, 0xFF,
0x7B, 0x00, 0x00, 0x00, 0x00, 0x00, 0x00, 0x00, 0x00, 0xDA, 0xFA, 0x11, 0xA5, 0xFF, 0x3F, 0x00,
0x00, 0x00, 0x00, 0x00, 0x00, 0x00, 0x00, 0xA0, 0xFF, 0x43, 0xBD, 0xFF, 0x26, 0x00, 0x00, 0x00,
0x00, 0x00, 0x00, 0x00, 0x00, 0x87, 0xFF, 0x5C, 0xBC, 0xFF, 0x27, 0x00, 0x00, 0x00, 0x00, 0x00,
0x00, 0x00, 0x00, 0x88, 0xFF, 0x5B, 0xA4, 0xFF, 0x40, 0x00, 0x00, 0x00, 0x00, 0x00, 0x00, 0x00,
0x00, 0xA1, 0xFF, 0x43, 0x6E, 0xFF, 0x7D, 0x00, 0x00, 0x00, 0x00, 0x00, 0x00, 0x00, 0x00, 0xDC,
0xFA, 0x10, 0x1D, 0xFB, 0xE2, 0x0A, 0x00, 0x00, 0x00, 0x00, 0x00, 0x00, 0x4A, 0xFF, 0xB3, 0x00,
0x00, 0x87, 0xFF, 0xAE, 0x0C, 0x00, 0x00, 0x00, 0x00, 0x2E, 0xE7, 0xF6, 0x26, 0x00, 0x00, 0x06,
0x9D, 0xFF, 0xE9, 0x9B, 0x7A, 0x81, 0xB3, 0xFB, 0xEE, 0x46, 0x00, 0x00, 0x00, 0x00, 0x00, 0x45,
0xA9, 0xDC, 0xF6, 0xED, 0xCF, 0x81, 0x1A, 0x00, 0x00, 0x00, 0x10, 0xFF, 0xFF, 0xFF, 0xFF, 0xF5,
0xD9, 0x9B, 0x28, 0x00, 0x00, 0x10, 0xFF, 0xDA, 0x74, 0x75, 0x84, 0xB9, 0xFE, 0xF7, 0x3D, 0x00,
0x10, 0xFF, 0xBC, 0x00, 0x00, 0x00, 0x00, 0x5B, 0xFF, 0xCD, 0x00, 0x10, 0xFF, 0xBC, 0x00, 0x00,
0x00, 0x00, 0x00, 0xE5, 0xFF, 0x08, 0x10, 0xFF, 0xBC, 0x00, 0x00, 0x00, 0x00, 0x00, 0xDD, 0xFD,
0x06, 0x10, 0xFF, 0xBC, 0x00, 0x00, 0x00, 0x00, 0x31, 0xFE, 0xC8, 0x00, 0x10, 0xFF, 0xC5, 0x24,
0x27, 0x3B, 0x75, 0xE9, 0xFB, 0x3F, 0x00, 0x10, 0xFF, 0xFF, 0xFF, 0xFF, 0xFF, 0xFE, 0xC6, 0x3A,
0x00, 0x00, 0x10, 0xFF, 0xD1, 0x50, 0x4C, 0x39, 0x17, 0x00, 0x00, 0x00, 0x00, 0x10, 0xFF, 0xBC,
0x00, 0x00, 0x00, 0x00, 0x00, 0x00, 0x00, 0x00, 0x10, 0xFF, 0xBC, 0x00, 0x00, 0x00, 0x00, 0x00,
0x00, 0x00, 0x00, 0x10, 0xFF, 0xBC, 0x00, 0x00, 0x00, 0x00, 0x00, 0x00, 0x00, 0x00, 0x10, 0xFF,
0xBC, 0x00, 0x00, 0x00, 0x00, 0x00, 0x00, 0x00, 0x00, 0x10, 0xFF, 0xBC, 0x00, 0x00, 0x00, 0x00,
0x00, 0x00, 0x00, 0x00, 0x00, 0x00, 0x00, 0x44, 0xA8, 0xDB, 0xF5, 0xED, 0xCF, 0x80, 0x1A, 0x00,
0x00, 0x00, 0x00, 0x06, 0x9D, 0xFF, 0xEA, 0x9D, 0x7B, 0x82, 0xB2, 0xFB, 0xEE, 0x46, 0x00, 0x00,
0x00, 0x89, 0xFF, 0xAD, 0x0C, 0x00, 0x00, 0x00, 0x00, 0x2D, 0xE6, 0xF6, 0x26, 0x00, 0x1F, 0xFC,
0xE0, 0x09, 0x00, 0x00, 0x00, 0x00, 0x00, 0x00, 0x47, 0xFF, 0xB3, 0x00, 0x71, 0xFF, 0x7B, 0x00,
0x00, 0x00, 0x00, 0x00, 0x00, 0x00, 0x00, 0xDA, 0xFA, 0x11, 0xA5, 0xFF, 0x3F, 0x00, 0x00, 0x00,
0x00, 0x00, 0x00, 0x00, 0x00, 0xA0, 0xFF, 0x43, 0xBD, 0xFF, 0x26, 0x00, 0x00, 0x00, 0x00, 0x00,
0x00, 0x00, 0x00, 0x87, 0xFF, 0x5B, 0xBC, 0xFF, 0x27, 0x00, 0x00, 0x00, 0x00, 0x00, 0x00, 0x00,
0x00, 0x88, 0xFF, 0x60, 0xA4, 0xFF, 0x40, 0x00, 0x00, 0x00, 0x00, 0x00, 0x00, 0x00, 0x00, 0xA1,
0xFF, 0x48, 0x6E, 0xFF, 0x7D, 0x00, 0x00, 0x00, 0x00, 0x00, 0x00, 0x00, 0x00, 0xDC, 0xFD, 0x15,
0x1D, 0xFB, 0xE2, 0x0A, 0x00, 0x00, 0x00, 0x00, 0x00, 0x00, 0x4A, 0xFF, 0xB6, 0x00, 0x00, 0x87,
0xFF, 0xAE, 0x0C, 0x00, 0x00, 0x00, 0x00, 0x2E, 0xE7, 0xF8, 0x2E, 0x00, 0x00, 0x06, 0x9D, 0xFF,
0xE9, 0x9B, 0x7A, 0x81, 0xB3, 0xFB, 0xF4, 0x50, 0x00, 0x00, 0x00, 0x00, 0x00, 0x45, 0xA9, 0xDC,
0xF7, 0xFF, 0xFF, 0xAE, 0x1E, 0x00, 0x00, 0x00, 0x00, 0x00, 0x00, 0x00, 0x00, 0x00, 0x00, 0x41,
0xF8, 0xE9, 0x2D, 0x00, 0x00, 0x00, 0x00, 0x00, 0x00, 0x00, 0x00, 0x00, 0x00, 0x00, 0x50, 0xFC,
0xEC, 0x32, 0x00, 0x00, 0x00, 0x00, 0x00, 0x00, 0x00, 0x00, 0x00, 0x00, 0x00, 0x60, 0xFB, 0xEB,
0x35, 0x00, 0x10, 0xFF, 0xFF, 0xFF, 0xFF, 0xF7, 0xDD, 0xA2, 0x30, 0x00, 0x00, 0x00, 0x10, 0xFF,
0xDA, 0x74, 0x74, 0x87, 0xB4, 0xFD, 0xFA, 0x44, 0x00, 0x00, 0x10, 0xFF, 0xBC, 0x00, 0x00, 0x00,
0x00, 0x4A, 0xFF, 0xD0, 0x00, 0x00, 0x10, 0xFF, 0xBC, 0x00, 0x00, 0x00, 0x00, 0x00, 0xE2, 0xFF,
0x07, 0x00, 0x10, 0xFF, 0xBC, 0x00, 0x00, 0x00, 0x00, 0x00, 0xDA, 0xFF, 0x08, 0x00, 0x10, 0xFF,
0xBC, 0x00, 0x00, 0x00, 0x00, 0x29, 0xFC, 0xD0, 0x00, 0x00, 0x10, 0xFF, 0xC5, 0x24, 0x24, 0x36,
0x66, 0xE1, 0xF8, 0x41, 0x00, 0x00, 0x10, 0xFF, 0xFF, 0xFF, 0xFF, 0xFF, 0xFF, 0xBA, 0x2D, 0x00,
0x00, 0x00, 0x10, 0xFF, 0xD1, 0x50, 0x50, 0x75, 0xFF, 0xA2, 0x00, 0x00, 0x00, 0x00, 0x10, 0xFF,
0xBC, 0x00, 0x00, 0x00, 0xB3, 0xFF, 0x46, 0x00, 0x00, 0x00, 0x10, 0xFF, 0xBC, 0x00, 0x00, 0x00,
0x20, 0xF6, 0xDE, 0x0A, 0x00, 0x00, 0x10, 0xFF, 0xBC, 0x00, 0x00, 0x00, 0x00, 0x7B, 0xFF, 0x8B,
0x00, 0x00, 0x10, 0xFF, 0xBC, 0x00, 0x00, 0x00, 0x00, 0x06, 0xD8, 0xFC, 0x32, 0x00, 0x10, 0xFF,
0xBC, 0x00, 0x00, 0x00, 0x00, 0x00, 0x43, 0xFF, 0xCE, 0x03, 0x00, 0x1D, 0x96, 0xDE, 0xF8, 0xEE,
0xD5, 0x9F, 0x3E, 0x00, 0x24, 0xEA, 0xFA, 0xA6, 0x7D, 0x8C, 0xB1, 0xF4, 0x68, 0x00, 0x9D, 0xFF,
0x54, 0x00, 0x00, 0x00, 0x00, 0x09, 0x08, 0x00, 0xC2, 0xFF, 0x0D, 0x00, 0x00, 0x00, 0x00, 0x00,
0x00, 0x00, 0xA1, 0xFF, 0x50, 0x00, 0x00, 0x00, 0x00, 0x00, 0x00, 0x00, 0x32, 0xFC, 0xF6, 0x7E,
0x13, 0x00, 0x00, 0x00, 0x00, 0x00, 0x00, 0x44, 0xE4, 0xFF, 0xF8, 0xA7, 0x3B, 0x00, 0x00, 0x00,
0x00, 0x00, 0x06, 0x5D, 0xC3, 0xFF, 0xFF, 0xAA, 0x0B, 0x00, 0x00, 0x00, 0x00, 0x00, 0x00, 0x2F,
0xC5, 0xFF, 0x9E, 0x00, 0x00, 0x00, 0x00, 0x00, 0x00, 0x00, 0x0A, 0xEC, 0xF6, 0x00, 0x00, 0x00,
0x00, 0x00, 0x00, 0x00, 0x00, 0xD2, 0xFD, 0x04, 0x18, 0x00, 0x00, 0x00, 0x00, 0x00, 0x38, 0xFC,
0xC8, 0x00, 0xF9, 0xC9, 0x9F, 0x82, 0x80, 0xAA, 0xFA, 0xF0, 0x34, 0x00, 0x88, 0xCA, 0xE7, 0xF8,
0xF8, 0xD9, 0x93, 0x1E, 0x00, 0x00, 0xCC, 0xFF, 0xFF, 0xFF, 0xFF, 0xFF, 0xFF, 0xFF, 0xFF, 0xFF,
0xE8, 0x5C, 0x74, 0x74, 0x74, 0xA4, 0xFF, 0xB3, 0x74, 0x74, 0x74, 0x69, 0x00, 0x00, 0x00, 0x00,
0x58, 0xFF, 0x74, 0x00, 0x00, 0x00, 0x00, 0x00, 0x00, 0x00, 0x00, 0x58, 0xFF, 0x74, 0x00, 0x00,
0x00, 0x00, 0x00, 0x00, 0x00, 0x00, 0x58, 0xFF, 0x74, 0x00, 0x00, 0x00, 0x00, 0x00, 0x00, 0x00,
0x00, 0x58, 0xFF, 0x74, 0x00, 0x00, 0x00, 0x00, 0x00, 0x00, 0x00, 0x00, 0x58, 0xFF, 0x74, 0x00,
0x00, 0x00, 0x00, 0x00, 0x00, 0x00, 0x00, 0x58, 0xFF, 0x74, 0x00, 0x00, 0x00, 0x00, 0x00, 0x00,
0x00, 0x00, 0x58, 0xFF, 0x74, 0x00, 0x00, 0x00, 0x00, 0x00, 0x00, 0x00, 0x00, 0x58, 0xFF, 0x74,
0x00, 0x00, 0x00, 0x00, 0x00, 0x00, 0x00, 0x00, 0x58, 0xFF, 0x74, 0x00, 0x00, 0x00, 0x00, 0x00,
0x00, 0x00, 0x00, 0x58, 0xFF, 0x74, 0x00, 0x00, 0x00, 0x00, 0x00, 0x00, 0x00, 0x00, 0x58, 0xFF,
0x74, 0x00, 0x00, 0x00, 0x00, 0x00, 0x00, 0x00, 0x00, 0x58, 0xFF, 0x74, 0x00, 0x00, 0x00, 0x00,
0x34, 0xFF, 0x98, 0x00, 0x00, 0x00, 0x00, 0x00, 0x00, 0x00, 0xFC, 0xCC, 0x34, 0xFF, 0x98, 0x00,
0x00, 0x00, 0x00, 0x00, 0x00, 0x00, 0xFC, 0xCC, 0x34, 0xFF, 0x98, 0x00, 0x00, 0x00, 0x00, 0x00,
0x00, 0x00, 0xFC, 0xCC, 0x34, 0xFF, 0x98, 0x00, 0x00, 0x00, 0x00, 0x00, 0x00, 0x00, 0xFC, 0xCC,
0x34, 0xFF, 0x98, 0x00, 0x00, 0x00, 0x00, 0x00, 0x00, 0x00, 0xFC, 0xCC, 0x34, 0xFF, 0x98, 0x00,
0x00, 0x00, 0x00, 0x00, 0x00, 0x00, 0xFC, 0xCC, 0x34, 0xFF, 0x98, 0x00, 0x00, 0x00, 0x00, 0x00,
0x00, 0x00, 0xFC, 0xCC, 0x34, 0xFF, 0x98, 0x00, 0x00, 0x00, 0x00, 0x00, 0x00, 0x00, 0xFC, 0xCC,
0x33, 0xFF, 0x98, 0x00, 0x00, 0x00, 0x00, 0x00, 0x00, 0x00, 0xFC, 0xCB, 0x27, 0xFF, 0xAB, 0x00,
0x00, 0x00, 0x00, 0x00, 0x00, 0x11, 0xFF, 0xBB, 0x06, 0xF5, 0xDD, 0x03, 0x00, 0x00, 0x00, 0x00,
0x00, 0x4B, 0xFF, 0x8E, 0x00, 0x98, 0xFF, 0x81, 0x01, 0x00, 0x00, 0x00, 0x0F, 0xD4, 0xFB, 0x2B,
0x00, 0x0E, 0xCF, 0xFF, 0xCF, 0x91, 0x79, 0x95, 0xE8, 0xFD, 0x6B, 0x00, 0x00, 0x00, 0x0A, 0x77,
0xCC, 0xF3, 0xF8, 0xE1, 0xA6, 0x3A, 0x00, 0x00, 0xD1, 0xFA, 0x13, 0x00, 0x00, 0x00, 0x00, 0x00,
0x00, 0x18, 0xFC, 0xD0, 0x74, 0xFF, 0x69, 0x00, 0x00, 0x00, 0x00, 0x00, 0x00, 0x71, 0xFF, 0x73,
0x1A, 0xFD, 0xC4, 0x00, 0x00, 0x00, 0x00, 0x00, 0x00, 0xCC, 0xFD, 0x19, 0x00, 0xBA, 0xFE, 0x21,
0x00, 0x00, 0x00, 0x00, 0x27, 0xFF, 0xB9, 0x00, 0x00, 0x5D, 0xFF, 0x7B, 0x00, 0x00, 0x00, 0x00,
0x82, 0xFF, 0x5C, 0x00, 0x00, 0x0B, 0xF4, 0xD6, 0x00, 0x00, 0x00, 0x00, 0xDC, 0xF4, 0x0B, 0x00,
0x00, 0x00, 0xA3, 0xFF, 0x32, 0x00, 0x00, 0x38, 0xFF, 0xA2, 0x00, 0x00, 0x00, 0x00, 0x46, 0xFF,
0x8E, 0x00, 0x00, 0x94, 0xFF, 0x44, 0x00, 0x00, 0x00, 0x00, 0x02, 0xE5, 0xE6, 0x03, 0x04, 0xEA,
0xE5, 0x02, 0x00, 0x00, 0x00, 0x00, 0x00, 0x8B, 0xFF, 0x42, 0x46, 0xFF, 0x8A, 0x00, 0x00, 0x00,
0x00, 0x00, 0x00, 0x2E, 0xFF, 0x97, 0x99, 0xFF, 0x2D, 0x00, 0x00, 0x00, 0x00, 0x00, 0x00, 0x00,
0xD1, 0xDB, 0xDD, 0xD0, 0x00, 0x00, 0x00, 0x00, 0x00, 0x00, 0x00, 0x00, 0x74, 0xFF, 0xFF, 0x73,
0x00, 0x00, 0x00, 0x00, 0x00, 0x00, 0x00, 0x00, 0x1A, 0xFC, 0xFC, 0x19, 0x00, 0x00, 0x00, 0x00,
0xA2, 0xFF, 0x40, 0x00, 0x00, 0x00, 0x00, 0x00, 0xDA, 0xFF, 0x4E, 0x00, 0x00, 0x00, 0x00, 0x00,
0xAD, 0xFF, 0x34, 0x5C, 0xFF, 0x83, 0x00, 0x00, 0x00, 0x00, 0x27, 0xFF, 0xFF, 0x9D, 0x00, 0x00,
0x00, 0x00, 0x01, 0xEC, 0xED, 0x02, 0x18, 0xFF, 0xC5, 0x00, 0x00, 0x00, 0x00, 0x73, 0xFF, 0xD7,
0xE9, 0x02, 0x00, 0x00, 0x00, 0x30, 0xFF, 0xAA, 0x00, 0x00, 0xD2, 0xFB, 0x0C, 0x00, 0x00, 0x00,
0xBF, 0xEA, 0x74, 0xFF, 0x3B, 0x00, 0x00, 0x00, 0x72, 0xFF, 0x64, 0x00, 0x00, 0x8D, 0xFF, 0x4A,
0x00, 0x00, 0x0F, 0xFB, 0xA8, 0x2C, 0xFF, 0x8A, 0x00, 0x00, 0x00, 0xB3, 0xFF, 0x1F, 0x00, 0x00,
0x48, 0xFF, 0x8C, 0x00, 0x00, 0x57, 0xFF, 0x60, 0x00, 0xDF, 0xD8, 0x00, 0x00, 0x03, 0xF1, 0xD9,
0x00, 0x00, 0x00, 0x0A, 0xF8, 0xCF, 0x00, 0x00, 0xA3, 0xFD, 0x16, 0x00, 0x92, 0xFF, 0x27, 0x00,
0x36, 0xFF, 0x94, 0x00, 0x00, 0x00, 0x00, 0xBE, 0xFE, 0x13, 0x02, 0xEB, 0xC8, 0x00, 0x00, 0x44,
0xFF, 0x76, 0x00, 0x78, 0xFF, 0x4E, 0x00, 0x00, 0x00, 0x00, 0x78, 0xFF, 0x52, 0x39, 0xFF, 0x7B,
0x00, 0x00, 0x05, 0xF0, 0xC4, 0x00, 0xB9, 0xFB, 0x0E, 0x00, 0x00, 0x00, 0x00, 0x33, 0xFF, 0x8F,
0x7F, 0xFF, 0x2F, 0x00, 0x00, 0x00, 0xA8, 0xFB, 0x11, 0xF3, 0xC4, 0x00, 0x00, 0x00, 0x00, 0x00,
0x02, 0xEC, 0xC7, 0xBB, 0xE2, 0x00, 0x00, 0x00, 0x00, 0x5A, 0xFF, 0x7A, 0xFF, 0x7E, 0x00, 0x00,
0x00, 0x00, 0x00, 0x00, 0xA9, 0xF1, 0xE9, 0x96, 0x00, 0x00, 0x00, 0x00, 0x10, 0xFB, 0xD9, 0xFF,
0x39, 0x00, 0x00, 0x00, 0x00, 0x00, 0x00, 0x64, 0xFF, 0xFF, 0x4A, 0x00, 0x00, 0x00, 0x00, 0x00,
0xBE, 0xFF, 0xF0, 0x03, 0x00, 0x00, 0x00, 0x00, 0x00, 0x00, 0x1F, 0xFF, 0xF5, 0x08, 0x00, 0x00,
0x00, 0x00, 0x00, 0x6F, 0xFF, 0xAE, 0x00, 0x00, 0x00, 0x00, 0x4C, 0xFF, 0xB0, 0x00, 0x00, 0x00,
0x00, 0x00, 0x0A, 0xDF, 0xE6, 0x10, 0x00, 0xA4, 0xFF, 0x52, 0x00, 0x00, 0x00, 0x00, 0x8D, 0xFF,
0x4E, 0x00, 0x00, 0x12, 0xE8, 0xE5, 0x0E, 0x00, 0x00, 0x34, 0xFC, 0xA5, 0x00, 0x00, 0x00, 0x00,
0x53, 0xFF, 0x96, 0x00, 0x04, 0xCF, 0xE9, 0x13, 0x00, 0x00, 0x00, 0x00, 0x00, 0xAB, 0xFE, 0x3A,
0x78, 0xFF, 0x54, 0x00, 0x00, 0x00, 0x00, 0x00, 0x00, 0x16, 0xEC, 0xDB, 0xF6, 0xAA, 0x00, 0x00,
0x00, 0x00, 0x00, 0x00, 0x00, 0x00, 0x64, 0xFF, 0xF9, 0x17, 0x00, 0x00, 0x00, 0x00, 0x00, 0x00,
0x00, 0x00, 0xAD, 0xFF, 0xFF, 0x64, 0x00, 0x00, 0x00, 0x00, 0x00, 0x00, 0x00, 0x55, 0xFF, 0x7C,
0xD3, 0xF0, 0x1B, 0x00, 0x00, 0x00, 0x00, 0x00, 0x12, 0xE9, 0xD0, 0x04, 0x3A, 0xFE, 0xB3, 0x00,
0x00, 0x00, 0x00, 0x00, 0xA3, 0xFD, 0x35, 0x00, 0x00, 0x99, 0xFF, 0x5A, 0x00, 0x00, 0x00, 0x4A,
0xFF, 0x91, 0x00, 0x00, 0x00, 0x10, 0xE8, 0xEB, 0x15, 0x00, 0x0E, 0xE3, 0xE2, 0x0C, 0x00, 0x00,
0x00, 0x00, 0x59, 0xFF, 0xA8, 0x00, 0x98, 0xFF, 0x4D, 0x00, 0x00, 0x00, 0x00, 0x00, 0x00, 0xB7,
0xFF, 0x50, 0xBA, 0xFF, 0x37, 0x00, 0x00, 0x00, 0x00, 0x00, 0x05, 0xDE, 0xF2, 0x16, 0x2F, 0xFD,
0xBE, 0x00, 0x00, 0x00, 0x00, 0x00, 0x6C, 0xFF, 0x7B, 0x00, 0x00, 0xA1, 0xFF, 0x45, 0x00, 0x00,
0x00, 0x0B, 0xE8, 0xE4, 0x09, 0x00, 0x00, 0x1D, 0xF7, 0xCB, 0x00, 0x00, 0x00, 0x7B, 0xFF, 0x60,
0x00, 0x00, 0x00, 0x00, 0x88, 0xFF, 0x53, 0x00, 0x12, 0xF0, 0xD0, 0x02, 0x00, 0x00, 0x00, 0x00,
0x0F, 0xEC, 0xD7, 0x03, 0x8B, 0xFF, 0x45, 0x00, 0x00, 0x00, 0x00, 0x00, 0x00, 0x6F, 0xFF, 0x7C,
0xF7, 0xB8, 0x00, 0x00, 0x00, 0x00, 0x00, 0x00, 0x00, 0x06, 0xDD, 0xFF, 0xFD, 0x2D, 0x00, 0x00,
0x00, 0x00, 0x00, 0x00, 0x00, 0x00, 0x5D, 0xFF, 0xA8, 0x00, 0x00, 0x00, 0x00, 0x00, 0x00, 0x00,
0x00, 0x00, 0x3C, 0xFF, 0x90, 0x00, 0x00, 0x00, 0x00, 0x00, 0x00, 0x00, 0x00, 0x00, 0x3C, 0xFF,
0x90, 0x00, 0x00, 0x00, 0x00, 0x00, 0x00, 0x00, 0x00, 0x00, 0x3C, 0xFF, 0x90, 0x00, 0x00, 0x00,
0x00, 0x00, 0x00, 0x00, 0x00, 0x00, 0x3C, 0xFF, 0x90, 0x00, 0x00, 0x00, 0x00, 0x00, 0x00, 0x00,
0x00, 0x00, 0x3C, 0xFF, 0x90, 0x00, 0x00, 0x00, 0x00, 0x00, 0x00, 0xFF, 0xFF, 0xFF, 0xFF, 0xFF,
0xFF, 0xFF, 0xFF, 0xFF, 0x74, 0x00, 0x74, 0x74, 0x74, 0x74, 0x74, 0x74, 0x75, 0xF0, 0xFF, 0x44,
0x00, 0x00, 0x00, 0x00, 0x00, 0x00, 0x00, 0x6B, 0xFF, 0x9E, 0x00, 0x00, 0x00, 0x00, 0x00, 0x00,
0x00, 0x20, 0xF3, 0xE4, 0x0F, 0x00, 0x00, 0x00, 0x00, 0x00, 0x00, 0x01, 0xBD, 0xFF, 0x4A, 0x00,
0x00, 0x00, 0x00, 0x00, 0x00, 0x00, 0x69, 0xFF, 0xA0, 0x00, 0x00, 0x00, 0x00, 0x00, 0x00, 0x00,
0x1F, 0xF2, 0xE5, 0x10, 0x00, 0x00, 0x00, 0x00, 0x00, 0x00, 0x00, 0xBB, 0xFF, 0x4B, 0x00, 0x00,
0x00, 0x00, 0x00, 0x00, 0x00, 0x67, 0xFF, 0xA1, 0x00, 0x00, 0x00, 0x00, 0x00, 0x00, 0x00, 0x1E,
0xF2, 0xE5, 0x11, 0x00, 0x00, 0x00, 0x00, 0x00, 0x00, 0x00, 0xB9, 0xFF, 0x4C, 0x00, 0x00, 0x00,
0x00, 0x00, 0x00, 0x00, 0x65, 0xFF, 0xA2, 0x00, 0x00, 0x00, 0x00, 0x00, 0x00, 0x00, 0x18, 0xF1,
0xFF, 0x85, 0x74, 0x74, 0x74, 0x74, 0x74, 0x74, 0x4C, 0x3C, 0xFF, 0xFF, 0xFF, 0xFF, 0xFF, 0xFF,
0xFF, 0xFF, 0xFF, 0xA8, 0x0E, 0x24, 0x24, 0x24, 0x14, 0x68, 0xFF, 0xFF, 0xFF, 0x90, 0x68, 0xFF,
0x8C, 0x50, 0x2D, 0x68, 0xFF, 0x58, 0x00, 0x00, 0x68, 0xFF, 0x58, 0x00, 0x00, 0x68, 0xFF, 0x58,
0x00, 0x00, 0x68, 0xFF, 0x58, 0x00, 0x00, 0x68, 0xFF, 0x58, 0x00, 0x00, 0x68, 0xFF, 0x58, 0x00,
0x00, 0x68, 0xFF, 0x58, 0x00, 0x00, 0x68, 0xFF, 0x58, 0x00, 0x00, 0x68, 0xFF, 0x58, 0x00, 0x00,
0x68, 0xFF, 0x58, 0x00, 0x00, 0x68, 0xFF, 0x58, 0x00, 0x00, 0x68, 0xFF, 0x58, 0x00, 0x00, 0x68,
0xFF, 0x58, 0x00, 0x00, 0x68, 0xFF, 0x58, 0x00, 0x00, 0x68, 0xFF, 0x58, 0x00, 0x00, 0x68, 0xFF,
0x58, 0x00, 0x00, 0x68, 0xFF, 0x58, 0x00, 0x00, 0x68, 0xFF, 0xA4, 0x74, 0x41, 0x68, 0xFF, 0xFF,
0xFF, 0x90, 0x74, 0xFF, 0x3F, 0x00, 0x00, 0x00, 0x00, 0x00, 0x33, 0xFF, 0x80, 0x00, 0x00, 0x00,
0x00, 0x00, 0x02, 0xEF, 0xC1, 0x00, 0x00, 0x00, 0x00, 0x00, 0x00, 0xB1, 0xF9, 0x09, 0x00, 0x00,
0x00, 0x00, 0x00, 0x71, 0xFF, 0x43, 0x00, 0x00, 0x00, 0x00, 0x00, 0x30, 0xFF, 0x83, 0x00, 0x00,
0x00, 0x00, 0x00, 0x01, 0xED, 0xC4, 0x00, 0x00, 0x00, 0x00, 0x00, 0x00, 0xAE, 0xFA, 0x0B, 0x00,
0x00, 0x00, 0x00, 0x00, 0x6E, 0xFF, 0x46, 0x00, 0x00, 0x00, 0x00, 0x00, 0x2D, 0xFF, 0x86, 0x00,
0x00, 0x00, 0x00, 0x00, 0x01, 0xEA, 0xC7, 0x00, 0x00, 0x00, 0x00, 0x00, 0x00, 0xAB, 0xFB, 0x0C,
0x00, 0x00, 0x00, 0x00, 0x00, 0x6B, 0xFF, 0x49, 0x00, 0x00, 0x00, 0x00, 0x00, 0x2A, 0xFF, 0x89,
0x00, 0x00, 0x00, 0x00, 0x00, 0x00, 0xE8, 0xCA, 0x00, 0x00, 0x00, 0x00, 0x00, 0x00, 0xA8, 0xFC,
0x0E, 0x00, 0x00, 0x00, 0x00, 0x00, 0x68, 0xFF, 0x4C, 0x00, 0x00, 0x00, 0x00, 0x00, 0x27, 0xFF,
0x8C, 0x00, 0x00, 0x00, 0x00, 0x00, 0x00, 0xE5, 0xCD, 0x00, 0x00, 0x00, 0x00, 0x00, 0x00, 0xA5,
0xFD, 0x11, 0x00, 0x00, 0x00, 0x00, 0x00, 0x64, 0xFF, 0x4F, 0x07, 0x24, 0x24, 0x24, 0x1B, 0x34,
0xFF, 0xFF, 0xFF, 0xC4, 0x10, 0x50, 0x50, 0xFD, 0xC4, 0x00, 0x00, 0x00, 0xFC, 0xC4, 0x00, 0x00,
0x00, 0xFC, 0xC4, 0x00, 0x00, 0x00, 0xFC, 0xC4, 0x00, 0x00, 0x00, 0xFC, 0xC4, 0x00, 0x00, 0x00,
0xFC, 0xC4, 0x00, 0x00, 0x00, 0xFC, 0xC4, 0x00, 0x00, 0x00, 0xFC, 0xC4, 0x00, 0x00, 0x00, 0xFC,
0xC4, 0x00, 0x00, 0x00, 0xFC, 0xC4, 0x00, 0x00, 0x00, 0xFC, 0xC4, 0x00, 0x00, 0x00, 0xFC, 0xC4,
0x00, 0x00, 0x00, 0xFC, 0xC4, 0x00, 0x00, 0x00, 0xFC, 0xC4, 0x00, 0x00, 0x00, 0xFC, 0xC4, 0x00,
0x00, 0x00, 0xFC, 0xC4, 0x00, 0x00, 0x00, 0xFC, 0xC4, 0x00, 0x00, 0x00, 0xFC, 0xC4, 0x17, 0x74,
0x74, 0xFD, 0xC4, 0x34, 0xFF, 0xFF, 0xFF, 0xC4, 0x00, 0x00, 0x00, 0x00, 0x0C, 0xEB, 0x85, 0x00,
0x00, 0x00, 0x00, 0x00, 0x00, 0x00, 0x00, 0x79, 0xFE, 0xF1, 0x10, 0x00, 0x00, 0x00, 0x00, 0x00,
0x00, 0x0C, 0xEB, 0x81, 0xE7, 0x7D, 0x00, 0x00, 0x00, 0x00, 0x00, 0x00, 0x79, 0xF0, 0x0F, 0x79,
0xEC, 0x0C, 0x00, 0x00, 0x00, 0x00, 0x0C, 0xEB, 0x84, 0x00, 0x10, 0xF2, 0x75, 0x00, 0x00, 0x00,
0x00, 0x79, 0xF5, 0x14, 0x00, 0x00, 0x8D, 0xE8, 0x09, 0x00, 0x00, 0x0C, 0xEB, 0x8E, 0x00, 0x00,
0x00, 0x1C, 0xFA, 0x6D, 0x00, 0x00, 0x79, 0xF9, 0x1B, 0x00, 0x00, 0x00, 0x00, 0xA1, 0xE3, 0x06,
0x0C, 0xEB, 0x99, 0x00, 0x00, 0x00, 0x00, 0x00, 0x2C, 0xFE, 0x65, 0x01, 0x24, 0x24, 0x24, 0x24,
0x24, 0x24, 0x24, 0x24, 0x21, 0x0C, 0xFF, 0xFF, 0xFF, 0xFF, 0xFF, 0xFF, 0xFF, 0xFF, 0xEC, 0x03,
0x50, 0x50, 0x50, 0x50, 0x50, 0x50, 0x50, 0x50, 0x49, 0x11, 0xDF, 0xFD, 0x34, 0x00, 0x00, 0x26,
0xE6, 0xD0, 0x06, 0x00, 0x00, 0x22, 0xD5, 0x91, 0x00, 0x00, 0x37, 0x9C, 0xDF, 0xFA, 0xF2, 0xBE,
0x3D, 0x00, 0x00, 0x00, 0xB2, 0xF1, 0x9F, 0x7B, 0xA0, 0xFB, 0xF6, 0x23, 0x00, 0x00, 0x23, 0x0E,
0x00, 0x00, 0x00, 0x77, 0xFF, 0x78, 0x00, 0x00, 0x00, 0x00, 0x00, 0x00, 0x00, 0x33, 0xFF, 0x94,
0x00, 0x00, 0x00, 0x00, 0x0A, 0x1D, 0x23, 0x3F, 0xFF, 0x98, 0x00, 0x04, 0x78, 0xD8, 0xFE, 0xFF,
0xFF, 0xFF, 0xFF, 0x98, 0x00, 0x9D, 0xFF, 0xCF, 0x76, 0x58, 0x50, 0x68, 0xFF, 0x98, 0x07, 0xFB,
0xE4, 0x09, 0x00, 0x00, 0x00, 0x3A, 0xFF, 0x98, 0x04, 0xF9, 0xD6, 0x01, 0x00, 0x00, 0x01, 0xA7,
0xFF, 0x98, 0x00, 0xAF, 0xFF, 0xBB, 0x7C, 0x8C, 0xD7, 0xB5, 0xF6, 0x98, 0x00, 0x11, 0x97, 0xE5,
0xF9, 0xDE, 0x82, 0x06, 0xC9, 0x98, 0x4C, 0xFF, 0x74, 0x00, 0x00, 0x00, 0x00, 0x00, 0x00, 0x00,
0x00, 0x4C, 0xFF, 0x74, 0x00, 0x00, 0x00, 0x00, 0x00, 0x00, 0x00, 0x00, 0x4C, 0xFF, 0x74, 0x00,
0x00, 0x00, 0x00, 0x00, 0x00, 0x00, 0x00, 0x4C, 0xFF, 0x73, 0x00, 0x00, 0x00, 0x00, 0x00, 0x00,
0x00, 0x00, 0x4C, 0xFF, 0x6D, 0x52, 0xCC, 0xF6, 0xED, 0xA8, 0x22, 0x00, 0x00, 0x4C, 0xFF, 0xBE,
0xED, 0x94, 0x7D, 0xAD, 0xFE, 0xEA, 0x1F, 0x00, 0x4C, 0xFF, 0xF6, 0x24, 0x00, 0x00, 0x00, 0x69,
0xFF, 0xA7, 0x00, 0x4C, 0xFF, 0xAC, 0x00, 0x00, 0x00, 0x00, 0x04, 0xE6, 0xF6, 0x04, 0x4C, 0xFF,
0x80, 0x00, 0x00, 0x00, 0x00, 0x00, 0xBA, 0xFF, 0x23, 0x4C, 0xFF, 0x77, 0x00, 0x00, 0x00, 0x00,
0x00, 0xA6, 0xFF, 0x2F, 0x4C, 0xFF, 0x8B, 0x00, 0x00, 0x00, 0x00, 0x00, 0xBB, 0xFF, 0x22, 0x4C,
0xFF, 0xB9, 0x00, 0x00, 0x00, 0x00, 0x05, 0xE8, 0xF5, 0x03, 0x4C, 0xFF, 0xFD, 0x2B, 0x00, 0x00,
0x00, 0x66, 0xFF, 0xA4, 0x00, 0x4C, 0xFF, 0xC0, 0xF0, 0x95, 0x79, 0xA2, 0xFC, 0xE9, 0x1E, 0x00,
0x4C, 0xFE, 0x13, 0x61, 0xD1, 0xF8, 0xED, 0xA6, 0x20, 0x00, 0x00, 0x00, 0x00, 0x59, 0xC1, 0xEE,
0xF4, 0xD7, 0x8A, 0x00, 0x93, 0xFF, 0xD3, 0x84, 0x85, 0xBA, 0x95, 0x44, 0xFF, 0xB8, 0x04, 0x00,
0x00, 0x00, 0x00, 0xA3, 0xFF, 0x35, 0x00, 0x00, 0x00, 0x00, 0x00, 0xCF, 0xFA, 0x03, 0x00, 0x00,
0x00, 0x00, 0x00, 0xE2, 0xF0, 0x00, 0x00, 0x00, 0x00, 0x00, 0x00, 0xD2, 0xFF, 0x07, 0x00, 0x00,
0x00, 0x00, 0x00, 0xAA, 0xFF, 0x3C, 0x00, 0x00, 0x00, 0x00, 0x00, 0x4F, 0xFF, 0xB9, 0x02, 0x00,
0x00, 0x00, 0x01, 0x00, 0xA4, 0xFF, 0xCE, 0x80, 0x82, 0xA5, 0xB4, 0x00, 0x01, 0x68, 0xCA, 0xF3,
0xFA, 0xDA, 0x72, 0x00, 0x00, 0x00, 0x00, 0x00, 0x00, 0x00, 0x28, 0xFF, 0x98, 0x00, 0x00, 0x00,
0x00, 0x00, 0x00, 0x00, 0x28, 0xFF, 0x98, 0x00, 0x00, 0x00, 0x00, 0x00, 0x00, 0x00, 0x28, 0xFF,
0x98, 0x00, 0x00, 0x00, 0x00, 0x00, 0x00, 0x00, 0x28, 0xFF, 0x98, 0x00, 0x08, 0x83, 0xDE, 0xF9,
0xE0, 0x7F, 0x27, 0xFF, 0x98, 0x02, 0xB9, 0xFF, 0xC8, 0x7C, 0x88, 0xDA, 0xC0, 0xFF, 0x98, 0x59,
0xFF, 0xB8, 0x02, 0x00, 0x00, 0x08, 0xD5, 0xFF, 0x98, 0xAE, 0xFF, 0x40, 0x00, 0x00, 0x00, 0x00,
0x6D, 0xFF, 0x98, 0xD8, 0xFF, 0x08, 0x00, 0x00, 0x00, 0x00, 0x3E, 0xFF, 0x98, 0xE4, 0xF2, 0x00,
0x00, 0x00, 0x00, 0x00, 0x28, 0xFF, 0x98, 0xD8, 0xFE, 0x06, 0x00, 0x00, 0x00, 0x00, 0x35, 0xFF,
0x98, 0xB0, 0xFF, 0x36, 0x00, 0x00, 0x00, 0x00, 0x5C, 0xFF, 0x98, 0x5E, 0xFF, 0xAD, 0x00, 0x00,
0x00, 0x04, 0xC8, 0xFF, 0x98, 0x03, 0xBF, 0xFF, 0xC3, 0x7B, 0x84, 0xD2, 0xBE, 0xFF, 0x98, 0x00,
0x0A, 0x87, 0xE1, 0xFA, 0xE1, 0x85, 0x07, 0xE5, 0x98, 0x00, 0x00, 0x5E, 0xCA, 0xF3, 0xED, 0xB7,
0x3D, 0x00, 0x00, 0x00, 0x8C, 0xFF, 0xBD, 0x80, 0x8D, 0xE5, 0xFD, 0x50, 0x00, 0x3A, 0xFF, 0x86,
0x00, 0x00, 0x00, 0x14, 0xEB, 0xE3, 0x02, 0x9B, 0xFF, 0x35, 0x24, 0x24, 0x24, 0x24, 0xB3, 0xFF,
0x2B, 0xCF, 0xFF, 0xFF, 0xFF, 0xFF, 0xFF, 0xFF, 0xFF, 0xFF, 0x42, 0xE2, 0xFA, 0x50, 0x50, 0x50,
0x50, 0x50, 0x50, 0x50, 0x15, 0xD1, 0xFF, 0x14, 0x00, 0x00, 0x00, 0x00, 0x00, 0x00, 0x00, 0xA1,
0xFF, 0x5A, 0x00, 0x00, 0x00, 0x00, 0x00, 0x00, 0x00, 0x3D, 0xFF, 0xDB, 0x13, 0x00, 0x00, 0x00,
0x00, 0x1D, 0x00, 0x00, 0x84, 0xFF, 0xE8, 0x90, 0x7B, 0x97, 0xCF, 0xC8, 0x00, 0x00, 0x00, 0x4F,
0xBA, 0xEB, 0xFC, 0xED, 0xBB, 0x5A, 0x00, 0x00, 0x00, 0x00, 0x6B, 0xD5, 0xF6, 0xE7, 0x77, 0x00,
0x00, 0x67, 0xFF, 0xD3, 0x7F, 0x8E, 0x46, 0x00, 0x00, 0xBA, 0xFF, 0x1B, 0x00, 0x00, 0x00, 0x00,
0x00, 0xCF, 0xF2, 0x00, 0x00, 0x00, 0x00, 0x60, 0xD1, 0xFF, 0xFF, 0xFF, 0xFF, 0xA4, 0x00, 0x51,
0x74, 0xE5, 0xF7, 0x74, 0x74, 0x4A, 0x00, 0x00, 0x00, 0xD0, 0xF0, 0x00, 0x00, 0x00, 0x00, 0x00,
0x00, 0xD0, 0xF0, 0x00, 0x00, 0x00, 0x00, 0x00, 0x00, 0xD0, 0xF0, 0x00, 0x00, 0x00, 0x00, 0x00,
0x00, 0xD0, 0xF0, 0x00, 0x00, 0x00, 0x00, 0x00, 0x00, 0xD0, 0xF0, 0x00, 0x00, 0x00, 0x00, 0x00,
0x00, 0xD0, 0xF0, 0x00, 0x00, 0x00, 0x00, 0x00, 0x00, 0xD0, 0xF0, 0x00, 0x00, 0x00, 0x00, 0x00,
0x00, 0xD0, 0xF0, 0x00, 0x00, 0x00, 0x00, 0x00, 0x00, 0xD0, 0xF0, 0x00, 0x00, 0x00, 0x00, 0x00,
0x07, 0x81, 0xDF, 0xF9, 0xDD, 0x7D, 0x06, 0xE0, 0x98, 0x00, 0xB0, 0xFF, 0xC7, 0x7D, 0x95, 0xE3,
0xB5, 0xFD, 0x98, 0x50, 0xFF, 0xB7, 0x01, 0x00, 0x00, 0x11, 0xD1, 0xFF, 0x98, 0xA9, 0xFF, 0x3C,
0x00, 0x00, 0x00, 0x00, 0x60, 0xFF, 0x98, 0xD7, 0xFF, 0x08, 0x00, 0x00, 0x00, 0x00, 0x30, 0xFF,
0x98, 0xE4, 0xF2, 0x00, 0x00, 0x00, 0x00, 0x00, 0x21, 0xFF, 0x98, 0xD8, 0xFE, 0x06, 0x00, 0x00,
0x00, 0x00, 0x28, 0xFF, 0x98, 0xAD, 0xFF, 0x38, 0x00, 0x00, 0x00, 0x00, 0x50, 0xFF, 0x98, 0x58,
0xFF, 0xAF, 0x00, 0x00, 0x00, 0x08, 0xBF, 0xFF, 0x98, 0x01, 0xBB, 0xFF, 0xC4, 0x7C, 0x8F, 0xDA,
0xCA, 0xFF, 0x98, 0x00, 0x0A, 0x87, 0xE0, 0xFA, 0xE2, 0x88, 0x2C, 0xFF, 0x98, 0x00, 0x00, 0x00,
0x00, 0x00, 0x00, 0x00, 0x2E, 0xFF, 0x92, 0x00, 0x00, 0x00, 0x00, 0x00, 0x00, 0x00, 0x5A, 0xFF,
0x79, 0x05, 0x28, 0x00, 0x00, 0x00, 0x00, 0x0E, 0xD4, 0xFF, 0x35, 0x10, 0xFF, 0xC7, 0x99, 0x7F,
0x8E, 0xE1, 0xFF, 0xA5, 0x00, 0x05, 0x82, 0xC7, 0xE7, 0xF9, 0xF4, 0xCD, 0x70, 0x03, 0x00, 0x4C,
0xFF, 0x74, 0x00, 0x00, 0x00, 0x00, 0x00, 0x00, 0x00, 0x4C, 0xFF, 0x74, 0x00, 0x00, 0x00, 0x00,
0x00, 0x00, 0x00, 0x4C, 0xFF, 0x74, 0x00, 0x00, 0x00, 0x00, 0x00, 0x00, 0x00, 0x4C, 0xFF, 0x74,
0x00, 0x00, 0x00, 0x00, 0x00, 0x00, 0x00, 0x4C, 0xFF, 0x6F, 0x4D, 0xC5, 0xF6, 0xE7, 0xB8, 0x35,
0x00, 0x4C, 0xFF, 0xB9, 0xF2, 0x99, 0x7B, 0xA0, 0xFB, 0xF9, 0x2C, 0x4C, 0xFF, 0xFD, 0x2F, 0x00,
0x00, 0x00, 0x64, 0xFF, 0x8F, 0x4C, 0xFF, 0xB8, 0x00, 0x00, 0x00, 0x00, 0x14, 0xFF, 0xB4, 0x4C,
0xFF, 0x8A, 0x00, 0x00, 0x00, 0x00, 0x00, 0xFF, 0xBC, 0x4C, 0xFF, 0x75, 0x00, 0x00, 0x00, 0x00,
0x00, 0xFF, 0xBC, 0x4C, 0xFF, 0x74, 0x00, 0x00, 0x00, 0x00, 0x00, 0xFF, 0xBC, 0x4C, 0xFF, 0x74,
0x00, 0x00, 0x00, 0x00, 0x00, 0xFF, 0xBC, 0x4C, 0xFF, 0x74, 0x00, 0x00, 0x00, 0x00, 0x00, 0xFF,
0xBC, 0x4C, 0xFF, 0x74, 0x00, 0x00, 0x00, 0x00, 0x00, 0xFF, 0xBC, 0x4C, 0xFF, 0x74, 0x00, 0x00,
0x00, 0x00, 0x00, 0xFF, 0xBC, 0x3F, 0xF2, 0x67, 0x50, 0xFF, 0x7E, 0x00, 0x1A, 0x01, 0x00, 0x00,
0x00, 0x4C, 0xFF, 0x74, 0x4C, 0xFF, 0x74, 0x4C, 0xFF, 0x74, 0x4C, 0xFF, 0x74, 0x4C, 0xFF, 0x74,
0x4C, 0xFF, 0x74, 0x4C, 0xFF, 0x74, 0x4C, 0xFF, 0x74, 0x4C, 0xFF, 0x74, 0x4C, 0xFF, 0x74, 0x4C,
0xFF, 0x74, 0x00, 0x00, 0x00, 0x3F, 0xF2, 0x67, 0x00, 0x00, 0x00, 0x50, 0xFF, 0x7E, 0x00, 0x00,
0x00, 0x00, 0x1A, 0x01, 0x00, 0x00, 0x00, 0x00, 0x00, 0x00, 0x00, 0x00, 0x00, 0x4C, 0xFF, 0x74,
0x00, 0x00, 0x00, 0x4C, 0xFF, 0x74, 0x00, 0x00, 0x00, 0x4C, 0xFF, 0x74, 0x00, 0x00, 0x00, 0x4C,
0xFF, 0x74, 0x00, 0x00, 0x00, 0x4C, 0xFF, 0x74, 0x00, 0x00, 0x00, 0x4C, 0xFF, 0x74, 0x00, 0x00,
0x00, 0x4C, 0xFF, 0x74, 0x00, 0x00, 0x00, 0x4C, 0xFF, 0x74, 0x00, 0x00, 0x00, 0x4C, 0xFF, 0x74,
0x00, 0x00, 0x00, 0x4C, 0xFF, 0x74, 0x00, 0x00, 0x00, 0x4C, 0xFF, 0x74, 0x00, 0x00, 0x00, 0x4C,
0xFF, 0x74, 0x00, 0x00, 0x00, 0x4C, 0xFF, 0x72, 0x00, 0x00, 0x00, 0x68, 0xFF, 0x59, 0x0F, 0x85,
0x82, 0xEA, 0xF5, 0x18, 0x13, 0xE8, 0xF8, 0xD1, 0x49, 0x00, 0x4C, 0xFF, 0x70, 0x00, 0x00, 0x00,
0x00, 0x00, 0x00, 0x00, 0x4C, 0xFF, 0x70, 0x00, 0x00, 0x00, 0x00, 0x00, 0x00, 0x00, 0x4C, 0xFF,
0x70, 0x00, 0x00, 0x00, 0x00, 0x00, 0x00, 0x00, 0x4C, 0xFF, 0x70, 0x00, 0x00, 0x00, 0x00, 0x00,
0x00, 0x00, 0x4C, 0xFF, 0x70, 0x00, 0x00, 0x00, 0x53, 0xFD, 0xB8, 0x05, 0x4C, 0xFF, 0x70, 0x00,
0x00, 0x43, 0xF8, 0xC8, 0x0B, 0x00, 0x4C, 0xFF, 0x70, 0x00, 0x33, 0xF2, 0xD5, 0x12, 0x00, 0x00,
0x4C, 0xFF, 0x6F, 0x25, 0xEA, 0xE1, 0x1C, 0x00, 0x00, 0x00, 0x4C, 0xFF, 0x74, 0xD6, 0xF9, 0x28,
0x00, 0x00, 0x00, 0x00, 0x4C, 0xFF, 0xEC, 0xFD, 0xFF, 0x6C, 0x00, 0x00, 0x00, 0x00, 0x4C, 0xFF,
0xD9, 0x2D, 0xDA, 0xF8, 0x31, 0x00, 0x00, 0x00, 0x4C, 0xFF, 0x70, 0x00, 0x32, 0xF9, 0xDA, 0x0D,
0x00, 0x00, 0x4C, 0xFF, 0x70, 0x00, 0x00, 0x72, 0xFF, 0xA5, 0x00, 0x00, 0x4C, 0xFF, 0x70, 0x00,
0x00, 0x01, 0xB6, 0xFF, 0x63, 0x00, 0x4C, 0xFF, 0x70, 0x00, 0x00, 0x00, 0x16, 0xE7, 0xF5, 0x2B,
0x4C, 0xFF, 0x74, 0x4C, 0xFF, 0x74, 0x4C, 0xFF, 0x74, 0x4C, 0xFF, 0x74, 0x4C, 0xFF, 0x74, 0x4C,
0xFF, 0x74, 0x4C, 0xFF, 0x74, 0x4C, 0xFF, 0x74, 0x4C, 0xFF, 0x74, 0x4C, 0xFF, 0x74, 0x4C, 0xFF,
0x74, 0x4C, 0xFF, 0x74, 0x4C, 0xFF, 0x74, 0x4C, 0xFF, 0x74, 0x4C, 0xFF, 0x74, 0x4C, 0xFF, 0x32,
0x59, 0xCE, 0xF8, 0xE8, 0x9B, 0x10, 0x09, 0x83, 0xDE, 0xF7, 0xD8, 0x7B, 0x05, 0x00, 0x4C, 0xFF,
0xB6, 0xEA, 0x8F, 0x7F, 0xC7, 0xFF, 0xBB, 0xB9, 0xDF, 0x91, 0x84, 0xD9, 0xFF, 0x89, 0x00, 0x4C,
0xFF, 0xFA, 0x23, 0x00, 0x00, 0x02, 0xD2, 0xFF, 0xDC, 0x10, 0x00, 0x00, 0x10, 0xEF, 0xEA, 0x00,
0x4C, 0xFF, 0xB2, 0x00, 0x00, 0x00, 0x00, 0x8D, 0xFF, 0x77, 0x00, 0x00, 0x00, 0x00, 0xB8, 0xFF,
0x0C, 0x4C, 0xFF, 0x88, 0x00, 0x00, 0x00, 0x00, 0x7C, 0xFF, 0x51, 0x00, 0x00, 0x00, 0x00, 0xA8,
0xFF, 0x14, 0x4C, 0xFF, 0x75, 0x00, 0x00, 0x00, 0x00, 0x7C, 0xFF, 0x44, 0x00, 0x00, 0x00, 0x00,
0xA8, 0xFF, 0x14, 0x4C, 0xFF, 0x74, 0x00, 0x00, 0x00, 0x00, 0x7C, 0xFF, 0x44, 0x00, 0x00, 0x00,
0x00, 0xA8, 0xFF, 0x14, 0x4C, 0xFF, 0x74, 0x00, 0x00, 0x00, 0x00, 0x7C, 0xFF, 0x44, 0x00, 0x00,
0x00, 0x00, 0xA8, 0xFF, 0x14, 0x4C, 0xFF, 0x74, 0x00, 0x00, 0x00, 0x00, 0x7C, 0xFF, 0x44, 0x00,
0x00, 0x00, 0x00, 0xA8, 0xFF, 0x14, 0x4C, 0xFF, 0x74, 0x00, 0x00, 0x00, 0x00, 0x7C, 0xFF, 0x44,
0x00, 0x00, 0x00, 0x00, 0xA8, 0xFF, 0x14, 0x4C, 0xFF, 0x74, 0x00, 0x00, 0x00, 0x00, 0x7C, 0xFF,
0x44, 0x00, 0x00, 0x00, 0x00, 0xA8, 0xFF, 0x14, 0x4C, 0xFF, 0x32, 0x4F, 0xC4, 0xF5, 0xE8, 0xB9,
0x36, 0x00, 0x4C, 0xFF, 0xB4, 0xF2, 0x99, 0x7B, 0xA0, 0xFB, 0xF9, 0x2C, 0x4C, 0xFF, 0xFD, 0x2E,
0x00, 0x00, 0x00, 0x64, 0xFF, 0x8F, 0x4C, 0xFF, 0xB7, 0x00, 0x00, 0x00, 0x00, 0x14, 0xFF, 0xB4,
0x4C, 0xFF, 0x8A, 0x00, 0x00, 0x00, 0x00, 0x00, 0xFF, 0xBC, 0x4C, 0xFF, 0x75, 0x00, 0x00, 0x00,
0x00, 0x00, 0xFF, 0xBC, 0x4C, 0xFF, 0x74, 0x00, 0x00, 0x00, 0x00, 0x00, 0xFF, 0xBC, 0x4C, 0xFF,
0x74, 0x00, 0x00, 0x00, 0x00, 0x00, 0xFF, 0xBC, 0x4C, 0xFF, 0x74, 0x00, 0x00, 0x00, 0x00, 0x00,
0xFF, 0xBC, 0x4C, 0xFF, 0x74, 0x00, 0x00, 0x00, 0x00, 0x00, 0xFF, 0xBC, 0x4C, 0xFF, 0x74, 0x00,
0x00, 0x00, 0x00, 0x00, 0xFF, 0xBC, 0x00, 0x00, 0x5E, 0xC6, 0xF3, 0xF2, 0xCA, 0x65, 0x01, 0x00,
0x00, 0x95, 0xFF, 0xD0, 0x83, 0x7F, 0xC7, 0xFF, 0xA4, 0x00, 0x46, 0xFF, 0xBA, 0x03, 0x00, 0x00,
0x00, 0xA4, 0xFF, 0x58, 0xA6, 0xFF, 0x3D, 0x00, 0x00, 0x00, 0x00, 0x22, 0xFE, 0xBB, 0xD6, 0xFF,
0x07, 0x00, 0x00, 0x00, 0x00, 0x00, 0xE9, 0xEB, 0xE2, 0xF3, 0x00, 0x00, 0x00, 0x00, 0x00, 0x00,
0xD3, 0xFD, 0xCE, 0xFF, 0x09, 0x00, 0x00, 0x00, 0x00, 0x00, 0xEA, 0xF0, 0x9B, 0xFF, 0x43, 0x00,
0x00, 0x00, 0x00, 0x26, 0xFF, 0xBE, 0x38, 0xFE, 0xBE, 0x04, 0x00, 0x00, 0x00, 0xA6, 0xFF, 0x5C,
0x00, 0x81, 0xFF, 0xD2, 0x82, 0x7E, 0xC6, 0xFF, 0xA8, 0x00, 0x00, 0x00, 0x52, 0xC1, 0xF1, 0xF6,
0xCC, 0x69, 0x02, 0x00, 0x4C, 0xFF, 0x34, 0x50, 0xCC, 0xF6, 0xED, 0xA8, 0x22, 0x00, 0x00, 0x4C,
0xFF, 0xAF, 0xF4, 0x9E, 0x7C, 0xA6, 0xFD, 0xEA, 0x1F, 0x00, 0x4C, 0xFF, 0xFC, 0x30, 0x00, 0x00,
0x00, 0x6D, 0xFF, 0xA8, 0x00, 0x4C, 0xFF, 0xB3, 0x00, 0x00, 0x00, 0x00, 0x06, 0xEA, 0xF6, 0x04,
0x4C, 0xFF, 0x88, 0x00, 0x00, 0x00, 0x00, 0x00, 0xBB, 0xFF, 0x23, 0x4C, 0xFF, 0x77, 0x00, 0x00,
0x00, 0x00, 0x00, 0xA5, 0xFF, 0x2F, 0x4C, 0xFF, 0x8C, 0x00, 0x00, 0x00, 0x00, 0x00, 0xB6, 0xFF,
0x22, 0x4C, 0xFF, 0xBC, 0x00, 0x00, 0x00, 0x00, 0x05, 0xEC, 0xF5, 0x03, 0x4C, 0xFF, 0xFE, 0x2F,
0x00, 0x00, 0x00, 0x73, 0xFF, 0xA2, 0x00, 0x4C, 0xFF, 0xCE, 0xF2, 0x97, 0x7A, 0xAB, 0xFE, 0xE7,
0x1C, 0x00, 0x4C, 0xFF, 0x68, 0x5B, 0xCF, 0xF7, 0xED, 0xA6, 0x20, 0x00, 0x00, 0x4C, 0xFF, 0x73,
0x00, 0x00, 0x00, 0x00, 0x00, 0x00, 0x00, 0x00, 0x4C, 0xFF, 0x74, 0x00, 0x00, 0x00, 0x00, 0x00,
0x00, 0x00, 0x00, 0x4C, 0xFF, 0x74, 0x00, 0x00, 0x00, 0x00, 0x00, 0x00, 0x00, 0x00, 0x4C, 0xFF,
0x74, 0x00, 0x00, 0x00, 0x00, 0x00, 0x00, 0x00, 0x00, 0x4C, 0xFF, 0x74, 0x00, 0x00, 0x00, 0x00,
0x00, 0x00, 0x00, 0x00, 0x00, 0x06, 0x7F, 0xDD, 0xF9, 0xDF, 0x7F, 0x04, 0xE0, 0x98, 0x01, 0xB3,
0xFF, 0xC5, 0x7C, 0x88, 0xDB, 0xAF, 0xFE, 0x98, 0x56, 0xFF, 0xB4, 0x01, 0x00, 0x00, 0x0A, 0xD9,
0xFF, 0x98, 0xAC, 0xFF, 0x3E, 0x00, 0x00, 0x00, 0x00, 0x6E, 0xFF, 0x98, 0xD7, 0xFF, 0x08, 0x00,
0x00, 0x00, 0x00, 0x3E, 0xFF, 0x98, 0xE4, 0xF2, 0x00, 0x00, 0x00, 0x00, 0x00, 0x28, 0xFF, 0x98,
0xD8, 0xFE, 0x06, 0x00, 0x00, 0x00, 0x00, 0x36, 0xFF, 0x98, 0xB0, 0xFF, 0x37, 0x00, 0x00, 0x00,
0x00, 0x5E, 0xFF, 0x98, 0x5E, 0xFF, 0xAD, 0x00, 0x00, 0x00, 0x0A, 0xCD, 0xFF, 0x98, 0x03, 0xBF,
0xFF, 0xC3, 0x7C, 0x90, 0xDA, 0xC5, 0xFF, 0x98, 0x00, 0x0A, 0x88, 0xE2, 0xF9, 0xDF, 0x83, 0x2B,
0xFF, 0x98, 0x00, 0x00, 0x00, 0x00, 0x00, 0x00, 0x00, 0x28, 0xFF, 0x98, 0x00, 0x00, 0x00, 0x00,
0x00, 0x00, 0x00, 0x28, 0xFF, 0x98, 0x00, 0x00, 0x00, 0x00, 0x00, 0x00, 0x00, 0x28, 0xFF, 0x98,
0x00, 0x00, 0x00, 0x00, 0x00, 0x00, 0x00, 0x28, 0xFF, 0x98, 0x00, 0x00, 0x00, 0x00, 0x00, 0x00,
0x00, 0x28, 0xFF, 0x98, 0x4C, 0xFF, 0x30, 0x33, 0xBF, 0xF5, 0xD6, 0x4C, 0xFF, 0x7D, 0xF4, 0xB5,
0x7C, 0x6C, 0x4C, 0xFF, 0xFF, 0x6A, 0x00, 0x00, 0x00, 0x4C, 0xFF, 0xC6, 0x00, 0x00, 0x00, 0x00,
0x4C, 0xFF, 0x84, 0x00, 0x00, 0x00, 0x00, 0x4C, 0xFF, 0x74, 0x00, 0x00, 0x00, 0x00, 0x4C, 0xFF,
0x74, 0x00, 0x00, 0x00, 0x00, 0x4C, 0xFF, 0x74, 0x00, 0x00, 0x00, 0x00, 0x4C, 0xFF, 0x74, 0x00,
0x00, 0x00, 0x00, 0x4C, 0xFF, 0x74, 0x00, 0x00, 0x00, 0x00, 0x4C, 0xFF, 0x74, 0x00, 0x00, 0x00,
0x00, 0x04, 0x6B, 0xCC, 0xEF, 0xF2, 0xD5, 0x94, 0x23, 0x99, 0xFF, 0xBA, 0x7E, 0x88, 0xB2, 0xF5,
0x23, 0xF1, 0xCC, 0x00, 0x00, 0x00, 0x00, 0x08, 0x00, 0xDE, 0xEF, 0x25, 0x00, 0x00, 0x00, 0x00,
0x00, 0x52, 0xF7, 0xF9, 0xA2, 0x3B, 0x00, 0x00, 0x00, 0x00, 0x23, 0x98, 0xF3, 0xFF, 0xD1, 0x47,
0x00, 0x00, 0x00, 0x00, 0x0D, 0x6E, 0xEB, 0xFD, 0x45, 0x00, 0x00, 0x00, 0x00, 0x00, 0x31, 0xFF,
0xA2, 0x17, 0x00, 0x00, 0x00, 0x00, 0x2F, 0xFF, 0x9B, 0xF0, 0xBF, 0x94, 0x7A, 0x93, 0xEA, 0xFA,
0x37, 0x76, 0xCF, 0xF4, 0xFA, 0xE1, 0xA7, 0x32, 0x00, 0x00, 0x00, 0x41, 0x4C, 0x00, 0x00, 0x00,
0x00, 0x00, 0xBD, 0x98, 0x00, 0x00, 0x00, 0x00, 0x14, 0xFA, 0x98, 0x00, 0x00, 0x00, 0x68, 0xEF,
0xFF, 0xFF, 0xFF, 0xFF, 0xB4, 0x4F, 0x89, 0xFF, 0xC7, 0x74, 0x74, 0x51, 0x00, 0x28, 0xFF, 0x98,
0x00, 0x00, 0x00, 0x00, 0x28, 0xFF, 0x98, 0x00, 0x00, 0x00, 0x00, 0x28, 0xFF, 0x98, 0x00, 0x00,
0x00, 0x00, 0x28, 0xFF, 0x98, 0x00, 0x00, 0x00, 0x00, 0x28, 0xFF, 0x98, 0x00, 0x00, 0x00, 0x00,
0x26, 0xFF, 0x9A, 0x00, 0x00, 0x00, 0x00, 0x13, 0xFF, 0xC5, 0x00, 0x00, 0x00, 0x00, 0x00, 0xC7,
0xFF, 0xAD, 0x7A, 0x74, 0x00, 0x00, 0x1F, 0xB5, 0xF4, 0xF5, 0xA0, 0x6C, 0xFF, 0x5C, 0x00, 0x00,
0x00, 0x00, 0x18, 0xFF, 0xA8, 0x6C, 0xFF, 0x5C, 0x00, 0x00, 0x00, 0x00, 0x18, 0xFF, 0xA8, 0x6C,
0xFF, 0x5C, 0x00, 0x00, 0x00, 0x00, 0x18, 0xFF, 0xA8, 0x6C, 0xFF, 0x5C, 0x00, 0x00, 0x00, 0x00,
0x18, 0xFF, 0xA8, 0x6C, 0xFF, 0x5C, 0x00, 0x00, 0x00, 0x00, 0x18, 0xFF, 0xA8, 0x6C, 0xFF, 0x5C,
0x00, 0x00, 0x00, 0x00, 0x1A, 0xFF, 0xA8, 0x6C, 0xFF, 0x5C, 0x00, 0x00, 0x00, 0x00, 0x30, 0xFF,
0xA8, 0x65, 0xFF, 0x6D, 0x00, 0x00, 0x00, 0x00, 0x5E, 0xFF, 0xA8, 0x40, 0xFF, 0xBB, 0x00, 0x00,
0x00, 0x06, 0xCD, 0xFF, 0xA8, 0x03, 0xD4, 0xFF, 0xC2, 0x7E, 0x87, 0xD7, 0xC5, 0xFD, 0xA8, 0x00,
0x15, 0x97, 0xDD, 0xF8, 0xDF, 0x8B, 0x0D, 0xDD, 0xA8, 0xD1, 0xFA, 0x12, 0x00, 0x00, 0x00, 0x00,
0x01, 0xE3, 0xF0, 0x08, 0x72, 0xFF, 0x67, 0x00, 0x00, 0x00, 0x00, 0x40, 0xFF, 0x99, 0x00, 0x17,
0xFC, 0xC1, 0x00, 0x00, 0x00, 0x00, 0x9A, 0xFF, 0x3A, 0x00, 0x00, 0xB5, 0xFE, 0x1C, 0x00, 0x00,
0x05, 0xED, 0xDB, 0x00, 0x00, 0x00, 0x57, 0xFF, 0x75, 0x00, 0x00, 0x4E, 0xFF, 0x7C, 0x00, 0x00,
0x00, 0x08, 0xEF, 0xCF, 0x00, 0x00, 0xA8, 0xFE, 0x1F, 0x00, 0x00, 0x00, 0x00, 0x9A, 0xFF, 0x28,
0x0B, 0xF5, 0xBE, 0x00, 0x00, 0x00, 0x00, 0x00, 0x3B, 0xFF, 0x7E, 0x55, 0xFF, 0x5F, 0x00, 0x00,
0x00, 0x00, 0x00, 0x00, 0xDC, 0xC9, 0xA6, 0xF4, 0x0C, 0x00, 0x00, 0x00, 0x00, 0x00, 0x00, 0x7E,
0xFC, 0xF0, 0xA1, 0x00, 0x00, 0x00, 0x00, 0x00, 0x00, 0x00, 0x20, 0xFE, 0xFF, 0x43, 0x00, 0x00,
0x00, 0x00, 0xA6, 0xFF, 0x2B, 0x00, 0x00, 0x00, 0x3C, 0xFF, 0xF5, 0x08, 0x00, 0x00, 0x00, 0x6D,
0xFF, 0x5C, 0x62, 0xFF, 0x6B, 0x00, 0x00, 0x00, 0x8A, 0xFD, 0xFF, 0x4A, 0x00, 0x00, 0x00, 0xAE,
0xFF, 0x18, 0x1D, 0xFF, 0xAB, 0x00, 0x00, 0x00, 0xD9, 0xB2, 0xF6, 0x96, 0x00, 0x00, 0x02, 0xED,
0xD2, 0x00, 0x00, 0xD9, 0xEA, 0x01, 0x00, 0x28, 0xFF, 0x70, 0xBC, 0xE1, 0x00, 0x00, 0x31, 0xFF,
0x8C, 0x00, 0x00, 0x95, 0xFF, 0x2B, 0x00, 0x76, 0xFF, 0x2A, 0x76, 0xFF, 0x2E, 0x00, 0x72, 0xFF,
0x47, 0x00, 0x00, 0x50, 0xFF, 0x6B, 0x00, 0xC5, 0xDE, 0x00, 0x2C, 0xFF, 0x7A, 0x00, 0xB3, 0xF8,
0x09, 0x00, 0x00, 0x0F, 0xFC, 0xA9, 0x13, 0xFD, 0x8E, 0x00, 0x00, 0xE0, 0xC4, 0x02, 0xF0, 0xBC,
0x00, 0x00, 0x00, 0x00, 0xC8, 0xE5, 0x53, 0xFF, 0x3E, 0x00, 0x00, 0x95, 0xFB, 0x40, 0xFF, 0x76,
0x00, 0x00, 0x00, 0x00, 0x83, 0xFF, 0xA8, 0xEB, 0x03, 0x00, 0x00, 0x49, 0xFF, 0xAD, 0xFF, 0x31,
0x00, 0x00, 0x00, 0x00, 0x3F, 0xFF, 0xFB, 0x9F, 0x00, 0x00, 0x00, 0x08, 0xF5, 0xFC, 0xEA, 0x01,
0x00, 0x00, 0x00, 0x00, 0x06, 0xF4, 0xFF, 0x4F, 0x00, 0x00, 0x00, 0x00, 0xB2, 0xFF, 0xA6, 0x00,
0x00, 0x00, 0x26, 0xF6, 0xD7, 0x08, 0x00, 0x00, 0x00, 0x49, 0xFF, 0xAC, 0x00, 0x00, 0x6D, 0xFF,
0x89, 0x00, 0x00, 0x0E, 0xE3, 0xE8, 0x14, 0x00, 0x00, 0x01, 0xBC, 0xFC, 0x36, 0x00, 0x9C, 0xFF,
0x4C, 0x00, 0x00, 0x00, 0x00, 0x1D, 0xF0, 0xD5, 0x4C, 0xFF, 0x9C, 0x00, 0x00, 0x00, 0x00, 0x00,
0x00, 0x5E, 0xFF, 0xFB, 0xDF, 0x0D, 0x00, 0x00, 0x00, 0x00, 0x00, 0x00, 0x07, 0xEB, 0xFF, 0x7E,
0x00, 0x00, 0x00, 0x00, 0x00, 0x00, 0x00, 0x8B, 0xFF, 0xE9, 0xF3, 0x22, 0x00, 0x00, 0x00, 0x00,
0x00, 0x3D, 0xFD, 0xB6, 0x29, 0xF7, 0xC4, 0x03, 0x00, 0x00, 0x00, 0x0C, 0xDE, 0xEE, 0x1A, 0x00,
0x75, 0xFF, 0x7A, 0x00, 0x00, 0x00, 0x9C, 0xFF, 0x5B, 0x00, 0x00, 0x02, 0xC6, 0xFA, 0x31, 0x00,
0x4C, 0xFF, 0xAE, 0x00, 0x00, 0x00, 0x00, 0x27, 0xF6, 0xD5, 0x08, 0xCB, 0xFC, 0x19, 0x00, 0x00,
0x00, 0x00, 0x00, 0xDF, 0xF6, 0x0E, 0x67, 0xFF, 0x73, 0x00, 0x00, 0x00, 0x00, 0x38, 0xFF, 0xA6,
0x00, 0x0E, 0xF5, 0xD0, 0x00, 0x00, 0x00, 0x00, 0x8F, 0xFF, 0x48, 0x00, 0x00, 0xA1, 0xFF, 0x2D,
0x00, 0x00, 0x02, 0xE4, 0xE6, 0x03, 0x00, 0x00, 0x3E, 0xFF, 0x8A, 0x00, 0x00, 0x3F, 0xFF, 0x8C,
0x00, 0x00, 0x00, 0x00, 0xDA, 0xE4, 0x02, 0x00, 0x96, 0xFF, 0x2E, 0x00, 0x00, 0x00, 0x00, 0x78,
0xFF, 0x43, 0x02, 0xE9, 0xD0, 0x00, 0x00, 0x00, 0x00, 0x00, 0x19, 0xFC, 0x98, 0x3F, 0xFF, 0x71,
0x00, 0x00, 0x00, 0x00, 0x00, 0x00, 0xB2, 0xE3, 0x8E, 0xFC, 0x17, 0x00, 0x00, 0x00, 0x00, 0x00,
0x00, 0x4F, 0xFF, 0xED, 0xB5, 0x00, 0x00, 0x00, 0x00, 0x00, 0x00, 0x00, 0x04, 0xE7, 0xFF, 0x57,
0x00, 0x00, 0x00, 0x00, 0x00, 0x00, 0x00, 0x00, 0xCB, 0xF0, 0x08, 0x00, 0x00, 0x00, 0x00, 0x00,
0x00, 0x00, 0x2D, 0xFF, 0x99, 0x00, 0x00, 0x00, 0x00, 0x00, 0x00, 0x00, 0x01, 0xB4, 0xFE, 0x29,
0x00, 0x00, 0x00, 0x00, 0x00, 0x65, 0x7B, 0xC1, 0xFF, 0x8D, 0x00, 0x00, 0x00, 0x00, 0x00, 0x00,
0xB7, 0xFA, 0xDE, 0x7C, 0x04, 0x00, 0x00, 0x00, 0x00, 0x00, 0x00, 0x00, 0xE0, 0xFF, 0xFF, 0xFF,
0xFF, 0xFF, 0xFF, 0x7C, 0x00, 0x65, 0x74, 0x74, 0x74, 0x74, 0xCE, 0xFF, 0x5C, 0x00, 0x00, 0x00,
0x00, 0x00, 0x33, 0xFA, 0xB7, 0x00, 0x00, 0x00, 0x00, 0x00, 0x09, 0xD6, 0xEC, 0x18, 0x00, 0x00,
0x00, 0x00, 0x00, 0x91, 0xFF, 0x52, 0x00, 0x00, 0x00, 0x00, 0x00, 0x43, 0xFE, 0x9F, 0x00, 0x00,
0x00, 0x00, 0x00, 0x10, 0xE3, 0xDF, 0x0D, 0x00, 0x00, 0x00, 0x00, 0x00, 0xA6, 0xFD, 0x3C, 0x00,
0x00, 0x00, 0x00, 0x00, 0x57, 0xFF, 0x86, 0x00, 0x00, 0x00, 0x00, 0x00, 0x15, 0xEE, 0xF8, 0x79,
0x74, 0x74, 0x74, 0x74, 0x48, 0x38, 0xFF, 0xFF, 0xFF, 0xFF, 0xFF, 0xFF, 0xFF, 0xA0, 0x00, 0x00,
0x00, 0x00, 0x00, 0x01, 0x0E, 0x00, 0x00, 0x00, 0x04, 0x86, 0xF4, 0x98, 0x00, 0x00, 0x00, 0x79,
0xFF, 0xA8, 0x35, 0x00, 0x00, 0x00, 0xC9, 0xFB, 0x06, 0x00, 0x00, 0x00, 0x00, 0xDE, 0xE8, 0x00,
0x00, 0x00, 0x00, 0x00, 0xE0, 0xE8, 0x00, 0x00, 0x00, 0x00, 0x00, 0xE0, 0xE8, 0x00, 0x00, 0x00,
0x00, 0x00, 0xE0, 0xE8, 0x00, 0x00, 0x00, 0x00, 0x00, 0xE4, 0xE2, 0x00, 0x00, 0x00, 0x00, 0x12,
0xFD, 0xBC, 0x00, 0x00, 0x11, 0x44, 0xBF, 0xF8, 0x42, 0x00, 0x00, 0x68, 0xFF, 0xE3, 0x37, 0x00,
0x00, 0x00, 0x23, 0x71, 0xDB, 0xEC, 0x32, 0x00, 0x00, 0x00, 0x00, 0x1E, 0xFE, 0xB5, 0x00, 0x00,
0x00, 0x00, 0x00, 0xE6, 0xE0, 0x00, 0x00, 0x00, 0x00, 0x00, 0xE0, 0xE8, 0x00, 0x00, 0x00, 0x00,
0x00, 0xE0, 0xE8, 0x00, 0x00, 0x00, 0x00, 0x00, 0xE0, 0xE8, 0x00, 0x00, 0x00, 0x00, 0x00, 0xDE,
0xE9, 0x00, 0x00, 0x00, 0x00, 0x00, 0xC6, 0xFC, 0x0B, 0x00, 0x00, 0x00, 0x00, 0x6C, 0xFF, 0xC2,
0x4A, 0x00, 0x00, 0x00, 0x00, 0x68, 0xD4, 0x91, 0x38, 0xFF, 0x3C, 0x38, 0xFF, 0x3C, 0x38, 0xFF,
0x3C, 0x38, 0xFF, 0x3C, 0x38, 0xFF, 0x3C, 0x38, 0xFF, 0x3C, 0x38, 0xFF, 0x3C, 0x38, 0xFF, 0x3C,
0x38, 0xFF, 0x3C, 0x38, 0xFF, 0x3C, 0x38, 0xFF, 0x3C, 0x38, 0xFF, 0x3C, 0x38, 0xFF, 0x3C, 0x38,
0xFF, 0x3C, 0x38, 0xFF, 0x3C, 0x38, 0xFF, 0x3C, 0x38, 0xFF, 0x3C, 0x38, 0xFF, 0x3C, 0x38, 0xFF,
0x3C, 0x38, 0xFF, 0x3C, 0x38, 0xFF, 0x3C, 0x06, 0x10, 0x00, 0x00, 0x00, 0x00, 0x00, 0x34, 0xFF,
0xC2, 0x24, 0x00, 0x00, 0x00, 0x10, 0x73, 0xF4, 0xD5, 0x01, 0x00, 0x00, 0x00, 0x00, 0x9B, 0xFF,
0x2D, 0x00, 0x00, 0x00, 0x00, 0x81, 0xFF, 0x45, 0x00, 0x00, 0x00, 0x00, 0x80, 0xFF, 0x48, 0x00,
0x00, 0x00, 0x00, 0x80, 0xFF, 0x48, 0x00, 0x00, 0x00, 0x00, 0x80, 0xFF, 0x48, 0x00, 0x00, 0x00,
0x00, 0x7A, 0xFF, 0x4B, 0x00, 0x00, 0x00, 0x00, 0x55, 0xFF, 0x76, 0x00, 0x00, 0x00, 0x00, 0x06,
0xCD, 0xEF, 0x64, 0x25, 0x00, 0x00, 0x00, 0x0C, 0xAA, 0xFF, 0xC8, 0x00, 0x00, 0x02, 0xB4, 0xF9,
0x8F, 0x48, 0x00, 0x00, 0x4E, 0xFF, 0x83, 0x00, 0x00, 0x00, 0x00, 0x79, 0xFF, 0x4D, 0x00, 0x00,
0x00, 0x00, 0x80, 0xFF, 0x48, 0x00, 0x00, 0x00, 0x00, 0x80, 0xFF, 0x48, 0x00, 0x00, 0x00, 0x00,
0x80, 0xFF, 0x48, 0x00, 0x00, 0x00, 0x00, 0x81, 0xFF, 0x45, 0x00, 0x00, 0x00, 0x00, 0xA2, 0xFF,
0x2C, 0x00, 0x00, 0x18, 0x95, 0xFA, 0xCE, 0x01, 0x00, 0x00, 0x33, 0xE6, 0x9C, 0x17, 0x00, 0x00,
0x00, 0x00, 0x03, 0x1B, 0x08, 0x00, 0x00, 0x00, 0x00, 0x00, 0x03, 0x8A, 0xF7, 0xFF, 0xFB, 0xC1,
0x72, 0x35, 0x2F, 0x8A, 0x68, 0xEB, 0x7A, 0x58, 0x7F, 0xCF, 0xFF, 0xFF, 0xFF, 0xED, 0x3E, 0x13,
0x00, 0x00, 0x00, 0x00, 0x1C, 0x44, 0x3B, 0x0C, 0x00, 0x00, 0x00, 0x02, 0x15, 0x01, 0x00, 0x00,
0x00, 0x78, 0xF4, 0xFF, 0xEF, 0x65, 0x00, 0x4A, 0xFF, 0x9A, 0x59, 0xAB, 0xFE, 0x34, 0x87, 0xED,
0x00, 0x00, 0x0A, 0xFF, 0x6E, 0x5F, 0xFF, 0x68, 0x28, 0x7E, 0xFF, 0x46, 0x03, 0xAB, 0xFF, 0xFF,
0xFF, 0x94, 0x00, 0x00, 0x00, 0x28, 0x46, 0x21, 0x00, 0x00, 0x00, 0x12, 0x00, 0x00, 0x0E, 0x00,
0x00, 0x12, 0x02, 0xF9, 0x65, 0x78, 0xFF, 0x53, 0x88, 0xE1, 0x00, 0xE1, 0xCA, 0x50, 0x64, 0x52,
0xE0, 0xBF, 0x00, 0x44, 0xE7, 0xFF, 0xFF, 0xFF, 0xDA, 0x2A, 0x00, 0x00, 0x07, 0x35, 0x48, 0x30,
0x02, 0x00, 0x00, 0x00, 0x00, 0x00, 0xA6, 0x18, 0x00, 0x00, 0x00, 0x00, 0x00, 0x00, 0x00, 0x00,
0x00, 0x00, 0x00, 0x00, 0x00, 0x00, 0x8E, 0x30, 0x00, 0x00, 0x00, 0x10, 0xAF, 0x04, 0x00, 0x00,
0x00, 0x00, 0x00, 0x00, 0x00, 0x00, 0x00, 0x00, 0x00, 0x00, 0x00, 0x00, 0x00, 0x00, 0x00, 0x00,
0x00, 0x00, 0x00, 0x00, 0x00, 0x05, 0x17, 0x01, 0x00, 0x00, 0x00, 0x00, 0x00, 0x00, 0x00, 0x00,
0x00, 0x00, 0x00, 0x00, 0x00, 0x00, 0x13, 0xA1, 0xF8, 0xFF, 0xF6, 0xA2, 0x17, 0x00, 0x8C, 0x37,
0x00, 0x00, 0x00, 0x00, 0x00, 0x10, 0xAD, 0x02, 0x01, 0xC7, 0xFA, 0x8E, 0x5A, 0x89, 0xF8, 0xD5,
0x06, 0x00, 0x00, 0x00, 0x00, 0x00, 0x00, 0x00, 0x00, 0x00, 0x00, 0x38, 0xFF, 0x89, 0x00, 0x00,
0x00, 0x7D, 0xFF, 0x4B, 0x00, 0x00, 0x00, 0x00, 0x00, 0x00, 0x00, 0x00, 0x00, 0x00, 0x55, 0xFF,
0x5A, 0x00, 0x00, 0x00, 0x4F, 0xFF, 0x64, 0x00, 0x8E, 0x30, 0x00, 0x0B, 0x00, 0x10, 0xAF, 0x04,
0x00, 0x32, 0xFF, 0x98, 0x00, 0x00, 0x00, 0x8D, 0xFF, 0x3D, 0x00, 0x00, 0x00, 0x00, 0xC5, 0x1E,
0x00, 0x00, 0x00, 0x00, 0x00, 0xB7, 0xFF, 0xAD, 0x79, 0xA8, 0xFE, 0xBD, 0x00, 0x00, 0x00, 0x00,
0x00, 0x00, 0x00, 0x00, 0x00, 0x00, 0x00, 0x00, 0x08, 0x80, 0xD8, 0xF7, 0xE2, 0x8B, 0x0B, 0x00,
0x00, 0x00, 0x00, 0x00, 0x00, 0x00, 0x00, 0x00, 0x00, 0x00, 0x00, 0x62, 0xDD, 0xF5, 0xC7, 0x35,
0x00, 0x00, 0x00, 0x00, 0x00, 0xA6, 0x18, 0x00, 0x00, 0x00, 0x00, 0x2D, 0xFE, 0xA9, 0x76, 0xCC,
0xE5, 0x01, 0x00, 0x8E, 0x30, 0x00, 0x00, 0x00, 0x10, 0xAF, 0x04, 0x00, 0x43, 0xFF, 0x62, 0x26,
0x9A, 0xF8, 0x05, 0x00, 0x00, 0x00, 0x00, 0x00, 0x00, 0x00, 0x00, 0x00, 0x00, 0x03, 0xB1, 0xFF,
0xFF, 0xFB, 0x72, 0x00, 0x00, 0x00, 0x00, 0x00, 0x00, 0x00, 0x00, 0x00, 0x00, 0x00, 0x00, 0x00,
0x2E, 0x46, 0x1C, 0x00, 0x00, 0x8C, 0x37, 0x00, 0x00, 0x00, 0x00, 0x00, 0x10, 0xAD, 0x02, 0x00,
0x00, 0x03, 0x14, 0x00, 0x00, 0x00, 0x00, 0x00, 0x00, 0x00, 0x00, 0x00, 0x00, 0x00, 0x00, 0x00,
0x00, 0x65, 0xF3, 0xFF, 0xDD, 0x36, 0x00, 0x00, 0x00, 0x00, 0x00, 0x00, 0x00, 0x00, 0x00, 0x00,
0x00, 0x23, 0xFC, 0xA4, 0x5A, 0xCE, 0xDB, 0x00, 0x00, 0x8E, 0x30, 0x00, 0x0B, 0x00, 0x10, 0xAF,
0x04, 0x00, 0x4C, 0xFF, 0x21, 0x00, 0x65, 0xFF, 0x08, 0x00, 0x00, 0x00, 0x00, 0xC5, 0x1E, 0x00,
0x00, 0x00, 0x00, 0x1B, 0xF7, 0xBE, 0x7A, 0xDF, 0xCC, 0x00, 0x00, 0x00, 0x00, 0x00, 0x00, 0x00,
0x00, 0x00, 0x00, 0x00, 0x00, 0x4E, 0xD7, 0xF4, 0xBE, 0x25, 0x00, 0x00, 0x00, 0x00, 0x00, 0x00,
0xF0, 0xA0, 0x00, 0x00, 0x00, 0x00, 0x01, 0x07, 0x00, 0x00, 0x00, 0xF0, 0xA0, 0x00, 0x00, 0x00,
0x0B, 0x2B, 0xFB, 0x78, 0x00, 0x00, 0xF0, 0xA0, 0x00, 0x00, 0xCB, 0xD4, 0x48, 0xFF, 0x6D, 0x00,
0x00, 0xF0, 0xA0, 0x00, 0x00, 0xC3, 0xF3, 0x3E, 0xFF, 0x86, 0x00, 0x00, 0xF0, 0xA0, 0x00, 0x00,
0xDC, 0xE8, 0x0B, 0xF2, 0xE8, 0x15, 0x00, 0x00, 0x00, 0x00, 0x55, 0xFF, 0xA5, 0x00, 0x63, 0xFE,
0xE8, 0x93, 0x74, 0x7A, 0xAC, 0xFB, 0xE7, 0x1E, 0x00, 0x00, 0x3E, 0xAB, 0xE4, 0xF9, 0xF2, 0xD6,
0x8B, 0x15, 0x00, 0x00, 0x00, 0x00, 0x28, 0x8A, 0xD1, 0xEB, 0xF9, 0xE7, 0xBD, 0x97, 0xCC, 0xEE,
0xFA, 0xE7, 0xB0, 0x41, 0x00, 0x00, 0x57, 0xBB, 0xE9, 0xFA, 0xE7, 0xC6, 0x72, 0x11, 0x00, 0x00,
0x00, 0x00, 0x00, 0x6F, 0xF9, 0xFB, 0xBA, 0x87, 0x72, 0xC4, 0xFF, 0xDD, 0xF8, 0xEE, 0x88, 0x96,
0xEF, 0xFF, 0x7E, 0xAA, 0xFF, 0xDE, 0x93, 0x77, 0x82, 0xB6, 0xFB, 0xE3, 0x38, 0x00, 0x00, 0x00,
0x52, 0xFF, 0xD6, 0x29, 0x00, 0x00, 0x6B, 0xFE, 0x79, 0x02, 0x1C, 0xDA, 0xD0, 0x02, 0x14, 0xCC,
0xFF, 0xFF, 0xA3, 0x05, 0x00, 0x00, 0x02, 0x18, 0x2F, 0xD2, 0xEA, 0x19, 0x00, 0x00, 0xD2, 0xFA,
0x22, 0x00, 0x00, 0x29, 0xF9, 0x9A, 0x00, 0x00, 0x00, 0x89, 0xFF, 0x29, 0x00, 0x49, 0xFF, 0xF3,
0x0D, 0x00, 0x00, 0x67, 0xE9, 0xFF, 0xF9, 0xAE, 0xFD, 0x91, 0x00, 0x18, 0xFF, 0xB6, 0x00, 0x00,
0x00, 0x90, 0xFF, 0x1F, 0x00, 0x25, 0x4C, 0xE1, 0xE4, 0x0A, 0x00, 0x15, 0xFF, 0xC6, 0x00, 0x00,
0x58, 0xFF, 0xD4, 0x69, 0x5E, 0xBB, 0xFF, 0xE8, 0x00, 0x31, 0xFF, 0x97, 0x00, 0x00, 0x00, 0xC9,
0xDE, 0x00, 0x00, 0xFF, 0xFF, 0xE6, 0x27, 0x00, 0x00, 0x06, 0xFF, 0xB9, 0x00, 0x00, 0xCB, 0xF2,
0x13, 0x00, 0x00, 0x01, 0xB0, 0xFF, 0x0C, 0x21, 0xFF, 0xAE, 0x00, 0x00, 0x00, 0xD9, 0xD7, 0x00,
0x00, 0x55, 0x7C, 0xED, 0xD4, 0x09, 0x00, 0x04, 0xFF, 0xB8, 0x00, 0x00, 0xF7, 0xBE, 0x00, 0x00,
0x00, 0x00, 0x93, 0xFF, 0x17, 0x00, 0xE4, 0xF2, 0x0F, 0x00, 0x00, 0xBD, 0xF6, 0x08, 0x00, 0x00,
0x00, 0x60, 0xFF, 0x57, 0x00, 0x04, 0xFF, 0xB8, 0x00, 0x00, 0xF1, 0xC1, 0x00, 0x00, 0x00, 0x00,
0xB6, 0xFA, 0x03, 0x00, 0x77, 0xFF, 0xAC, 0x03, 0x00, 0x6E, 0xFF, 0x7D, 0x00, 0x00, 0x00, 0x68,
0xFF, 0x58, 0x00, 0x04, 0xFF, 0xB8, 0x00, 0x00, 0xB9, 0xF7, 0x19, 0x00, 0x00, 0x27, 0xF8, 0xB6,
0x00, 0x00, 0x05, 0xBF, 0xFF, 0xB3, 0x00, 0x06, 0xC9, 0xFF, 0xB4, 0x7C, 0x8F, 0xF2, 0xE8, 0x0F,
0x00, 0x04, 0xFF, 0xB8, 0x00, 0x00, 0x38, 0xFA, 0xDD, 0x82, 0x8E, 0xEE, 0xF7, 0x30, 0x00, 0x00,
0x00, 0x0A, 0xA2, 0x56, 0x00, 0x00, 0x0B, 0x87, 0xDC, 0xF8, 0xED, 0xB0, 0x28, 0x00, 0x00, 0x04,
0xFF, 0xB8, 0x00, 0x00, 0x00, 0x40, 0xC3, 0xF4, 0xEF, 0xB4, 0x31, 0x00, 0x00, 0x00, 0x00, 0x00,
0x28, 0x8A, 0xD1, 0xEB, 0xF9, 0xE7, 0xBD, 0x97, 0xCC, 0xEE, 0xFA, 0xE8, 0xB3, 0x49, 0x00, 0x03,
0x62, 0xBF, 0xED, 0xF8, 0xDD, 0xB3, 0x4A, 0x01, 0x00, 0x00, 0x00, 0x00, 0x00, 0x00, 0x00, 0x00,
0x6F, 0xF9, 0xFB, 0xBA, 0x87, 0x72, 0xC4, 0xFF, 0xD3, 0xF4, 0xEE, 0x88, 0x96, 0xEF, 0xFF, 0x8F,
0xBE, 0xFF, 0xDD, 0x90, 0x76, 0x84, 0xB7, 0xFA, 0xAB, 0x07, 0x00, 0x00, 0x00, 0x00, 0x00, 0x00,
0x52, 0xFF, 0xD6, 0x29, 0x00, 0x00, 0x6B, 0xFD, 0x6D, 0x00, 0x17, 0xD7, 0xD0, 0x02, 0x14, 0xCC,
0xFF, 0xFF, 0xA1, 0x05, 0x00, 0x00, 0x00, 0x03, 0x39, 0xE4, 0x9B, 0x00, 0x00, 0x00, 0x00, 0x00,
0x00, 0xD2, 0xFA, 0x22, 0x00, 0x00, 0x29, 0xF9, 0x94, 0x00, 0x00, 0x00, 0x89, 0xFF, 0x29, 0x00,
0x49, 0xFF, 0xF4, 0x0E, 0x00, 0x00, 0x38, 0xB5, 0xF5, 0xFF, 0xFF, 0xFD, 0x49, 0x00, 0x00, 0x00,
0x00, 0x18, 0xFF, 0xB6, 0x00, 0x00, 0x00, 0x90, 0xFF, 0x1D, 0x00, 0x25, 0x4E, 0xE2, 0xE4, 0x0A,
0x00, 0x15, 0xFF, 0xC7, 0x00, 0x00, 0x51, 0xFC, 0xEB, 0x88, 0x60, 0x65, 0xFF, 0xFF, 0xCD, 0x2F,
0x00, 0x00, 0x31, 0xFF, 0x97, 0x00, 0x00, 0x00, 0xC9, 0xDD, 0x00, 0x00, 0xFF, 0xFF, 0xE6, 0x27,
0x00, 0x00, 0x06, 0xFF, 0xB9, 0x00, 0x05, 0xEA, 0xE7, 0x18, 0x00, 0x00, 0x02, 0xFC, 0xB5, 0x9E,
0xF0, 0x34, 0x00, 0x21, 0xFF, 0xAE, 0x00, 0x00, 0x00, 0xD9, 0xD8, 0x00, 0x00, 0x55, 0x7C, 0xED,
0xD4, 0x09, 0x00, 0x04, 0xFF, 0xB8, 0x00, 0x35, 0xFF, 0x90, 0x00, 0x00, 0x00, 0x01, 0xF9, 0xB2,
0x04, 0xD6, 0xD2, 0x00, 0x00, 0xE4, 0xF2, 0x0F, 0x00, 0x00, 0xBD, 0xF7, 0x09, 0x00, 0x00, 0x00,
0x60, 0xFF, 0x57, 0x00, 0x04, 0xFF, 0xB8, 0x00, 0x3F, 0xFF, 0x7E, 0x00, 0x00, 0x00, 0x1B, 0xFF,
0x9A, 0x00, 0x7D, 0xFF, 0x31, 0x00, 0x77, 0xFF, 0xAC, 0x03, 0x00, 0x6E, 0xFF, 0x7D, 0x00, 0x00,
0x00, 0x68, 0xFF, 0x58, 0x00, 0x04, 0xFF, 0xB8, 0x00, 0x13, 0xFB, 0xC2, 0x01, 0x00, 0x00, 0x83,
0xFF, 0x59, 0x00, 0x5F, 0xFF, 0x57, 0x00, 0x05, 0xBF, 0xFF, 0xB3, 0x00, 0x06, 0xC9, 0xFF, 0xB4,
0x7C, 0x8F, 0xF2, 0xE8, 0x0F, 0x00, 0x04, 0xFF, 0xB8, 0x00, 0x00, 0x94, 0xFF, 0xB7, 0x79, 0xA9,
0xFF, 0xCA, 0x05, 0x00, 0x6E, 0xFF, 0x51, 0x00, 0x00, 0x0A, 0xA2, 0x56, 0x00, 0x00, 0x0B, 0x87,
0xDC, 0xF8, 0xED, 0xB0, 0x28, 0x00, 0x00, 0x04, 0xFF, 0xB8, 0x00, 0x00, 0x03, 0x81, 0xE0, 0xFA,
0xE2, 0x8F, 0x0E, 0x00, 0x00, 0xB0, 0xFF, 0x25, 0x00, 0x00, 0x00, 0x00, 0x00, 0x00, 0x00, 0x00,
0x00, 0x00, 0x00, 0x00, 0x00, 0x00, 0x00, 0x00, 0x00, 0x00, 0x00, 0x00, 0x00, 0x00, 0x00, 0x00,
0x00, 0x00, 0x00, 0x00, 0x00, 0x49, 0xFE, 0xC4, 0x00, 0x00, 0x00, 0x00, 0x00, 0x00, 0x00, 0x00,
0x00, 0x00, 0x00, 0x00, 0x00, 0x00, 0x00, 0x00, 0x00, 0x00, 0x00, 0x00, 0x00, 0x00, 0x00, 0x00,
0x5E, 0x44, 0x2B, 0x28, 0x43, 0x94, 0xFB, 0xEA, 0x26, 0x00, 0x00, 0x00, 0x00, 0x00, 0x00, 0x00,
0x00, 0x00, 0x00, 0x00, 0x00, 0x00, 0x00, 0x00, 0x00, 0x00, 0x00, 0x00, 0x00, 0x00, 0x00, 0x00,
0x12, 0xF1, 0xFF, 0xFF, 0xFF, 0xFF, 0xF9, 0xA5, 0x1B, 0x00, 0x00, 0x00, 0x00, 0x00, 0x00, 0x00,
0x00, 0x00, 0x00, 0x00, 0x00, 0x00, 0x00, 0x00, 0x00, 0x00, 0x00, 0x00, 0x00, 0x00, 0x00, 0x00,
0x00, 0x00, 0x04, 0x2A, 0x42, 0x49, 0x35, 0x08, 0x00, 0x00, 0x00, 0x00, 0x00, 0x00, 0x00, 0x57,
0xB4, 0xE5, 0xF9, 0xEE, 0xC5, 0x64, 0x01, 0x23, 0xAC, 0xED, 0xF7, 0xD3, 0x70, 0x04, 0x00, 0x00,
0x07, 0xB7, 0xFF, 0xD7, 0x8D, 0x75, 0x83, 0xD5, 0xFF, 0xA9, 0xE6, 0xEA, 0x8B, 0x7D, 0xC7, 0xFF,
0xAB, 0x00, 0x00, 0x93, 0xFF, 0x79, 0x17, 0x07, 0x00, 0x00, 0x02, 0xB3, 0xFF, 0xFC, 0x27, 0x00,
0x00, 0x01, 0xA9, 0xFF, 0x56, 0x0A, 0xF7, 0xF1, 0xE6, 0xFF, 0xF8, 0x90, 0x01, 0x00, 0x32, 0xFF,
0xC7, 0x00, 0x00, 0x00, 0x00, 0x1E, 0xFF, 0xB6, 0x29, 0xFF, 0xE2, 0x79, 0x5A, 0xB6, 0xFF, 0x58,
0x00, 0x11, 0xFF, 0xB3, 0x00, 0x00, 0x00, 0x00, 0x00, 0xE0, 0xE4, 0x16, 0xFF, 0x6C, 0x00, 0x00,
0x25, 0xFF, 0x88, 0x00, 0x0C, 0xFF, 0xB0, 0x00, 0x00, 0x00, 0x00, 0x00, 0xDB, 0xE6, 0x00, 0xCD,
0xDC, 0x41, 0x2B, 0x9D, 0xFF, 0x58, 0x00, 0x0C, 0xFF, 0xB0, 0x00, 0x00, 0x00, 0x00, 0x02, 0xF8,
0xCE, 0x00, 0x2C, 0xD9, 0xFF, 0xFF, 0xFF, 0x9C, 0x01, 0x00, 0x0C, 0xFF, 0xB0, 0x00, 0x00, 0x00,
0x00, 0x4D, 0xFF, 0x8E, 0x00, 0x00, 0x05, 0x32, 0x48, 0x1F, 0x00, 0x00, 0x00, 0x03, 0x50, 0x37,
0x00, 0x00, 0x00, 0x38, 0xE7, 0xF6, 0x20, 0x00, 0x00, 0x0E, 0x55, 0x6C, 0x70, 0x70, 0x70, 0x70,
0x70, 0x70, 0x71, 0x78, 0x8D, 0xC2, 0xFE, 0xF4, 0x4B, 0x00, 0x00, 0x46, 0xF0, 0xFF, 0xFF, 0xFF,
0xFF, 0xFF, 0xFF, 0xFF, 0xFF, 0xFF, 0xF8, 0xEA, 0xC7, 0x84, 0x1A, 0x00, 0x00, 0x00, 0xCE, 0xF2,
0x44, 0x08, 0x00, 0x00, 0x00, 0x00, 0x00, 0x00, 0x00, 0x00, 0x00, 0x00, 0x00, 0x00, 0x00, 0x00,
0x00, 0xF7, 0xC3, 0x00, 0x00, 0x00, 0x00, 0x00, 0x00, 0x00, 0x00, 0x00, 0x00, 0x00, 0x00, 0x00,
0x00, 0x00, 0x00, 0x00, 0xCA, 0xFA, 0x6C, 0x28, 0x20, 0x20, 0x20, 0x20, 0x20, 0x20, 0x20, 0x20,
0x20, 0x20, 0x20, 0x20, 0x20, 0x10, 0x00, 0x2A, 0xCD, 0xFF, 0xFF, 0xFF, 0xFF, 0xFF, 0xFF, 0xFF,
0xFF, 0xFF, 0xFF, 0xFF, 0xFF, 0xFF, 0xFF, 0xFF, 0x80, 0x00, 0x00, 0x00, 0x27, 0x48, 0x4F, 0x50,
0x50, 0x50, 0x50, 0x50, 0x50, 0x50, 0x50, 0x50, 0x50, 0x50, 0x50, 0x28, 0x00, 0x00, 0x00, 0x57,
0xB4, 0xE5, 0xF9, 0xEE, 0xC5, 0x64, 0x01, 0x23, 0xAC, 0xED, 0xF7, 0xD3, 0x70, 0x04, 0x00, 0x00,
0x00, 0x07, 0x86, 0xE0, 0xF8, 0xD5, 0x54, 0x04, 0x82, 0xE4, 0xF6, 0xCC, 0x52, 0x00, 0x00, 0x00,
0x07, 0xB7, 0xFF, 0xD7, 0x8D, 0x75, 0x83, 0xD5, 0xFF, 0xA9, 0xE6, 0xEA, 0x8B, 0x7D, 0xC7, 0xFF,
0xAB, 0x00, 0x00, 0x00, 0xA9, 0xFF, 0xBA, 0x7C, 0xB7, 0xFE, 0xC1, 0xFD, 0x9C, 0x80, 0xD6, 0xFF,
0x5D, 0x00, 0x00, 0x93, 0xFF, 0x79, 0x17, 0x07, 0x00, 0x00, 0x02, 0xB3, 0xFF, 0xFC, 0x27, 0x00,
0x00, 0x01, 0xA9, 0xFF, 0x56, 0x00, 0x1E, 0xFF, 0xBF, 0x00, 0x00, 0x01, 0xC5, 0xFF, 0x82, 0x00,
0x00, 0x0D, 0xE5, 0xE9, 0x04, 0x0A, 0xF7, 0xF1, 0xE6, 0xFF, 0xF8, 0x90, 0x01, 0x00, 0x32, 0xFF,
0xC7, 0x00, 0x00, 0x00, 0x00, 0x1E, 0xFF, 0xB6, 0x00, 0x42, 0xFF, 0x7A, 0x00, 0x00, 0x00, 0x86,
0xFF, 0x49, 0x00, 0x00, 0x00, 0x89, 0xFF, 0x3C, 0x29, 0xFF, 0xE2, 0x79, 0x5A, 0xB6, 0xFF, 0x58,
0x00, 0x11, 0xFF, 0xB3, 0x00, 0x00, 0x00, 0x00, 0x00, 0xE0, 0xE4, 0x00, 0x33, 0xFF, 0x80, 0x00,
0x00, 0x00, 0x75, 0xFF, 0x44, 0x00, 0x00, 0x00, 0x68, 0xFF, 0x5C, 0x16, 0xFF, 0x6C, 0x00, 0x00,
0x25, 0xFF, 0x88, 0x00, 0x0C, 0xFF, 0xB0, 0x00, 0x00, 0x00, 0x00, 0x00, 0xDB, 0xE6, 0x00, 0x07,
0xD0, 0x71, 0x00, 0x00, 0x00, 0x61, 0xD8, 0x39, 0x00, 0x00, 0x00, 0x66, 0xFF, 0x5E, 0x00, 0xCD,
0xDC, 0x41, 0x2B, 0x9D, 0xFF, 0x58, 0x00, 0x0C, 0xFF, 0xB0, 0x00, 0x00, 0x00, 0x00, 0x02, 0xF8,
0xCE, 0x00, 0x00, 0x00, 0x00, 0x00, 0x00, 0x00, 0x00, 0x00, 0x00, 0x00, 0x00, 0x00, 0x84, 0xFF,
0x44, 0x00, 0x2C, 0xD9, 0xFF, 0xFF, 0xFF, 0x9C, 0x01, 0x00, 0x0C, 0xFF, 0xB0, 0x00, 0x00, 0x00,
0x00, 0x4D, 0xFF, 0x8E, 0x00, 0x00, 0x00, 0x00, 0x00, 0x00, 0x00, 0x00, 0x00, 0x00, 0x00, 0x00,
0x00, 0xCE, 0xF8, 0x0F, 0x00, 0x00, 0x05, 0x32, 0x48, 0x1F, 0x00, 0x00, 0x00, 0x03, 0x50, 0x37,
0x00, 0x00, 0x00, 0x38, 0xE7, 0xF6, 0x20, 0x00, 0x00, 0x00, 0x00, 0x00, 0x00, 0x28, 0x00, 0x00,
0x00, 0x00, 0x00, 0x71, 0xFF, 0x99, 0x00, 0x00, 0x00, 0x0E, 0x55, 0x6C, 0x70, 0x70, 0x70, 0x70,
0x70, 0x70, 0x71, 0x78, 0x8D, 0xC2, 0xFE, 0xF4, 0x4B, 0x00, 0x00, 0x00, 0x00, 0x00, 0x00, 0x35,
0xFC, 0xD5, 0x8D, 0x74, 0x83, 0xC2, 0xFF, 0xCD, 0x0E, 0x00, 0x00, 0x46, 0xF0, 0xFF, 0xFF, 0xFF,
0xFF, 0xFF, 0xFF, 0xFF, 0xFF, 0xFF, 0xF8, 0xEA, 0xC7, 0x84, 0x1A, 0x00, 0x00, 0x00, 0x00, 0x00,
0x00, 0x00, 0x0A, 0x5E, 0xB7, 0xE8, 0xFA, 0xF5, 0xCF, 0x79, 0x0A, 0x00, 0x00, 0x00, 0xCE, 0xF2,
0x44, 0x08, 0x00, 0x00, 0x00, 0x00, 0x00, 0x00, 0x00, 0x00, 0x00, 0x00, 0x00, 0x00, 0x00, 0x00,
0x00, 0x00, 0x00, 0x00, 0x00, 0x00, 0x00, 0x00, 0x00, 0x00, 0x00, 0x00, 0x00, 0x00, 0x00, 0x00,
0x00, 0xF7, 0xC3, 0x00, 0x00, 0x00, 0x00, 0x00, 0x00, 0x00, 0x00, 0x00, 0x00, 0x00, 0x00, 0x00,
0x00, 0x00, 0x00, 0x00, 0x00, 0x00, 0x00, 0x00, 0x00, 0x00, 0x00, 0x00, 0x00, 0x00, 0x00, 0x00,
0x00, 0x00, 0x00, 0x00, 0xCA, 0xFA, 0x6C, 0x28, 0x20, 0x20, 0x20, 0x20, 0x20, 0x20, 0x20, 0x20,
0x20, 0x20, 0x20, 0x20, 0x20, 0x10, 0x00, 0x00, 0x00, 0x00, 0x00, 0x00, 0x00, 0x00, 0x00, 0x00,
0x00, 0x00, 0x00, 0x00, 0x00, 0x00, 0x00, 0x2A, 0xCD, 0xFF, 0xFF, 0xFF, 0xFF, 0xFF, 0xFF, 0xFF,
0xFF, 0xFF, 0xFF, 0xFF, 0xFF, 0xFF, 0xFF, 0xFF, 0x80, 0x00, 0x00, 0x00, 0x00, 0x00, 0x00, 0x00,
0x00, 0x00, 0x00, 0x00, 0x00, 0x00, 0x00, 0x00, 0x00, 0x00, 0x00, 0x00, 0x27, 0x48, 0x4F, 0x50,
0x50, 0x50, 0x50, 0x50, 0x50, 0x50, 0x50, 0x50, 0x50, 0x50, 0x50, 0x28, 0x00, 0x00, 0x00, 0x00,
0x00, 0x00, 0x00, 0x00, 0x00, 0x00, 0x00, 0x00, 0x00, 0x00, 0x00, 0x00, 0x00, 0x00, 0x00, 0x4A,
0xA7, 0xDF, 0xF6, 0xF4, 0xDB, 0x9C, 0x2E, 0x00, 0x00, 0x00, 0x00, 0x05, 0xAB, 0xFF, 0xDC, 0x91,
0x78, 0x82, 0xAD, 0xF8, 0xFD, 0x6F, 0x00, 0x00, 0x00, 0x8C, 0xFF, 0x7D, 0x17, 0x07, 0x00, 0x00,
0x00, 0x21, 0xD4, 0xFE, 0x44, 0x00, 0x09, 0xF6, 0xF1, 0xE6, 0xFF, 0xF8, 0x90, 0x01, 0x00, 0x00,
0x2D, 0xFF, 0xBB, 0x00, 0x29, 0xFF, 0xE2, 0x79, 0x5A, 0xB6, 0xFF, 0x58, 0x00, 0x00, 0x00, 0xD2,
0xF8, 0x01, 0x16, 0xFF, 0x6C, 0x00, 0x00, 0x25, 0xFF, 0x88, 0x00, 0x00, 0x00, 0xBC, 0xFF, 0x0A,
0x00, 0xCD, 0xDC, 0x41, 0x2B, 0x9D, 0xFF, 0x58, 0x00, 0x00, 0x00, 0xD6, 0xF5, 0x00, 0x00, 0x2C,
0xD9, 0xFF, 0xFF, 0xFF, 0x9C, 0x01, 0x00, 0x00, 0x22, 0xFD, 0xB9, 0x00, 0x00, 0x00, 0x05, 0x32,
0x48, 0x1F, 0x00, 0x00, 0x00, 0x2B, 0xD6, 0xFE, 0x41, 0x00, 0x00, 0x00, 0x0E, 0x55, 0x6C, 0x73,
0x7B, 0x92, 0xC1, 0xFC, 0xF4, 0x61, 0x00, 0x00, 0x00, 0x46, 0xF0, 0xFF, 0xFF, 0xFD, 0xF3, 0xE2,
0xBD, 0x7C, 0x1C, 0x00, 0x00, 0x00, 0x00, 0xCE, 0xF2, 0x44, 0x08, 0x00, 0x00, 0x00, 0x00, 0x00,
0x00, 0x00, 0x00, 0x00, 0x00, 0xF7, 0xC3, 0x00, 0x00, 0x00, 0x00, 0x00, 0x00, 0x00, 0x00, 0x00,
0x00, 0x00, 0x00, 0xCA, 0xFA, 0x6C, 0x28, 0x20, 0x20, 0x20, 0x20, 0x20, 0x20, 0x20, 0x15, 0x00,
0x00, 0x2A, 0xCD, 0xFF, 0xFF, 0xFF, 0xFF, 0xFF, 0xFF, 0xFF, 0xFF, 0xFF, 0xA8, 0x00, 0x00, 0x00,
0x00, 0x27, 0x48, 0x4F, 0x50, 0x50, 0x50, 0x50, 0x50, 0x50, 0x34, 0x00, 0x00, 0x00, 0x00, 0x4A,
0xA7, 0xDF, 0xF6, 0xF4, 0xDB, 0x9C, 0x2E, 0x00, 0x00, 0x00, 0x00, 0x07, 0x86, 0xE0, 0xF8, 0xD5,
0x54, 0x04, 0x82, 0xE4, 0xF6, 0xCC, 0x52, 0x00, 0x00, 0x00, 0x05, 0xAB, 0xFF, 0xDC, 0x91, 0x78,
0x82, 0xAD, 0xF8, 0xFD, 0x6F, 0x00, 0x00, 0x00, 0xA9, 0xFF, 0xBA, 0x7C, 0xB7, 0xFE, 0xC1, 0xFD,
0x9C, 0x80, 0xD6, 0xFF, 0x5D, 0x00, 0x00, 0x8C, 0xFF, 0x7D, 0x17, 0x07, 0x00, 0x00, 0x00, 0x21,
0xD4, 0xFE, 0x44, 0x00, 0x1E, 0xFF, 0xBF, 0x00, 0x00, 0x01, 0xC5, 0xFF, 0x82, 0x00, 0x00, 0x0D,
0xE5, 0xE9, 0x04, 0x09, 0xF6, 0xF1, 0xE6, 0xFF, 0xF8, 0x90, 0x01, 0x00, 0x00, 0x2D, 0xFF, 0xBB,
0x00, 0x42, 0xFF, 0x7A, 0x00, 0x00, 0x00, 0x86, 0xFF, 0x49, 0x00, 0x00, 0x00, 0x89, 0xFF, 0x3C,
0x29, 0xFF, 0xE2, 0x79, 0x5A, 0xB6, 0xFF, 0x58, 0x00, 0x00, 0x00, 0xD2, 0xF8, 0x01, 0x33, 0xFF,
0x80, 0x00, 0x00, 0x00, 0x75, 0xFF, 0x44, 0x00, 0x00, 0x00, 0x68, 0xFF, 0x5C, 0x16, 0xFF, 0x6C,
0x00, 0x00, 0x25, 0xFF, 0x88, 0x00, 0x00, 0x00, 0xBC, 0xFF, 0x0A, 0x07, 0xD0, 0x71, 0x00, 0x00,
0x00, 0x61, 0xD8, 0x39, 0x00, 0x00, 0x00, 0x66, 0xFF, 0x5E, 0x00, 0xCD, 0xDC, 0x41, 0x2B, 0x9D,
0xFF, 0x58, 0x00, 0x00, 0x00, 0xD6, 0xF5, 0x00, 0x00, 0x00, 0x00, 0x00, 0x00, 0x00, 0x00, 0x00,
0x00, 0x00, 0x00, 0x00, 0x84, 0xFF, 0x44, 0x00, 0x2C, 0xD9, 0xFF, 0xFF, 0xFF, 0x9C, 0x01, 0x00,
0x00, 0x22, 0xFD, 0xB9, 0x00, 0x00, 0x00, 0x00, 0x00, 0x00, 0x00, 0x00, 0x00, 0x00, 0x00, 0x00,
0x00, 0xCE, 0xF8, 0x0F, 0x00, 0x00, 0x05, 0x32, 0x48, 0x1F, 0x00, 0x00, 0x00, 0x2B, 0xD6, 0xFE,
0x41, 0x00, 0x00, 0x00, 0x00, 0x00, 0x00, 0x28, 0x00, 0x00, 0x00, 0x00, 0x00, 0x71, 0xFF, 0x99,
0x00, 0x00, 0x00, 0x0E, 0x55, 0x6C, 0x73, 0x7B, 0x92, 0xC1, 0xFC, 0xF4, 0x61, 0x00, 0x00, 0x00,
0x00, 0x00, 0x00, 0x35, 0xFC, 0xD5, 0x8D, 0x74, 0x83, 0xC2, 0xFF, 0xCD, 0x0E, 0x00, 0x00, 0x46,
0xF0, 0xFF, 0xFF, 0xFD, 0xF3, 0xE2, 0xBD, 0x7C, 0x1C, 0x00, 0x00, 0x00, 0x00, 0x00, 0x00, 0x00,
0x0A, 0x5E, 0xB7, 0xE8, 0xFA, 0xF5, 0xCF, 0x79, 0x0A, 0x00, 0x00, 0x00, 0xCE, 0xF2, 0x44, 0x08,
0x00, 0x00, 0x00, 0x00, 0x00, 0x00, 0x00, 0x00, 0x00, 0x00, 0x00, 0x00, 0x00, 0x00, 0x00, 0x00,
0x00, 0x00, 0x00, 0x00, 0x00, 0x00, 0x00, 0x00, 0x00, 0xF7, 0xC3, 0x00, 0x00, 0x00, 0x00, 0x00,
0x00, 0x00, 0x00, 0x00, 0x00, 0x00, 0x00, 0x00, 0x00, 0x00, 0x00, 0x00, 0x00, 0x00, 0x00, 0x00,
0x00, 0x00, 0x00, 0x00, 0x00, 0x00, 0xCA, 0xFA, 0x6C, 0x28, 0x20, 0x20, 0x20, 0x20, 0x20, 0x20,
0x20, 0x15, 0x00, 0x00, 0x00, 0x00, 0x00, 0x00, 0x00, 0x00, 0x00, 0x00, 0x00, 0x00, 0x00, 0x00,
0x00, 0x00, 0x00, 0x2A, 0xCD, 0xFF, 0xFF, 0xFF, 0xFF, 0xFF, 0xFF, 0xFF, 0xFF, 0xFF, 0xA8, 0x00,
0x00, 0x00, 0x00, 0x00, 0x00, 0x00, 0x00, 0x00, 0x00, 0x00, 0x00, 0x00, 0x00, 0x00, 0x00, 0x00,
0x00, 0x00, 0x27, 0x48, 0x4F, 0x50, 0x50, 0x50, 0x50, 0x50, 0x50, 0x34, 0x00, 0x00, 0x00, 0x00,
0x00, 0x00, 0x00, 0x00, 0x00, 0x00, 0x00, 0x00, 0x00, 0x00, 0x00, 0x00, 0x00, 0x02, 0x79, 0xDD,
0xF9, 0xDE, 0x71, 0x00, 0x00, 0x00, 0x27, 0xB3, 0xEF, 0xF6, 0xBB, 0x2B, 0x00, 0x00, 0x8D, 0xFF,
0xB1, 0x7B, 0xBC, 0xFF, 0x69, 0x00, 0x11, 0xE8, 0xED, 0x87, 0x86, 0xEE, 0xE7, 0x0E, 0x0F, 0xF9,
0xA8, 0x00, 0x00, 0x03, 0xE0, 0xCC, 0x00, 0x61, 0xFF, 0x51, 0x00, 0x00, 0x40, 0xFF, 0x72, 0x3A,
0xFF, 0x5B, 0x00, 0x00, 0x00, 0xC7, 0xDE, 0x00, 0x73, 0xFF, 0x33, 0x00, 0x00, 0x00, 0xF3, 0x9E,
0x36, 0xFF, 0xD6, 0x4A, 0x27, 0x67, 0xFE, 0xA4, 0x00, 0x3A, 0xFF, 0xB8, 0x31, 0x30, 0x8F, 0xFD,
0xA1, 0x10, 0xF9, 0xEA, 0xFD, 0xFF, 0xFF, 0xD4, 0x1B, 0x00, 0x00, 0x8C, 0xFE, 0xFF, 0xFF, 0xE6,
0xFF, 0x74, 0x00, 0xA0, 0xEE, 0x4A, 0x44, 0x38, 0x02, 0x00, 0x00, 0x00, 0x00, 0x20, 0x48, 0x34,
0xA6, 0xF1, 0x18, 0x00, 0x10, 0xCF, 0xF7, 0x9A, 0x56, 0x35, 0x26, 0x20, 0x23, 0x2C, 0x43, 0x73,
0xD2, 0xF9, 0x4D, 0x00, 0x00, 0x00, 0x0B, 0x96, 0xFF, 0xFF, 0xFF, 0xFF, 0xFF, 0xFF, 0xFF, 0xFF,
0xFF, 0xC9, 0x25, 0x00, 0x00, 0x00, 0x00, 0x79, 0xF6, 0xDC, 0x93, 0x6E, 0x59, 0x51, 0x56, 0x63,
0x7F, 0xB5, 0xFC, 0xBE, 0x1B, 0x00, 0x00, 0x53, 0xFF, 0x95, 0x02, 0x00, 0x00, 0x00, 0x00, 0x00,
0x00, 0x00, 0x00, 0x33, 0xF6, 0xBB, 0x00, 0x00, 0x8E, 0xFF, 0x31, 0x00, 0x00, 0x00, 0x00, 0x00,
0x00, 0x00, 0x00, 0x00, 0x00, 0xC5, 0xF7, 0x00, 0x00, 0x70, 0xFF, 0x71, 0x00, 0x00, 0x00, 0x00,
0x00, 0x00, 0x00, 0x00, 0x00, 0x1B, 0xEF, 0xD7, 0x00, 0x00, 0x11, 0xDE, 0xFE, 0xAB, 0x5F, 0x3B,
0x2A, 0x22, 0x24, 0x31, 0x4E, 0x87, 0xEB, 0xFB, 0x52, 0x00, 0x00, 0x00, 0x13, 0x8B, 0xE0, 0xFF,
0xFF, 0xFF, 0xFF, 0xFF, 0xFF, 0xFF, 0xF6, 0xAD, 0x38, 0x00, 0x00, 0x00, 0x00, 0x00, 0x00, 0x00,
0x14, 0x34, 0x46, 0x4D, 0x4C, 0x40, 0x27, 0x05, 0x00, 0x00, 0x00, 0x00, 0x00, 0x00, 0x00, 0x11,
0x77, 0xCA, 0xED, 0xF7, 0xDE, 0x94, 0x1A, 0x00, 0x1F, 0x95, 0xDB, 0xF5, 0xF2, 0xD8, 0x9B, 0x38,
0x00, 0x00, 0x00, 0x00, 0x00, 0x3B, 0xE5, 0xF7, 0xAE, 0x7F, 0x75, 0xA2, 0xFB, 0xED, 0x72, 0xF4,
0xFB, 0xAA, 0x80, 0x78, 0x93, 0xD7, 0xFE, 0x8B, 0x01, 0x00, 0x00, 0x21, 0xED, 0xC8, 0x1D, 0x00,
0x00, 0x00, 0x00, 0x38, 0xFC, 0xFF, 0xF0, 0x29, 0x00, 0x00, 0x00, 0x0D, 0x14, 0x5C, 0xF9, 0x73,
0x00, 0x00, 0x9A, 0xED, 0x14, 0x0D, 0x09, 0x00, 0x00, 0x00, 0x00, 0xBD, 0xFF, 0x71, 0x00, 0x00,
0x23, 0xBF, 0xFE, 0xEA, 0xE2, 0xDC, 0xF4, 0x0C, 0x00, 0xF2, 0xD2, 0xCE, 0xFF, 0xFD, 0xBB, 0x1D,
0x00, 0x00, 0x98, 0xFF, 0x36, 0x00, 0x09, 0xDE, 0xD5, 0x20, 0x00, 0x18, 0xC1, 0xFF, 0x58, 0x14,
0xFF, 0xFE, 0x9E, 0x59, 0x8D, 0xFD, 0xC0, 0x00, 0x00, 0x90, 0xFF, 0x29, 0x00, 0x5B, 0xFF, 0x53,
0x00, 0x00, 0x00, 0x1F, 0xFF, 0x7C, 0x20, 0xFF, 0x8B, 0x00, 0x00, 0x00, 0xA7, 0xFF, 0x14, 0x00,
0x90, 0xFF, 0x28, 0x00, 0x87, 0xFF, 0x28, 0x00, 0x00, 0x00, 0x24, 0xFF, 0x87, 0x09, 0xFE, 0xA5,
0x00, 0x00, 0x00, 0x7D, 0xFF, 0x28, 0x00, 0x90, 0xFF, 0x28, 0x00, 0x81, 0xFF, 0x38, 0x00, 0x00,
0x00, 0x4C, 0xFF, 0x6D, 0x00, 0xC2, 0xF5, 0x1B, 0x00, 0x00, 0xAD, 0xFB, 0x07, 0x00, 0x90, 0xFF,
0x28, 0x00, 0x49, 0xFF, 0x8C, 0x00, 0x00, 0x04, 0xB7, 0xFF, 0x26, 0x00, 0x3D, 0xFC, 0xE3, 0x84,
0xA0, 0xFF, 0x92, 0x00, 0x00, 0x90, 0xFF, 0x28, 0x00, 0x02, 0xC1, 0xFE, 0xA1, 0x7E, 0xC7, 0xFF,
0x97, 0x00, 0x00, 0x00, 0x41, 0xC3, 0xF5, 0xE0, 0x88, 0x07, 0x00, 0x00, 0x90, 0xFF, 0x28, 0x00,
0x00, 0x0D, 0x95, 0xE7, 0xF8, 0xD6, 0x73, 0x02, 0x00, 0x00, 0x00, 0x00, 0x00, 0x00, 0x00, 0x00,
0x00, 0x00, 0x00, 0x00, 0x00, 0x00, 0x00, 0x15, 0x86, 0xD3, 0xF6, 0xF6, 0xDA, 0x97, 0x26, 0x00,
0x00, 0x00, 0x00, 0x00, 0x00, 0x00, 0x00, 0x00, 0x00, 0x00, 0x00, 0x00, 0x00, 0x00, 0x00, 0x2F,
0xE8, 0xFE, 0xB3, 0x83, 0x7D, 0xAA, 0xF7, 0xFB, 0x62, 0x00, 0x00, 0x00, 0x00, 0x00, 0x00, 0x00,
0x00, 0x00, 0x00, 0x00, 0x00, 0x00, 0x00, 0x17, 0xEE, 0xEE, 0x35, 0x01, 0x20, 0x16, 0x00, 0x25,
0xD8, 0xFE, 0x42, 0x00, 0x00, 0x00, 0x00, 0x04, 0x18, 0x07, 0x00, 0x00, 0x00, 0x00, 0x00, 0x00,
0x9E, 0xFF, 0x4A, 0x00, 0x0C, 0xFF, 0xB4, 0x00, 0x00, 0x27, 0xFB, 0xCF, 0x00, 0x00, 0x0E, 0x9A,
0xF6, 0xFF, 0xFD, 0xB6, 0x21, 0x00, 0x00, 0x00, 0x0A, 0xF8, 0xCC, 0x00, 0x00, 0x0C, 0xFF, 0xB4,
0x00, 0x00, 0x00, 0xA9, 0xFF, 0x2E, 0x00, 0xBA, 0xFE, 0x9B, 0x5B, 0x85, 0xF7, 0xE0, 0x0C, 0x00,
0x00, 0x4A, 0xFF, 0x82, 0x00, 0x00, 0x0C, 0xFF, 0xB4, 0x00, 0x00, 0x00, 0x67, 0xFF, 0x66, 0x30,
0xFF, 0x9C, 0x00, 0x00, 0x00, 0x70, 0xFF, 0x62, 0x00, 0x00, 0x72, 0xFF, 0x50, 0x00, 0x00, 0x0C,
0xFF, 0xB4, 0x00, 0x00, 0x00, 0x4B, 0xFF, 0x83, 0x54, 0xFF, 0x59, 0x00, 0x00, 0x00, 0x30, 0xFF,
0x82, 0x00, 0x00, 0x87, 0xFF, 0x3C, 0x00, 0x00, 0x0C, 0xFF, 0xB4, 0x00, 0x00, 0x00, 0x36, 0xFF,
0x8F, 0x3B, 0xFF, 0x76, 0x00, 0x00, 0x00, 0x4A, 0xFF, 0x5D, 0x00, 0x00, 0x8F, 0xFF, 0x30, 0x00,
0x00, 0x0C, 0xFF, 0xB4, 0x00, 0x00, 0x00, 0x45, 0xFF, 0x84, 0x02, 0xDA, 0xE7, 0x20, 0x00, 0x00,
0xB5, 0xFE, 0x7A, 0x70, 0x70, 0xBC, 0xFF, 0x8D, 0x70, 0x70, 0x76, 0xFF, 0xB4, 0x00, 0x00, 0x00,
0x61, 0xFF, 0x63, 0x00, 0x2F, 0xDA, 0x24, 0x00, 0x00, 0xB6, 0xFF, 0xFF, 0xFF, 0xFF, 0xFF, 0xFF,
0xFF, 0xFF, 0xFF, 0xFF, 0xFF, 0xB4, 0x00, 0x00, 0x00, 0x9E, 0xFF, 0x2D, 0x00, 0x00, 0x03, 0x00,
0x00, 0x00, 0x00, 0x00, 0x00, 0x00, 0x00, 0x36, 0xFF, 0x7F, 0x00, 0x00, 0x0C, 0xFF, 0xB3, 0x00,
0x00, 0x08, 0xE8, 0xE0, 0x00, 0x00, 0x00, 0x00, 0x00, 0x00, 0x00, 0x00, 0x00, 0x00, 0x00, 0x00,
0x01, 0xDD, 0xD8, 0x06, 0x00, 0x10, 0xFF, 0xAC, 0x00, 0x00, 0x6A, 0xFF, 0x77, 0x00, 0x00, 0x00,
0x00, 0x00, 0x00, 0x00, 0x00, 0x00, 0x00, 0x00, 0x00, 0x00, 0x57, 0xFF, 0xB1, 0x34, 0x6B, 0xFF,
0x7D, 0x00, 0x26, 0xF1, 0xE3, 0x0C, 0x00, 0x00, 0x00, 0x00, 0x00, 0x00, 0x00, 0x00, 0x00, 0x00,
0x00, 0x00, 0x00, 0x00, 0x6F, 0xF6, 0xFF, 0xFF, 0xD3, 0x11, 0x00, 0x63, 0xF9, 0x44, 0x00, 0x00,
0x00, 0x00, 0x00, 0x00, 0x00, 0x00, 0x00, 0x00, 0x00, 0x00, 0x00, 0x00, 0x00, 0x00, 0x10, 0x45,
0x36, 0x05, 0x00, 0x00, 0x00, 0x1C, 0x00, 0x00, 0x00, 0x00, 0x00, 0x00, 0x00, 0x00, 0x00, 0x00,
0x00, 0x00, 0x00, 0x00, 0x00, 0x00, 0x00, 0x02, 0x57, 0xB1, 0xE4, 0xF9, 0xF2, 0xDA, 0x97, 0x2C,
0x00, 0x00, 0x00, 0x00, 0x00, 0x00, 0x00, 0x00, 0x00, 0x00, 0x00, 0x00, 0x00, 0x00, 0x00, 0x11,
0xBE, 0xFF, 0xE1, 0x9A, 0x7C, 0x7D, 0xA7, 0xF5, 0xF9, 0x5B, 0x00, 0x00, 0x00, 0x00, 0x00, 0x00,
0x00, 0x00, 0x00, 0x00, 0x00, 0x00, 0x00, 0x06, 0xD1, 0xFD, 0x6E, 0x05, 0x20, 0x16, 0x00, 0x00,
0x21, 0xE2, 0xF8, 0x1C, 0x00, 0x00, 0x00, 0x04, 0x18, 0x07, 0x00, 0x00, 0x00, 0x00, 0x00, 0x00,
0x80, 0xFF, 0x71, 0x00, 0x0C, 0xFF, 0xB4, 0x00, 0x00, 0x00, 0x61, 0xFF, 0x70, 0x00, 0x0D, 0x96,
0xF5, 0xFF, 0xFD, 0xB6, 0x21, 0x00, 0x00, 0x00, 0x04, 0xED, 0xDD, 0x04, 0x00, 0x0C, 0xFF, 0xB4,
0x00, 0x00, 0x00, 0x39, 0xFF, 0x8B, 0x00, 0xB7, 0xFF, 0x9D, 0x5B, 0x85, 0xF7, 0xE0, 0x0C, 0x00,
0x00, 0x40, 0xFF, 0x8D, 0x00, 0x00, 0x0C, 0xFF, 0xB4, 0x00, 0x00, 0x00, 0x60, 0xFF, 0x68, 0x2F,
0xFF, 0x9E, 0x00, 0x00, 0x00, 0x70, 0xFF, 0x62, 0x00, 0x00, 0x6E, 0xFF, 0x55, 0x00, 0x00, 0x0C,
0xFF, 0xB4, 0x00, 0x00, 0x24, 0xDF, 0xE5, 0x0D, 0x54, 0xFF, 0x59, 0x00, 0x00, 0x00, 0x30, 0xFF,
0x82, 0x00, 0x00, 0x85, 0xFF, 0x3E, 0x00, 0x00, 0x0C, 0xFF, 0xB4, 0x00, 0xAA, 0xF8, 0xD1, 0x27,
0x00, 0x3D, 0xFF, 0x76, 0x00, 0x00, 0x00, 0x4A, 0xFF, 0x5D, 0x00, 0x00, 0x8F, 0xFF, 0x30, 0x00,
0x00, 0x0C, 0xFF, 0xB4, 0x00, 0xE6, 0xFF, 0xD4, 0x3E, 0x00, 0x03, 0xDD, 0xE7, 0x21, 0x00, 0x00,
0xB5, 0xFE, 0x7A, 0x70, 0x70, 0xBC, 0xFF, 0x8D, 0x70, 0x70, 0x76, 0xFF, 0xB4, 0x00, 0x00, 0x2F,
0xD5, 0xF8, 0x30, 0x00, 0x35, 0xE1, 0x25, 0x00, 0x00, 0xB6, 0xFF, 0xFF, 0xFF, 0xFF, 0xFF, 0xFF,
0xFF, 0xFF, 0xFF, 0xFF, 0xFF, 0xB4, 0x00, 0x00, 0x00, 0x38, 0xFF, 0x9E, 0x00, 0x00, 0x07, 0x00,
0x00, 0x00, 0x00, 0x00, 0x00, 0x00, 0x00, 0x36, 0xFF, 0x7F, 0x00, 0x00, 0x0C, 0xFF, 0xB3, 0x00,
0x00, 0x00, 0x06, 0xFF, 0xC0, 0x00, 0x00, 0x00, 0x00, 0x00, 0x00, 0x00, 0x00, 0x00, 0x00, 0x00,
0x01, 0xDD, 0xD8, 0x06, 0x00, 0x10, 0xFF, 0xAC, 0x00, 0x00, 0x00, 0x2D, 0xFF, 0xAD, 0x00, 0x00,
0x00, 0x00, 0x00, 0x00, 0x00, 0x00, 0x00, 0x00, 0x00, 0x00, 0x57, 0xFF, 0xB1, 0x34, 0x6B, 0xFF,
0x7D, 0x13, 0x24, 0x42, 0xCD, 0xFF, 0x58, 0x00, 0x00, 0x00, 0x00, 0x00, 0x00, 0x00, 0x00, 0x00,
0x00, 0x00, 0x00, 0x00, 0x6F, 0xF6, 0xFF, 0xFF, 0xD3, 0x11, 0x8A, 0xFF, 0xFF, 0xF3, 0x77, 0x00,
0x00, 0x00, 0x00, 0x00, 0x00, 0x00, 0x00, 0x00, 0x00, 0x00, 0x00, 0x00, 0x00, 0x00, 0x10, 0x45,
0x36, 0x05, 0x00, 0x27, 0x4B, 0x38, 0x0E, 0x00, 0x00, 0x00, 0x00, 0x00, 0x06, 0x62, 0xBA, 0xE4,
0xF9, 0xE6, 0xC0, 0x67, 0x05, 0x00, 0x00, 0x00, 0x00, 0x00, 0x00, 0x00, 0x00, 0x00, 0x00, 0x00,
0x00, 0x00, 0x00, 0x00, 0x00, 0x15, 0x86, 0xD3, 0xF6, 0xF6, 0xDA, 0x97, 0x26, 0x00, 0x00, 0x00,
0x00, 0x00, 0x27, 0xD1, 0xFE, 0xBE, 0x85, 0x75, 0x8D, 0xD7, 0xFF, 0xCB, 0x15, 0x00, 0x00, 0x00,
0x00, 0x00, 0x00, 0x00, 0x00, 0x00, 0x00, 0x00, 0x00, 0x00, 0x00, 0x2F, 0xE8, 0xFE, 0xB3, 0x83,
0x7D, 0xAA, 0xF7, 0xFB, 0x62, 0x00, 0x00, 0x00, 0x14, 0xDF, 0xD9, 0x2F, 0x00, 0x00, 0x00, 0x00,
0x01, 0x85, 0xFF, 0xB5, 0x00, 0x00, 0x00, 0x00, 0x00, 0x00, 0x00, 0x00, 0x00, 0x00, 0x00, 0x00,
0x00, 0x17, 0xEE, 0xEE, 0x35, 0x01, 0x20, 0x16, 0x00, 0x25, 0xD8, 0xFE, 0x42, 0x00, 0x00, 0x90,
0xF1, 0x1E, 0x0F, 0x08, 0x00, 0x00, 0x00, 0x00, 0x00, 0xC0, 0xFF, 0x2B, 0x00, 0x00, 0x00, 0x04,
0x18, 0x07, 0x00, 0x00, 0x00, 0x00, 0x00, 0x00, 0x9E, 0xFF, 0x4A, 0x00, 0x0C, 0xFF, 0xB4, 0x00,
0x00, 0x27, 0xFB, 0xCF, 0x00, 0x03, 0xF1, 0xD5, 0xD4, 0xFF, 0xFD, 0xB5, 0x18, 0x00, 0x00, 0x00,
0x66, 0xFF, 0x69, 0x00, 0x0E, 0x9A, 0xF6, 0xFF, 0xFD, 0xB6, 0x21, 0x00, 0x00, 0x00, 0x0A, 0xF8,
0xCC, 0x00, 0x00, 0x0C, 0xFF, 0xB4, 0x00, 0x00, 0x00, 0xA9, 0xFF, 0x2E, 0x1D, 0xFF, 0xFD, 0x98,
0x59, 0x94, 0xFF, 0xB4, 0x00, 0x00, 0x00, 0x4A, 0xFF, 0x7C, 0x00, 0xBA, 0xFE, 0x9B, 0x5B, 0x85,
0xF7, 0xE0, 0x0C, 0x00, 0x00, 0x4A, 0xFF, 0x82, 0x00, 0x00, 0x0C, 0xFF, 0xB4, 0x00, 0x00, 0x00,
0x67, 0xFF, 0x66, 0x31, 0xFF, 0x7E, 0x00, 0x00, 0x00, 0xB4, 0xFE, 0x09, 0x00, 0x00, 0x62, 0xFF,
0x62, 0x30, 0xFF, 0x9C, 0x00, 0x00, 0x00, 0x70, 0xFF, 0x62, 0x00, 0x00, 0x72, 0xFF, 0x50, 0x00,
0x00, 0x0C, 0xFF, 0xB4, 0x00, 0x00, 0x00, 0x4B, 0xFF, 0x83, 0x1B, 0xFF, 0x95, 0x00, 0x00, 0x00,
0x89, 0xFF, 0x1C, 0x00, 0x00, 0xB2, 0xFF, 0x2D, 0x54, 0xFF, 0x59, 0x00, 0x00, 0x00, 0x30, 0xFF,
0x82, 0x00, 0x00, 0x87, 0xFF, 0x3C, 0x00, 0x00, 0x0C, 0xFF, 0xB4, 0x00, 0x00, 0x00, 0x36, 0xFF,
0x8F, 0x00, 0xD7, 0xED, 0x12, 0x00, 0x00, 0xB9, 0xF5, 0x01, 0x00, 0x56, 0xFE, 0xB9, 0x00, 0x3B,
0xFF, 0x76, 0x00, 0x00, 0x00, 0x4A, 0xFF, 0x5D, 0x00, 0x00, 0x8F, 0xFF, 0x30, 0x00, 0x00, 0x0C,
0xFF, 0xB4, 0x00, 0x00, 0x00, 0x45, 0xFF, 0x84, 0x00, 0x4F, 0xFE, 0xDD, 0x82, 0xA5, 0xFF, 0x86,
0x00, 0x5C, 0xFB, 0xE5, 0x1B, 0x00, 0x02, 0xDA, 0xE7, 0x20, 0x00, 0x00, 0xB5, 0xFE, 0x7A, 0x70,
0x70, 0xBC, 0xFF, 0x8D, 0x70, 0x70, 0x76, 0xFF, 0xB4, 0x00, 0x00, 0x00, 0x61, 0xFF, 0x63, 0x00,
0x00, 0x4B, 0xC8, 0xF6, 0xDE, 0x80, 0x05, 0x00, 0x1F, 0xB9, 0x20, 0x00, 0x00, 0x00, 0x2F, 0xDA,
0x24, 0x00, 0x00, 0xB6, 0xFF, 0xFF, 0xFF, 0xFF, 0xFF, 0xFF, 0xFF, 0xFF, 0xFF, 0xFF, 0xFF, 0xB4,
0x00, 0x00, 0x00, 0x9E, 0xFF, 0x2D, 0x00, 0x00, 0x00, 0x00, 0x00, 0x00, 0x00, 0x00, 0x00, 0x00,
0x00, 0x00, 0x00, 0x00, 0x00, 0x00, 0x03, 0x00, 0x00, 0x00, 0x00, 0x00, 0x00, 0x00, 0x00, 0x36,
0xFF, 0x7F, 0x00, 0x00, 0x0C, 0xFF, 0xB3, 0x00, 0x00, 0x08, 0xE8, 0xE0, 0x00, 0x00, 0x00, 0x00,
0x00, 0x00, 0x00, 0x00, 0x00, 0x00, 0x00, 0x00, 0x00, 0x00, 0x00, 0x00, 0x00, 0x00, 0x00, 0x00,
0x00, 0x00, 0x00, 0x00, 0x00, 0x00, 0x01, 0xDD, 0xD8, 0x06, 0x00, 0x10, 0xFF, 0xAC, 0x00, 0x00,
0x6A, 0xFF, 0x77, 0x00, 0x00, 0x00, 0x00, 0x00, 0x00, 0x00, 0x00, 0x00, 0x00, 0x00, 0x00, 0x00,
0x00, 0x00, 0x00, 0x00, 0x00, 0x00, 0x00, 0x00, 0x00, 0x00, 0x00, 0x00, 0x00, 0x00, 0x57, 0xFF,
0xB1, 0x34, 0x6B, 0xFF, 0x7D, 0x00, 0x26, 0xF1, 0xE3, 0x0C, 0x00, 0x00, 0x00, 0x00, 0x00, 0x00,
0x00, 0x00, 0x00, 0x00, 0x00, 0x00, 0x00, 0x00, 0x00, 0x00, 0x00, 0x00, 0x00, 0x00, 0x00, 0x00,
0x00, 0x00, 0x00, 0x00, 0x00, 0x00, 0x6F, 0xF6, 0xFF, 0xFF, 0xD3, 0x11, 0x00, 0x63, 0xF9, 0x44,
0x00, 0x00, 0x00, 0x00, 0x00, 0x00, 0x00, 0x00, 0x00, 0x00, 0x00, 0x00, 0x00, 0x00, 0x00, 0x00,
0x00, 0x00, 0x00, 0x00, 0x00, 0x00, 0x00, 0x00, 0x00, 0x00, 0x00, 0x00, 0x00, 0x00, 0x10, 0x45,
0x36, 0x05, 0x00, 0x00, 0x00, 0x1C, 0x00, 0x00, 0x00, 0x00, 0x00, 0x00, 0x00, 0x23, 0x78, 0xC0,
0xE0, 0xF6, 0xF8, 0xE8, 0xBA, 0x65, 0x03, 0x00, 0x00, 0x00, 0x09, 0x8D, 0xFB, 0xF8, 0xBE, 0x8B,
0x77, 0x76, 0x93, 0xE1, 0xFF, 0xA4, 0x00, 0x00, 0x05, 0xB5, 0xFF, 0x91, 0x16, 0x00, 0x00, 0x00,
0x00, 0x00, 0x0D, 0xD8, 0xFF, 0x13, 0x00, 0x74, 0xFF, 0x6A, 0x11, 0x08, 0x00, 0x00, 0x00, 0x00,
0x00, 0x00, 0xAB, 0xF7, 0x0B, 0x00, 0xE5, 0xD7, 0xA9, 0xFE, 0xFD, 0xB5, 0x18, 0x00, 0x14, 0x33,
0x7F, 0xEF, 0x5E, 0x00, 0x19, 0xFF, 0xFF, 0xB9, 0x5C, 0x94, 0xFF, 0xB4, 0x00, 0xA4, 0xFF, 0xFF,
0xC3, 0x25, 0x00, 0x31, 0xFF, 0xAF, 0x02, 0x00, 0x00, 0xB4, 0xFE, 0x09, 0x33, 0x5A, 0x98, 0xFC,
0xE3, 0x09, 0x1C, 0xFF, 0x83, 0x00, 0x00, 0x00, 0x89, 0xFF, 0x1C, 0x00, 0x00, 0x00, 0x8A, 0xFF,
0x4A, 0x00, 0xD8, 0xDA, 0x07, 0x00, 0x00, 0xBA, 0xF5, 0x01, 0x00, 0x00, 0x00, 0x7C, 0xFF, 0x41,
0x00, 0x50, 0xFE, 0xD2, 0x7F, 0xA7, 0xFF, 0x86, 0x00, 0x7C, 0x74, 0x92, 0xF5, 0xDC, 0x0A, 0x00,
0x00, 0x4B, 0xC8, 0xF6, 0xDE, 0x80, 0x05, 0x11, 0xE6, 0xFA, 0xE7, 0xA9, 0x22, 0x00, 0x00, 0x00,
0x00, 0x00, 0x23, 0x78, 0xC0, 0xE0, 0xF6, 0xF8, 0xE8, 0xBA, 0x65, 0x03, 0x00, 0x00, 0x00, 0x5E,
0xCE, 0xF6, 0xEE, 0xB0, 0x2B, 0x00, 0x00, 0x00, 0x00, 0x09, 0x8D, 0xFB, 0xF8, 0xBE, 0x8B, 0x77,
0x76, 0x93, 0xE1, 0xFF, 0xA4, 0x00, 0x00, 0x82, 0xFF, 0xCA, 0x79, 0x90, 0xF3, 0xF2, 0x2A, 0x00,
0x00, 0x05, 0xB5, 0xFF, 0x91, 0x16, 0x00, 0x00, 0x00, 0x00, 0x00, 0x0D, 0xD8, 0xFF, 0x13, 0x2C,
0xFD, 0xC7, 0x08, 0x00, 0x00, 0x3C, 0xFF, 0xB3, 0x00, 0x00, 0x74, 0xFF, 0x6A, 0x11, 0x08, 0x00,
0x00, 0x00, 0x00, 0x00, 0x00, 0xAB, 0xF7, 0x0B, 0x45, 0xB0, 0x3E, 0x00, 0x00, 0x00, 0x00, 0xCB,
0xFB, 0x09, 0x00, 0xE5, 0xD7, 0xA9, 0xFE, 0xFD, 0xB5, 0x18, 0x00, 0x14, 0x33, 0x7F, 0xEF, 0x5E,
0x00, 0x00, 0x00, 0x00, 0x00, 0x00, 0x00, 0x00, 0x99, 0xFF, 0x27, 0x19, 0xFF, 0xFF, 0xB9, 0x5C,
0x94, 0xFF, 0xB4, 0x00, 0xA4, 0xFF, 0xFF, 0xC3, 0x25, 0x00, 0x00, 0x00, 0x00, 0x00, 0x00, 0x00,
0x00, 0x85, 0xFF, 0x3C, 0x31, 0xFF, 0xAF, 0x02, 0x00, 0x00, 0xB4, 0xFE, 0x09, 0x33, 0x5A, 0x98,
0xFC, 0xE3, 0x09, 0x00, 0x00, 0x00, 0x00, 0x00, 0x00, 0x00, 0x94, 0xFF, 0x26, 0x1C, 0xFF, 0x83,
0x00, 0x00, 0x00, 0x89, 0xFF, 0x1C, 0x00, 0x00, 0x00, 0x8A, 0xFF, 0x4A, 0x51, 0xB1, 0x2E, 0x00,
0x00, 0x00, 0x00, 0xCA, 0xFA, 0x09, 0x00, 0xD8, 0xDA, 0x07, 0x00, 0x00, 0xBA, 0xF5, 0x01, 0x00,
0x00, 0x00, 0x7C, 0xFF, 0x41, 0x4B, 0xFF, 0xB1, 0x01, 0x00, 0x00, 0x45, 0xFF, 0xB0, 0x00, 0x00,
0x50, 0xFE, 0xD2, 0x7F, 0xA7, 0xFF, 0x86, 0x00, 0x7C, 0x74, 0x92, 0xF5, 0xDC, 0x0A, 0x00, 0xAA,
0xFF, 0xB8, 0x78, 0x99, 0xF7, 0xEE, 0x25, 0x00, 0x00, 0x00, 0x4B, 0xC8, 0xF6, 0xDE, 0x80, 0x05,
0x11, 0xE6, 0xFA, 0xE7, 0xA9, 0x22, 0x00, 0x00, 0x04, 0x7A, 0xDB, 0xF9, 0xEB, 0xAA, 0x26, 0x00,
0x00, 0x00, 0x00, 0x00, 0x00, 0x23, 0x78, 0xC0, 0xE0, 0xF6, 0xF8, 0xE8, 0xBA, 0x65, 0x03, 0x00,
0x00, 0x07, 0x86, 0xE0, 0xF8, 0xD5, 0x54, 0x04, 0x82, 0xE4, 0xF6, 0xCC, 0x52, 0x00, 0x00, 0x00,
0x00, 0x09, 0x8D, 0xFB, 0xF8, 0xBE, 0x8B, 0x77, 0x76, 0x93, 0xE1, 0xFF, 0xA4, 0x00, 0x00, 0xA9,
0xFF, 0xBA, 0x7C, 0xB7, 0xFE, 0xC1, 0xFD, 0x9C, 0x80, 0xD6, 0xFF, 0x5D, 0x00, 0x00, 0x05, 0xB5,
0xFF, 0x91, 0x16, 0x00, 0x00, 0x00, 0x00, 0x00, 0x0D, 0xD8, 0xFF, 0x13, 0x1E, 0xFF, 0xBF, 0x00,
0x00, 0x01, 0xC5, 0xFF, 0x82, 0x00, 0x00, 0x0D, 0xE5, 0xE9, 0x04, 0x00, 0x74, 0xFF, 0x6A, 0x11,
0x08, 0x00, 0x00, 0x00, 0x00, 0x00, 0x00, 0xAB, 0xF7, 0x0B, 0x42, 0xFF, 0x7A, 0x00, 0x00, 0x00,
0x86, 0xFF, 0x49, 0x00, 0x00, 0x00, 0x89, 0xFF, 0x3C, 0x00, 0xE5, 0xD7, 0xA9, 0xFE, 0xFD, 0xB5,
0x18, 0x00, 0x14, 0x33, 0x7F, 0xEF, 0x5E, 0x00, 0x33, 0xFF, 0x80, 0x00, 0x00, 0x00, 0x75, 0xFF,
0x44, 0x00, 0x00, 0x00, 0x68, 0xFF, 0x5C, 0x19, 0xFF, 0xFF, 0xB9, 0x5C, 0x94, 0xFF, 0xB4, 0x00,
0xA4, 0xFF, 0xFF, 0xC3, 0x25, 0x00, 0x07, 0xD0, 0x71, 0x00, 0x00, 0x00, 0x61, 0xD8, 0x39, 0x00,
0x00, 0x00, 0x66, 0xFF, 0x5E, 0x31, 0xFF, 0xAF, 0x02, 0x00, 0x00, 0xB4, 0xFE, 0x09, 0x33, 0x5A,
0x98, 0xFC, 0xE3, 0x09, 0x00, 0x00, 0x00, 0x00, 0x00, 0x00, 0x00, 0x00, 0x00, 0x00, 0x00, 0x00,
0x84, 0xFF, 0x44, 0x1C, 0xFF, 0x83, 0x00, 0x00, 0x00, 0x89, 0xFF, 0x1C, 0x00, 0x00, 0x00, 0x8A,
0xFF, 0x4A, 0x00, 0x00, 0x00, 0x00, 0x00, 0x00, 0x00, 0x00, 0x00, 0x00, 0x00, 0x00, 0xCE, 0xF8,
0x0F, 0x00, 0xD8, 0xDA, 0x07, 0x00, 0x00, 0xBA, 0xF5, 0x01, 0x00, 0x00, 0x00, 0x7C, 0xFF, 0x41,
0x00, 0x00, 0x00, 0x00, 0x00, 0x28, 0x00, 0x00, 0x00, 0x00, 0x00, 0x71, 0xFF, 0x99, 0x00, 0x00,
0x50, 0xFE, 0xD2, 0x7F, 0xA7, 0xFF, 0x86, 0x00, 0x7C, 0x74, 0x92, 0xF5, 0xDC, 0x0A, 0x00, 0x00,
0x00, 0x00, 0x35, 0xFC, 0xD5, 0x8D, 0x74, 0x83, 0xC2, 0xFF, 0xCD, 0x0E, 0x00, 0x00, 0x00, 0x4B,
0xC8, 0xF6, 0xDE, 0x80, 0x05, 0x11, 0xE6, 0xFA, 0xE7, 0xA9, 0x22, 0x00, 0x00, 0x00, 0x00, 0x00,
0x0A, 0x5E, 0xB7, 0xE8, 0xFA, 0xF5, 0xCF, 0x79, 0x0A, 0x00, 0x00, 0x00, 0x00, 0x00, 0x00, 0x00,
0x00, 0x00, 0x29, 0xA7, 0xE9, 0xFA, 0xE5, 0xA0, 0x20, 0x00, 0x00, 0x00, 0x00, 0x00, 0x00, 0x00,
0x00, 0x00, 0x00, 0x00, 0x00, 0x00, 0x29, 0xF2, 0xEF, 0x94, 0x78, 0x9B, 0xF6, 0xEE, 0x25, 0x00,
0x00, 0x00, 0x00, 0x00, 0x00, 0x00, 0x00, 0x00, 0x00, 0x00, 0x00, 0xC4, 0xF0, 0x21, 0x00, 0x00,
0x00, 0x35, 0xFB, 0xAE, 0x00, 0x00, 0x00, 0x00, 0x00, 0x00, 0x00, 0x00, 0x00, 0x00, 0x0D, 0x2D,
0xFE, 0xAF, 0x20, 0x20, 0x20, 0x20, 0x20, 0xCB, 0xF7, 0x1E, 0x0A, 0x00, 0x00, 0x00, 0x00, 0x00,
0x06, 0x76, 0xDA, 0xFF, 0xFF, 0xFF, 0xFF, 0xFF, 0xFF, 0xFF, 0xFF, 0xFF, 0xFF, 0xFF, 0xFF, 0xFE,
0xD5, 0x65, 0x00, 0x00, 0x00, 0xB0, 0xFF, 0xBD, 0x66, 0x74, 0xFF, 0xA9, 0x50, 0x50, 0x50, 0x50,
0x50, 0xBE, 0xFF, 0x6A, 0x7B, 0xDB, 0xFF, 0x6E, 0x00, 0x31, 0xFF, 0xAA, 0x00, 0x00, 0x15, 0xFF,
0x99, 0x00, 0x00, 0x00, 0x00, 0x00, 0xB9, 0xFB, 0x04, 0x00, 0x0E, 0xE1, 0xF2, 0x05, 0x53, 0xFF,
0x67, 0x00, 0x00, 0x00, 0xE0, 0xD4, 0x00, 0x00, 0x00, 0x00, 0x06, 0xEF, 0xC9, 0x00, 0x00, 0x00,
0xA5, 0xFF, 0x17, 0x33, 0xFF, 0x97, 0x00, 0x00, 0x00, 0x89, 0xFF, 0x54, 0x00, 0x00, 0x00, 0x79,
0xFF, 0x6A, 0x00, 0x00, 0x00, 0xCD, 0xF7, 0x02, 0x02, 0xC8, 0xFD, 0xA2, 0x79, 0xA5, 0xFA, 0xFF,
0xFA, 0x9B, 0x76, 0xAA, 0xFE, 0xC1, 0x12, 0x88, 0x78, 0xB8, 0xFF, 0x93, 0x00, 0x00, 0x16, 0x9D,
0xE2, 0xF6, 0xD7, 0x8A, 0x29, 0x8C, 0xDA, 0xF8, 0xE0, 0x87, 0x0A, 0x39, 0xEC, 0xFB, 0xDE, 0x87,
0x08, 0x00, 0x00, 0x00, 0x00, 0x05, 0x5E, 0xB8, 0xE4, 0xF9, 0xE5, 0xBE, 0x64, 0x04, 0x00, 0x00,
0x00, 0x00, 0x24, 0xFF, 0x94, 0x00, 0x00, 0x24, 0xCD, 0xFF, 0xD1, 0x84, 0x6E, 0x87, 0xD7, 0xFF,
0xC7, 0x14, 0x00, 0x00, 0x00, 0x24, 0xFF, 0x94, 0x00, 0x13, 0xDC, 0xFB, 0x66, 0x00, 0x00, 0x00,
0x00, 0x02, 0x8D, 0xFF, 0xB0, 0x00, 0x00, 0x00, 0x24, 0xFF, 0x94, 0x00, 0x8F, 0xFF, 0x6D, 0x00,
0x00, 0x00, 0x00, 0x00, 0x00, 0x01, 0xC7, 0xFF, 0x27, 0x00, 0x00, 0x24, 0xFF, 0x94, 0x03, 0xF0,
0xDB, 0x02, 0x0B, 0x07, 0x00, 0x00, 0x00, 0x00, 0x00, 0x6A, 0xFF, 0x67, 0x00, 0x00, 0x24, 0xFF,
0x94, 0x1D, 0xFF, 0xCC, 0xD0, 0xFE, 0xFD, 0xC0, 0x25, 0x00, 0x00, 0x00, 0x4A, 0xFF, 0x7D, 0x00,
0x00, 0x24, 0xFF, 0x94, 0x31, 0xFF, 0xF5, 0x8E, 0x58, 0x81, 0xFB, 0xD2, 0x00, 0x00, 0x00, 0x57,
0xFF, 0x6C, 0x00, 0x00, 0x24, 0xFF, 0x94, 0x1B, 0xFF, 0x7C, 0x00, 0x00, 0x00, 0x9A, 0xFF, 0x17,
0x00, 0x00, 0x9E, 0xFF, 0x30, 0x00, 0x00, 0x24, 0xFF, 0x94, 0x00, 0xD7, 0xCB, 0x02, 0x00, 0x00,
0xA0, 0xFD, 0x0A, 0x00, 0x33, 0xFD, 0xBA, 0x00, 0x00, 0x00, 0x24, 0xFF, 0x94, 0x00, 0x4F, 0xFE,
0xC6, 0x75, 0x93, 0xFC, 0xAB, 0x00, 0x26, 0xE6, 0xFF, 0x82, 0x68, 0x68, 0x68, 0x7D, 0xFF, 0x94,
0x00, 0x00, 0x4B, 0xC8, 0xF6, 0xE3, 0x92, 0x0E, 0x00, 0x24, 0xF5, 0xFF, 0xFF, 0xFF, 0xFF, 0xFF,
0xFF, 0xFF, 0x94, 0x00, 0x00, 0x07, 0xA6, 0x51, 0x00, 0x00, 0x00, 0x00, 0x26, 0xA9, 0xEB, 0xF8,
0xDC, 0x87, 0x0D, 0x00, 0x00, 0x00, 0x00, 0xB0, 0xFF, 0x92, 0x00, 0x00, 0x00, 0x21, 0xEF, 0xFB,
0x98, 0x76, 0xAC, 0xFF, 0xD3, 0x0C, 0x00, 0x00, 0x66, 0xFF, 0x9F, 0x00, 0x00, 0x00, 0x00, 0x97,
0xFF, 0x5F, 0x00, 0x00, 0x00, 0x76, 0xFF, 0x8D, 0x00, 0x00, 0xD5, 0xF5, 0x0F, 0x00, 0x00, 0x00,
0x00, 0xD3, 0xFA, 0x06, 0x00, 0x00, 0x00, 0x06, 0xE5, 0xEA, 0x01, 0x15, 0xFF, 0xB1, 0x00, 0x00,
0x00, 0x00, 0x00, 0xE8, 0xE3, 0x00, 0x00, 0x00, 0x00, 0x00, 0xB2, 0xFF, 0x15, 0x2F, 0xFF, 0x94,
0x00, 0x00, 0x00, 0x00, 0x00, 0xEE, 0xDA, 0x00, 0x00, 0x00, 0x00, 0x00, 0xA1, 0xFF, 0x1E, 0x2B,
0xFF, 0xA5, 0x00, 0x00, 0x00, 0x00, 0x00, 0xF7, 0xD3, 0x00, 0x00, 0x00, 0x00, 0x00, 0xBF, 0xFD,
0x05, 0x08, 0xF9, 0xDA, 0x02, 0x00, 0x00, 0x00, 0x11, 0xFF, 0xBF, 0x00, 0x00, 0x00, 0x00, 0x1B,
0xFB, 0xBE, 0x00, 0x00, 0xA9, 0xFF, 0x63, 0x00, 0x00, 0x00, 0x66, 0xFF, 0x85, 0x00, 0x00, 0x00,
0x02, 0xB5, 0xFF, 0x4C, 0x00, 0x00, 0x1B, 0xE4, 0xFC, 0xA2, 0x75, 0x97, 0xFB, 0xE7, 0x17, 0x00,
0x00, 0x00, 0xAB, 0xFF, 0x93, 0x00, 0x00, 0x00, 0x00, 0x19, 0x97, 0xE3, 0xFB, 0xEA, 0xA6, 0x21,
0x00, 0x00, 0x00, 0x00, 0x55, 0x8C, 0x01, 0x00, 0x00, 0x00, 0x0C, 0x88, 0xDE, 0xF9, 0xE9, 0xA5,
0x20, 0x00, 0x00, 0x00, 0x00, 0x50, 0xBB, 0xEE, 0xFB, 0xEA, 0xB2, 0x40, 0x00, 0x00, 0x00, 0x00,
0xA4, 0xFF, 0x14, 0x01, 0xC0, 0xFE, 0xA7, 0x71, 0x93, 0xF6, 0xE6, 0x14, 0x00, 0x00, 0x7F, 0xFF,
0xD8, 0x86, 0x70, 0x8E, 0xEB, 0xFE, 0x56, 0x00, 0x00, 0x00, 0xA4, 0xFF, 0x14, 0x3A, 0xFF, 0x91,
0x00, 0x00, 0x00, 0x64, 0xFF, 0x70, 0x00, 0x1C, 0xFC, 0xCB, 0x04, 0x00, 0x00, 0x00, 0x18, 0xEF,
0xE0, 0x00, 0x00, 0x00, 0xA4, 0xFF, 0x14, 0x52, 0xFF, 0x5A, 0x00, 0x00, 0x00, 0x31, 0xFF, 0x79,
0x00, 0x57, 0xFF, 0x6A, 0x00, 0x00, 0x00, 0x00, 0x00, 0xA4, 0xFF, 0x1E, 0x00, 0x00, 0xA4, 0xFF,
0x14, 0x20, 0xFC, 0xB0, 0x01, 0x00, 0x00, 0x77, 0xFE, 0x45, 0x1C, 0x79, 0xFF, 0x62, 0x1C, 0x1C,
0x1C, 0x1C, 0x1C, 0x94, 0xFF, 0x31, 0x00, 0x00, 0xA4, 0xFF, 0x14, 0x00, 0x83, 0xFF, 0x40, 0x00,
0x00, 0xD5, 0xFF, 0xFF, 0xFF, 0xFF, 0xFF, 0xFF, 0xFF, 0xFF, 0xFF, 0xFF, 0xFF, 0xFF, 0xFF, 0x34,
0x00, 0x00, 0xA4, 0xFF, 0x14, 0x00, 0x00, 0x3D, 0x00, 0x00, 0x00, 0x27, 0x4C, 0x4C, 0x4C, 0x97,
0xFF, 0x81, 0x4C, 0x4C, 0x4C, 0x4C, 0x4C, 0x4C, 0x4C, 0x0F, 0x00, 0x00, 0xA4, 0xFF, 0x14, 0x00,
0x00, 0x00, 0x00, 0x00, 0x00, 0x00, 0x00, 0x00, 0x00, 0x6C, 0xFF, 0x4C, 0x00, 0x00, 0x00, 0x00,
0x00, 0x00, 0x00, 0x00, 0x00, 0x00, 0xA4, 0xFF, 0x14, 0x00, 0x00, 0x00, 0x00, 0x00, 0x00, 0x00,
0x00, 0x00, 0x00, 0x6C, 0xFF, 0x4C, 0x00, 0x00, 0x00, 0x00, 0x00, 0x00, 0x00, 0x00, 0x00, 0x00,
0xA4, 0xFF, 0x14, 0x00, 0x00, 0x00, 0x00, 0x00, 0x00, 0x00, 0x00, 0x00, 0x00, 0x6C, 0xFF, 0x95,
0x68, 0x68, 0x68, 0x68, 0x68, 0x68, 0x68, 0x68, 0x68, 0x68, 0xC9, 0xFF, 0x14, 0x00, 0x00, 0x00,
0x00, 0x00, 0x00, 0x00, 0x00, 0x00, 0x00, 0x6C, 0xFF, 0xFF, 0xFF, 0xFF, 0xFF, 0xFF, 0xFF, 0xFF,
0xFF, 0xFF, 0xFF, 0xFF, 0xFF, 0xFF, 0x14, 0x00, 0x00, 0x00, 0x11, 0x77, 0xCA, 0xED, 0xF7, 0xE0,
0x9B, 0x20, 0x00, 0x0D, 0x7B, 0xCE, 0xF2, 0xF3, 0xD6, 0x82, 0x11, 0x00, 0x00, 0x00, 0x3B, 0xE5,
0xFB, 0xB4, 0x80, 0x75, 0xA2, 0xFB, 0xF3, 0x60, 0xE0, 0xFF, 0xB8, 0x7C, 0x7C, 0xB9, 0xFF, 0xD3,
0x06, 0x00, 0x21, 0xED, 0xDE, 0x2D, 0x00, 0x00, 0x00, 0x00, 0x38, 0xFC, 0xFF, 0xFB, 0x51, 0x00,
0x00, 0x00, 0x00, 0xA5, 0xFF, 0x3F, 0x00, 0x9A, 0xFB, 0x2A, 0x10, 0x09, 0x00, 0x00, 0x00, 0x00,
0xBD, 0xFF, 0x93, 0x00, 0x00, 0x00, 0x00, 0x00, 0x84, 0xFF, 0x27, 0x00, 0xF2, 0xC5, 0xAF, 0xFE,
0xFD, 0xBB, 0x1D, 0x00, 0x00, 0x98, 0xFF, 0x49, 0x00, 0x00, 0x16, 0x30, 0x6C, 0xEC, 0x7D, 0x00,
0x14, 0xFF, 0xFF, 0xBF, 0x5C, 0x8D, 0xFD, 0xC0, 0x00, 0x00, 0x90, 0xFF, 0x2E, 0x00, 0x00, 0xB0,
0xFF, 0xFF, 0xD7, 0x39, 0x00, 0x20, 0xFF, 0xB9, 0x03, 0x00, 0x00, 0xA7, 0xFF, 0x14, 0x00, 0x90,
0xFF, 0x28, 0x00, 0x00, 0x37, 0x58, 0x8A, 0xF3, 0xF5, 0x1F, 0x09, 0xFE, 0x91, 0x00, 0x00, 0x00,
0x7D, 0xFF, 0x28, 0x00, 0x90, 0xFF, 0x28, 0x00, 0x00, 0x00, 0x00, 0x00, 0x61, 0xFF, 0x72, 0x00,
0xC2, 0xE4, 0x0D, 0x00, 0x00, 0xAD, 0xFB, 0x07, 0x00, 0x90, 0xFF, 0x28, 0x00, 0x00, 0x00, 0x00,
0x00, 0x54, 0xFF, 0x69, 0x00, 0x3D, 0xFC, 0xD9, 0x81, 0xA0, 0xFF, 0x92, 0x00, 0x00, 0x90, 0xFF,
0x28, 0x00, 0x00, 0x68, 0x75, 0x88, 0xE9, 0xF0, 0x1D, 0x00, 0x00, 0x41, 0xC3, 0xF5, 0xE0, 0x88,
0x07, 0x00, 0x00, 0x90, 0xFF, 0x28, 0x00, 0x00, 0xCF, 0xF9, 0xED, 0xB9, 0x34, 0x00, 0x00, 0x00,
0x00, 0x00, 0x00, 0x00, 0x00, 0x00, 0x00, 0x00, 0x00, 0x00, 0x00, 0x00, 0x00, 0x7C, 0xFF, 0x3C,
0x00, 0x00, 0x00, 0x00, 0x00, 0x00, 0x00, 0x00, 0x00, 0x00, 0x00, 0x00, 0x00, 0x00, 0x00, 0x7C,
0xFF, 0x3C, 0x00, 0x00, 0x00, 0x00, 0x00, 0x00, 0x00, 0x00, 0x00, 0x00, 0x00, 0x00, 0x00, 0x00,
0x00, 0x7C, 0xFF, 0x3C, 0x00, 0x00, 0x00, 0x00, 0x00, 0x00, 0x08, 0x0F, 0x00, 0x00, 0x00, 0x00,
0x00, 0x00, 0x00, 0x7C, 0xFF, 0x3C, 0x00, 0x00, 0x00, 0x00, 0x4E, 0xD3, 0xFD, 0xFF, 0xE1, 0x5C,
0x00, 0x00, 0x00, 0x00, 0x00, 0x7C, 0xFF, 0x3C, 0x00, 0x00, 0x00, 0x4B, 0xFE, 0xD5, 0x62, 0x61,
0xD5, 0xFF, 0x41, 0x00, 0x00, 0x00, 0x00, 0x7C, 0xFF, 0x3C, 0x00, 0x00, 0x00, 0xB0, 0xFF, 0x24,
0x00, 0x00, 0x22, 0xFF, 0xA6, 0x00, 0x00, 0x00, 0x00, 0x7C, 0xFF, 0x3C, 0x00, 0x00, 0x00, 0xC3,
0xF6, 0x00, 0x00, 0x00, 0x00, 0xF0, 0xBC, 0x00, 0x00, 0x00, 0x00, 0x7C, 0xFF, 0x3C, 0x00, 0x00,
0x00, 0x39, 0x38, 0x00, 0x00, 0x00, 0x1E, 0xFE, 0x8A, 0x00, 0x00, 0x00, 0x00, 0x7C, 0xFF, 0x3C,
0x44, 0x68, 0x68, 0x68, 0x68, 0x68, 0x68, 0x68, 0xC2, 0xFF, 0x7F, 0x68, 0x68, 0x68, 0x68, 0xB1,
0xFF, 0x3C, 0xA8, 0xFF, 0xFF, 0xFF, 0xFF, 0xFF, 0xFF, 0xFF, 0xFF, 0xFF, 0xFF, 0xFF, 0xFF, 0xFF,
0xFF, 0xFF, 0xFF, 0x3C, 0x00, 0x00, 0x00, 0x00, 0x00, 0x00, 0x00, 0x00, 0x00, 0x00, 0x00, 0x00,
0x00, 0x00, 0x00, 0x11, 0x7A, 0xC5, 0xEC, 0xFA, 0xE7, 0xC8, 0x77, 0x15, 0x00, 0x00, 0x00, 0x00,
0x00, 0x00, 0x00, 0x00, 0x00, 0x00, 0x00, 0x00, 0x00, 0x00, 0x00, 0x00, 0x00, 0x3A, 0xE9, 0xFF,
0xC5, 0x87, 0x75, 0x8B, 0xBB, 0xFE, 0xE9, 0x43, 0x00, 0x00, 0x00, 0x00, 0x00, 0x00, 0x00, 0x00,
0x00, 0x00, 0x00, 0x00, 0x00, 0x00, 0x00, 0x1B, 0xEE, 0xF0, 0x43, 0x00, 0x00, 0x00, 0x01, 0x18,
0x36, 0xDA, 0xF2, 0x25, 0x00, 0x00, 0x00, 0x00, 0x00, 0x00, 0x00, 0x0B, 0x13, 0x00, 0x00, 0x00,
0x00, 0x00, 0x8E, 0xFF, 0x56, 0x00, 0x00, 0x00, 0x5D, 0xE6, 0xFF, 0xF9, 0xAB, 0xFB, 0xA5, 0x00,
0x00, 0x00, 0x00, 0x00, 0x51, 0xD7, 0xFF, 0xFF, 0xE4, 0x61, 0x00, 0x00, 0x00, 0xD6, 0xF1, 0x03,
0x00, 0x00, 0x3A, 0xFE, 0xDD, 0x6C, 0x5B, 0xB1, 0xFF, 0xF6, 0x05, 0x00, 0x00, 0x00, 0x4D, 0xFF,
0xD8, 0x66, 0x65, 0xD7, 0xFF, 0x45, 0x00, 0x00, 0xEE, 0xD5, 0x00, 0x00, 0x00, 0xB1, 0xFA, 0x1F,
0x00, 0x00, 0x00, 0x9C, 0xFF, 0x20, 0x00, 0x00, 0x00, 0xB1, 0xFF, 0x25, 0x00, 0x00, 0x23, 0xFF,
0xA8, 0x00, 0x00, 0xDB, 0xE3, 0x00, 0x00, 0x00, 0xDB, 0xD2, 0x00, 0x00, 0x00, 0x00, 0x7B, 0xFF,
0x2B, 0x00, 0x00, 0x00, 0xC3, 0xF6, 0x00, 0x00, 0x00, 0x00, 0xF0, 0xBB, 0x00, 0x00, 0x99, 0xFF,
0x2C, 0x00, 0x00, 0xDD, 0xD5, 0x00, 0x00, 0x00, 0x00, 0x9E, 0xFF, 0x12, 0x00, 0x00, 0x00, 0x36,
0x34, 0x00, 0x00, 0x00, 0x20, 0xFE, 0x88, 0x00, 0x00, 0x27, 0xFA, 0xC0, 0x02, 0x00, 0xA5, 0xFD,
0x27, 0x00, 0x00, 0x19, 0xED, 0xCA, 0x00, 0x49, 0x70, 0x70, 0x70, 0x70, 0x70, 0x70, 0x70, 0xC6,
0xFF, 0x85, 0x70, 0x70, 0x70, 0xC5, 0xFF, 0xA6, 0x00, 0x29, 0xF5, 0xE5, 0x85, 0x8A, 0xE6, 0xFC,
0x3F, 0x00, 0xA8, 0xFF, 0xFF, 0xFF, 0xFF, 0xFF, 0xFF, 0xFF, 0xFF, 0xFF, 0xFF, 0xFF, 0xFF, 0xFF,
0xFF, 0xFF, 0xA2, 0x00, 0x00, 0x35, 0xBC, 0xF2, 0xF1, 0xBB, 0x3C, 0x00, 0x00, 0x00, 0x00, 0x3B,
0xAD, 0xF4, 0xF7, 0xF9, 0xE5, 0xB5, 0x5B, 0x28, 0xA4, 0xE7, 0xFA, 0xEC, 0xB7, 0x3F, 0x00, 0x00,
0x68, 0xFF, 0xFF, 0xFF, 0xFF, 0xA1, 0xA6, 0xF8, 0xFF, 0xFF, 0xFB, 0xA1, 0x78, 0x8F, 0xEA, 0xFE,
0x4E, 0x07, 0xF4, 0xB7, 0x5C, 0x71, 0xF7, 0xB0, 0x00, 0x35, 0xFC, 0xFF, 0x6B, 0x00, 0x00, 0x00,
0x1F, 0xF8, 0xD1, 0x16, 0xFF, 0x56, 0x00, 0x00, 0xBA, 0xCD, 0x00, 0x00, 0xCB, 0xFF, 0x12, 0x00,
0x00, 0x00, 0x00, 0xCB, 0xF3, 0x00, 0xD1, 0xC1, 0x31, 0x44, 0xF0, 0x81, 0x00, 0x00, 0xAB, 0xFF,
0x01, 0x00, 0x00, 0x00, 0x15, 0xF1, 0xC6, 0x00, 0x1F, 0x9F, 0xE3, 0xEF, 0xA2, 0x25, 0x20, 0x20,
0x7B, 0xAC, 0x21, 0x27, 0x3C, 0x6C, 0xD8, 0xE9, 0x33, 0x00, 0x50, 0xD8, 0xFF, 0xFF, 0xFF, 0xFF,
0xFF, 0xFF, 0xFF, 0xFF, 0xFF, 0xFF, 0xFF, 0xFF, 0xFF, 0x90, 0x00, 0x0D, 0xF8, 0xDA, 0x69, 0x52,
0x50, 0x50, 0x50, 0x50, 0x60, 0xB8, 0xFA, 0xF9, 0x3C, 0x0D, 0x70, 0xFF, 0x48, 0x31, 0xFF, 0x7F,
0x00, 0x00, 0x00, 0x00, 0x36, 0x9A, 0xF4, 0xEA, 0xB1, 0xF6, 0x05, 0x00, 0x20, 0xFF, 0x68, 0x0D,
0xF0, 0xEA, 0x83, 0x7A, 0x98, 0xD8, 0xFF, 0xEC, 0x7E, 0x0F, 0x2C, 0xFE, 0xBC, 0x78, 0xC3, 0xFD,
0x30, 0x00, 0x3A, 0xBF, 0xED, 0xF5, 0xDC, 0xA4, 0x58, 0x07, 0x00, 0x00, 0x00, 0x60, 0xDC, 0xF8,
0xD9, 0x5F, 0x00, 0x00, 0x00, 0x00, 0x2C, 0x93, 0xD8, 0xF2, 0xF3, 0xD6, 0x89, 0x77, 0xC9, 0xF0,
0xF9, 0xDF, 0x97, 0x23, 0x00, 0x00, 0x00, 0x00, 0x00, 0x00, 0xDC, 0xDC, 0x00, 0x00, 0x00, 0x25,
0xA7, 0x0A, 0x00, 0x00, 0x00, 0x00, 0x71, 0xFA, 0xF9, 0xB0, 0x82, 0x76, 0xBD, 0xFF, 0xFF, 0xD8,
0x79, 0x82, 0xB4, 0xFE, 0xF9, 0x49, 0x00, 0x00, 0x00, 0x00, 0x00, 0xDC, 0xDC, 0x00, 0x00, 0x00,
0x8A, 0xFF, 0xC3, 0x06, 0x00, 0x00, 0x52, 0xFF, 0xD5, 0x25, 0x00, 0x00, 0x39, 0xEE, 0xC0, 0x97,
0xFD, 0x6C, 0x00, 0x00, 0x44, 0xFC, 0xE6, 0x07, 0x00, 0x00, 0x00, 0x00, 0xDC, 0xDC, 0x00, 0x00,
0x00, 0x00, 0x9B, 0xFF, 0x82, 0x00, 0x00, 0xD2, 0xFB, 0x25, 0x00, 0x00, 0x14, 0xE6, 0xCC, 0x07,
0x00, 0x9E, 0xFD, 0x3F, 0x00, 0x00, 0xA7, 0xFF, 0x42, 0x00, 0x00, 0x00, 0x00, 0xDC, 0xDC, 0x00,
0x00, 0x00, 0x00, 0x08, 0xEB, 0xEE, 0x04, 0x18, 0xFF, 0xB9, 0x00, 0x00, 0x00, 0x7E, 0xFF, 0x3F,
0x00, 0x00, 0x11, 0xF6, 0xC1, 0x00, 0x00, 0x64, 0xFF, 0x65, 0x00, 0x00, 0x00, 0x00, 0xDC, 0xDC,
0x00, 0x00, 0x00, 0x00, 0x00, 0x99, 0xFF, 0x32, 0x31, 0xFF, 0x97, 0x00, 0x00, 0x00, 0xCB, 0xF0,
0x00, 0x00, 0x00, 0x00, 0xB1, 0xFF, 0x11, 0x00, 0x4D, 0xFF, 0x73, 0x00, 0x00, 0x00, 0x00, 0xDC,
0xDC, 0x00, 0x00, 0x00, 0x00, 0x00, 0x7A, 0xFF, 0x49, 0x21, 0xFF, 0xAB, 0x00, 0x00, 0x00, 0xE8,
0xD6, 0x00, 0x00, 0x00, 0x00, 0x93, 0xFF, 0x2F, 0x00, 0x44, 0xFF, 0x79, 0x00, 0x00, 0x00, 0x00,
0xE2, 0xE2, 0x00, 0x00, 0x00, 0x00, 0x00, 0x83, 0xFF, 0x3B, 0x00, 0xE4, 0xED, 0x0A, 0x00, 0x00,
0xDE, 0xE6, 0x00, 0x00, 0x00, 0x00, 0xA3, 0xFF, 0x26, 0x00, 0x34, 0xFF, 0x8F, 0x00, 0x00, 0x00,
0x05, 0xF8, 0xF9, 0x09, 0x00, 0x00, 0x00, 0x00, 0xCB, 0xFA, 0x11, 0x00, 0x77, 0xFF, 0x98, 0x00,
0x00, 0xA2, 0xFF, 0x3D, 0x00, 0x00, 0x0E, 0xE9, 0xE8, 0x02, 0x00, 0x0B, 0xF8, 0xE4, 0x07, 0x00,
0x00, 0x5E, 0xFF, 0xFF, 0x64, 0x00, 0x00, 0x00, 0x6A, 0xFF, 0xA4, 0x00, 0x00, 0x05, 0xBF, 0xFF,
0xA0, 0x00, 0x28, 0xF4, 0xF0, 0x93, 0x85, 0xD6, 0xFF, 0x66, 0x00, 0x00, 0x00, 0x89, 0xFF, 0xCC,
0x7D, 0x95, 0xF8, 0xBD, 0xC3, 0xFB, 0x9C, 0x78, 0xAE, 0xFE, 0xD9, 0x15, 0x00, 0x00, 0x00, 0x0A,
0xA2, 0x5E, 0x00, 0x00, 0x31, 0xB7, 0xF2, 0xF8, 0xCE, 0x5A, 0x00, 0x00, 0x00, 0x00, 0x02, 0x7A,
0xDE, 0xFA, 0xE3, 0x8C, 0x0B, 0x0D, 0x96, 0xE8, 0xF7, 0xDB, 0x88, 0x11, 0x00, 0x00, 0x00, 0x00,
0x00, 0x11, 0x77, 0xCA, 0xED, 0xF7, 0xDE, 0x94, 0x1A, 0x00, 0x20, 0x99, 0xDF, 0xF8, 0xEF, 0xCD,
0x7C, 0x88, 0xD2, 0xEF, 0xF7, 0xDE, 0xA3, 0x39, 0x00, 0x00, 0x00, 0x00, 0x00, 0x3B, 0xE5, 0xF7,
0xAE, 0x7F, 0x75, 0xA0, 0xFB, 0xEC, 0x70, 0xF4, 0xF6, 0xA2, 0x78, 0x77, 0xDA, 0xFF, 0xFF, 0xBD,
0x74, 0x7E, 0xA9, 0xF7, 0xFD, 0x7B, 0x00, 0x00, 0x00, 0x21, 0xED, 0xC8, 0x1D, 0x00, 0x00, 0x00,
0x00, 0x37, 0xFC, 0xFF, 0xF4, 0x2A, 0x00, 0x00, 0x80, 0xF5, 0x55, 0x9A, 0xF5, 0x40, 0x00, 0x00,
0x22, 0xD8, 0xFF, 0x4D, 0x00, 0x00, 0x9A, 0xED, 0x14, 0x0D, 0x09, 0x00, 0x00, 0x00, 0x00, 0xBD,
0xFF, 0x7C, 0x00, 0x00, 0x54, 0xFF, 0x5E, 0x00, 0x02, 0xC5, 0xE5, 0x0F, 0x00, 0x00, 0x31, 0xFF,
0xC7, 0x00, 0x00, 0xF2, 0xD2, 0xCE, 0xFF, 0xFD, 0xBB, 0x1D, 0x00, 0x00, 0x98, 0xFF, 0x39, 0x00,
0x01, 0xD8, 0xD7, 0x00, 0x00, 0x00, 0x4A, 0xFF, 0x70, 0x00, 0x00, 0x00, 0xCD, 0xFF, 0x08, 0x14,
0xFF, 0xFE, 0x9E, 0x59, 0x8D, 0xFD, 0xC0, 0x00, 0x00, 0x90, 0xFF, 0x29, 0x00, 0x27, 0xFF, 0x91,
0x00, 0x00, 0x00, 0x06, 0xFE, 0xB8, 0x00, 0x00, 0x00, 0xAC, 0xFF, 0x1B, 0x20, 0xFF, 0x8B, 0x00,
0x00, 0x00, 0xA7, 0xFF, 0x14, 0x00, 0x90, 0xFF, 0x28, 0x00, 0x44, 0xFF, 0x79, 0x00, 0x00, 0x00,
0x00, 0xEE, 0xD4, 0x00, 0x00, 0x00, 0xC2, 0xFC, 0x04, 0x09, 0xFE, 0xA5, 0x00, 0x00, 0x00, 0x7D,
0xFF, 0x28, 0x00, 0x90, 0xFF, 0x28, 0x00, 0x3A, 0xFF, 0x8D, 0x00, 0x00, 0x00, 0x06, 0xFB, 0xC8,
0x00, 0x00, 0x18, 0xF7, 0xCA, 0x00, 0x00, 0xC2, 0xF5, 0x1B, 0x00, 0x00, 0xAD, 0xFB, 0x07, 0x00,
0x90, 0xFF, 0x28, 0x00, 0x0A, 0xF3, 0xDD, 0x09, 0x00, 0x00, 0x59, 0xFF, 0x8C, 0x00, 0x03, 0xB0,
0xFF, 0x56, 0x00, 0x00, 0x3D, 0xFC, 0xE3, 0x84, 0xA0, 0xFF, 0x92, 0x00, 0x00, 0x90, 0xFF, 0x28,
0x00, 0x00, 0x79, 0xFF, 0xD1, 0x7A, 0x91, 0xF6, 0xEB, 0x1A, 0x01, 0xB8, 0xFF, 0x9C, 0x00, 0x00,
0x00, 0x00, 0x41, 0xC3, 0xF5, 0xE0, 0x88, 0x07, 0x00, 0x00, 0x90, 0xFF, 0x28, 0x00, 0x00, 0x00,
0x68, 0xD4, 0xF9, 0xEF, 0xAE, 0x26, 0x00, 0x00, 0x6E, 0x87, 0x03, 0x00, 0x00, 0x00, 0x06, 0x75,
0xCC, 0xF2, 0xFB, 0xEE, 0xCD, 0x92, 0x3A, 0x00, 0x00, 0xB2, 0xFF, 0xCD, 0x86, 0x75, 0x84, 0xB3,
0xF6, 0xFF, 0x72, 0x2F, 0xFF, 0xB3, 0x01, 0x00, 0x00, 0x00, 0x00, 0x0E, 0x71, 0x09, 0x40, 0xFF,
0x81, 0x00, 0x00, 0x00, 0x00, 0x00, 0x00, 0x00, 0x00, 0x10, 0xF0, 0xEE, 0x67, 0x31, 0x22, 0x1A,
0x0A, 0x00, 0x00, 0x00, 0x00, 0x42, 0xD7, 0xFF, 0xFF, 0xFF, 0xFF, 0xFE, 0xD4, 0x57, 0x00, 0x00,
0x00, 0x00, 0x20, 0x43, 0x4F, 0x58, 0x7A, 0xE4, 0xFF, 0x39, 0x00, 0x00, 0x00, 0x00, 0x00, 0x00,
0x00, 0x00, 0x49, 0xFF, 0x82, 0x03, 0x6B, 0x1C, 0x00, 0x00, 0x00, 0x00, 0x00, 0x68, 0xFF, 0x75,
0x4D, 0xFC, 0xFC, 0xBD, 0x8A, 0x75, 0x7E, 0xAB, 0xFB, 0xE4, 0x16, 0x00, 0x22, 0x81, 0xC4, 0xEC,
0xFB, 0xF7, 0xD9, 0x92, 0x19, 0x00, 0x00, 0x00, 0x00, 0x4C, 0xB1, 0xE5, 0xF9, 0xE6, 0xB7, 0x57,
0x00, 0x00, 0x00, 0x00, 0x00, 0x9A, 0xFF, 0xE0, 0x8F, 0x76, 0x8C, 0xDC, 0xFF, 0xB0, 0x04, 0x00,
0x00, 0x6C, 0xFF, 0xAB, 0x06, 0x00, 0x00, 0x00, 0x04, 0x9C, 0xFF, 0x83, 0x00, 0x01, 0xDF, 0xEE,
0x0C, 0x00, 0x00, 0x00, 0x00, 0x00, 0x06, 0xE0, 0xEF, 0x08, 0x1C, 0xFF, 0xAA, 0x00, 0x00, 0x00,
0x00, 0x00, 0x00, 0x00, 0x92, 0xFF, 0x32, 0x31, 0xFF, 0x94, 0x00, 0x00, 0x00, 0x00, 0x00, 0x00,
0x00, 0x7A, 0xFF, 0x48, 0x1B, 0xFF, 0xAB, 0x00, 0x00, 0x00, 0x00, 0x00, 0x00, 0x00, 0x93, 0xFF,
0x32, 0x00, 0xD9, 0xF0, 0x0E, 0x00, 0x00, 0x00, 0x00, 0x00, 0x06, 0xE0, 0xEE, 0x08, 0x00, 0x63,
0xFF, 0xAD, 0x07, 0x00, 0x00, 0x00, 0x03, 0x9A, 0xFF, 0x81, 0x00, 0x00, 0x00, 0x94, 0xFF, 0xE0,
0x8E, 0x75, 0x8B, 0xDA, 0xFF, 0xAB, 0x03, 0x00, 0x00, 0x00, 0x00, 0x4C, 0xB3, 0xE4, 0xF9, 0xE7,
0xB7, 0x55, 0x00, 0x00, 0x00, 0x00, 0x00, 0x17, 0x95, 0xE1, 0xFA, 0xEA, 0xA5, 0x21, 0x00, 0x00,
0x00, 0x00, 0x00, 0x80, 0xFF, 0x38, 0x00, 0x00, 0x05, 0xA6, 0x38, 0x00, 0x00, 0x00, 0x1A, 0xE2,
0xFD, 0xA3, 0x75, 0x97, 0xFC, 0xE7, 0x16, 0x00, 0x00, 0x00, 0x00, 0x80, 0xFF, 0x38, 0x00, 0x00,
0x33, 0xF1, 0xF3, 0x36, 0x00, 0x00, 0xA7, 0xFF, 0x65, 0x00, 0x00, 0x00, 0x65, 0xFF, 0x80, 0x00,
0x00, 0x00, 0x00, 0x80, 0xFF, 0x38, 0x00, 0x00, 0x00, 0x38, 0xF8, 0xDC, 0x04, 0x08, 0xF9, 0xDB,
0x02, 0x00, 0x00, 0x00, 0x0E, 0xFF, 0xB8, 0x00, 0x00, 0x00, 0x00, 0x80, 0xFF, 0x38, 0x00, 0x00,
0x00, 0x00, 0x91, 0xFF, 0x52, 0x2B, 0xFF, 0xA5, 0x00, 0x00, 0x00, 0x00, 0x00, 0xF4, 0xCB, 0x00,
0x00, 0x00, 0x00, 0x80, 0xFF, 0x38, 0x00, 0x00, 0x00, 0x00, 0x3A, 0xFF, 0x92, 0x2F, 0xFF, 0x94,
0x00, 0x00, 0x00, 0x00, 0x00, 0xEC, 0xD0, 0x00, 0x00, 0x00, 0x00, 0x80, 0xFF, 0x38, 0x00, 0x00,
0x00, 0x00, 0x1D, 0xFF, 0xA9, 0x15, 0xFF, 0xB1, 0x00, 0x00, 0x00, 0x00, 0x00, 0xE8, 0xD5, 0x00,
0x00, 0x00, 0x00, 0x85, 0xFF, 0x3E, 0x00, 0x00, 0x00, 0x00, 0x28, 0xFF, 0x9B, 0x00, 0xD5, 0xF4,
0x0F, 0x00, 0x00, 0x00, 0x00, 0xD8, 0xEC, 0x00, 0x00, 0x00, 0x00, 0x9E, 0xFF, 0x5E, 0x00, 0x00,
0x00, 0x00, 0x6E, 0xFF, 0x68, 0x00, 0x66, 0xFF, 0x9F, 0x00, 0x00, 0x00, 0x00, 0xA6, 0xFF, 0x3E,
0x00, 0x00, 0x10, 0xEF, 0xFF, 0xBE, 0x02, 0x00, 0x00, 0x20, 0xE9, 0xEE, 0x12, 0x00, 0x00, 0xB0,
0xFF, 0x90, 0x00, 0x00, 0x00, 0x31, 0xFA, 0xF1, 0x8E, 0x81, 0xDA, 0xF3, 0x91, 0xFF, 0xC5, 0x79,
0x8F, 0xEE, 0xF9, 0x51, 0x00, 0x00, 0x00, 0x07, 0xA7, 0x50, 0x00, 0x00, 0x00, 0x00, 0x40, 0xC5,
0xF7, 0xF1, 0xB6, 0x2F, 0x00, 0x61, 0xD4, 0xF8, 0xE8, 0xAE, 0x35, 0x00, 0x00, 0x00, 0x00, 0x17,
0x95, 0xE1, 0xFA, 0xEA, 0xA5, 0x21, 0x00, 0x00, 0x00, 0x00, 0x00, 0x80, 0xFF, 0x38, 0x00, 0x00,
0x2E, 0xB8, 0xED, 0xEE, 0xA7, 0x1A, 0x00, 0x00, 0x1A, 0xE2, 0xFD, 0xA3, 0x75, 0x97, 0xFC, 0xE7,
0x16, 0x00, 0x00, 0x00, 0x00, 0x80, 0xFF, 0x38, 0x00, 0x16, 0xEC, 0xE5, 0x80, 0x92, 0xF5, 0xDD,
0x0C, 0x00, 0xA8, 0xFF, 0x65, 0x00, 0x00, 0x00, 0x65, 0xFF, 0x80, 0x00, 0x00, 0x00, 0x00, 0x80,
0xFF, 0x38, 0x00, 0x64, 0xFF, 0x46, 0x00, 0x00, 0x41, 0xFF, 0x71, 0x08, 0xF9, 0xDB, 0x02, 0x00,
0x00, 0x00, 0x0F, 0xFF, 0xB8, 0x00, 0x00, 0x00, 0x00, 0x80, 0xFF, 0x38, 0x00, 0x75, 0xFF, 0x35,
0x00, 0x00, 0x00, 0xE5, 0xB7, 0x2B, 0xFF, 0xA4, 0x00, 0x00, 0x00, 0x00, 0x00, 0xF9, 0xCB, 0x00,
0x00, 0x00, 0x00, 0x80, 0xFF, 0x38, 0x00, 0x3E, 0xFF, 0xBD, 0x35, 0x35, 0x7F, 0xF6, 0xCF, 0x2E,
0xFF, 0x94, 0x00, 0x00, 0x00, 0x00, 0x00, 0xED, 0xD0, 0x00, 0x00, 0x00, 0x00, 0x80, 0xFF, 0x38,
0x00, 0x00, 0x83, 0xFB, 0xFF, 0xFF, 0xDA, 0xF8, 0xC3, 0x13, 0xFF, 0xB2, 0x00, 0x00, 0x00, 0x00,
0x00, 0xE8, 0xD5, 0x00, 0x00, 0x00, 0x00, 0x85, 0xFF, 0x3F, 0x00, 0x00, 0x00, 0x19, 0x43, 0x32,
0x26, 0xFF, 0xA0, 0x00, 0xD3, 0xF5, 0x10, 0x00, 0x00, 0x00, 0x00, 0xD7, 0xEC, 0x00, 0x00, 0x00,
0x00, 0x9E, 0xFF, 0x63, 0x00, 0x00, 0x00, 0x00, 0x00, 0x00, 0xA1, 0xFF, 0x45, 0x00, 0x64, 0xFF,
0xA1, 0x00, 0x00, 0x00, 0x00, 0xA6, 0xFF, 0x3F, 0x00, 0x00, 0x10, 0xEF, 0xFF, 0xDA, 0x0C, 0x00,
0x00, 0x00, 0x02, 0x7F, 0xFF, 0xB8, 0x01, 0x00, 0x00, 0xAE, 0xFF, 0x91, 0x00, 0x00, 0x00, 0x31,
0xFA, 0xF1, 0x8E, 0x81, 0xDA, 0xF2, 0x8B, 0xFE, 0xE5, 0x89, 0x74, 0x8C, 0xDA, 0xFF, 0xBD, 0x10,
0x00, 0x00, 0x00, 0x07, 0xA9, 0x51, 0x00, 0x00, 0x00, 0x00, 0x40, 0xC5, 0xF7, 0xF1, 0xB6, 0x2E,
0x00, 0x3F, 0xB4, 0xEB, 0xFA, 0xE6, 0xB6, 0x5A, 0x01, 0x00, 0x00, 0x00, 0x00, 0x00, 0x11, 0x77,
0xCA, 0xED, 0xF7, 0xDD, 0x91, 0x16, 0x00, 0x50, 0xC8, 0xF6, 0xED, 0xAB, 0x21, 0x00, 0x65, 0xD2,
0xF7, 0xE7, 0xAB, 0x2E, 0x00, 0x00, 0x00, 0x00, 0x3B, 0xE5, 0xFF, 0xC0, 0x83, 0x7D, 0xA9, 0xFC,
0xE7, 0x87, 0xFF, 0xC9, 0x7F, 0x8C, 0xEA, 0xE8, 0x95, 0xFF, 0xB5, 0x77, 0x92, 0xF0, 0xF5, 0x42,
0x00, 0x00, 0x21, 0xED, 0xF3, 0x48, 0x00, 0x00, 0x00, 0x00, 0x38, 0xFC, 0xFF, 0xBF, 0x02, 0x00,
0x00, 0x24, 0xFB, 0xFF, 0x9F, 0x00, 0x00, 0x00, 0x26, 0xF0, 0xE2, 0x07, 0x00, 0x9A, 0xFF, 0x59,
0x00, 0x00, 0x00, 0x00, 0x00, 0x00, 0xBA, 0xFF, 0x52, 0x00, 0x00, 0x00, 0x00, 0xBC, 0xFF, 0x3D,
0x00, 0x00, 0x00, 0x00, 0x81, 0xFF, 0x4D, 0x00, 0xF2, 0xD9, 0x01, 0x0D, 0x0C, 0x00, 0x00, 0x00,
0x00, 0x95, 0xFF, 0x35, 0x00, 0x00, 0x00, 0x00, 0xA4, 0xFF, 0x1E, 0x00, 0x00, 0x00, 0x00, 0x42,
0xFF, 0x7E, 0x14, 0xFF, 0xCE, 0xCE, 0xFF, 0xFF, 0xC9, 0x2D, 0x00, 0x00, 0x8C, 0xFF, 0x30, 0x00,
0x00, 0x00, 0x00, 0xA0, 0xFF, 0x18, 0x00, 0x00, 0x00, 0x00, 0x39, 0xFF, 0x8B, 0x20, 0xFF, 0xF1,
0x8E, 0x5C, 0x7F, 0xF7, 0xDD, 0x02, 0x00, 0x8C, 0xFF, 0x30, 0x00, 0x00, 0x00, 0x00, 0xA0, 0xFF,
0x18, 0x00, 0x00, 0x00, 0x00, 0x58, 0xFF, 0x72, 0x09, 0xFE, 0x8A, 0x00, 0x00, 0x00, 0x8E, 0xFF,
0x23, 0x00, 0x8C, 0xFF, 0x30, 0x00, 0x00, 0x00, 0x00, 0xA0, 0xFF, 0x18, 0x00, 0x00, 0x00, 0x00,
0xAF, 0xFF, 0x3A, 0x00, 0xC2, 0xDC, 0x09, 0x00, 0x00, 0x95, 0xFF, 0x14, 0x00, 0x8C, 0xFF, 0x30,
0x00, 0x00, 0x00, 0x00, 0xA0, 0xFF, 0x18, 0x00, 0x00, 0x00, 0x50, 0xFE, 0xD2, 0x00, 0x00, 0x3D,
0xFC, 0xD5, 0x7F, 0x94, 0xFB, 0xB7, 0x00, 0x00, 0x8C, 0xFF, 0x30, 0x00, 0x00, 0x00, 0x00, 0xA0,
0xFF, 0x18, 0x00, 0x00, 0x48, 0xF9, 0xF9, 0x31, 0x00, 0x00, 0x00, 0x41, 0xC3, 0xF5, 0xE5, 0x99,
0x12, 0x00, 0x00, 0x8C, 0xFF, 0x30, 0x00, 0x00, 0x00, 0x00, 0xA0, 0xFF, 0x18, 0x00, 0x00, 0x17,
0xDE, 0x49, 0x00, 0x00, 0x00, 0x00, 0x00, 0x00, 0x00, 0x00, 0x00, 0x00, 0x00, 0x00, 0x00, 0x00,
0x00, 0x00, 0x00, 0x00, 0x00, 0x00, 0x00, 0x00, 0x00, 0x00, 0x00, 0x08, 0x00, 0x00, 0x00, 0x00,
0x00, 0x00, 0x2C, 0x93, 0xD8, 0xF2, 0xF1, 0xD1, 0x81, 0x64, 0xBA, 0xE5, 0xF9, 0xE7, 0xC1, 0x66,
0x04, 0x00, 0x00, 0x00, 0x00, 0x71, 0xFA, 0xF9, 0xB0, 0x82, 0x74, 0xB0, 0xFF, 0xFF, 0xDF, 0x7E,
0x76, 0x92, 0xE1, 0xFF, 0xC6, 0x11, 0x00, 0x00, 0x52, 0xFF, 0xD3, 0x24, 0x00, 0x00, 0x30, 0xE8,
0xC4, 0x92, 0xFE, 0x74, 0x00, 0x00, 0x05, 0x95, 0xFF, 0xAD, 0x00, 0x00, 0xD2, 0xFB, 0x22, 0x00,
0x00, 0x11, 0xE1, 0xD1, 0x09, 0x00, 0x95, 0xFE, 0x43, 0x00, 0x00, 0x02, 0xCC, 0xFF, 0x26, 0x18,
0xFF, 0xB7, 0x00, 0x00, 0x00, 0x7B, 0xFF, 0x43, 0x00, 0x00, 0x0D, 0xF4, 0xC3, 0x00, 0x00, 0x00,
0x6F, 0xFF, 0x64, 0x31, 0xFF, 0x97, 0x00, 0x00, 0x00, 0xCA, 0xF1, 0x00, 0x00, 0x00, 0x00, 0xAF,
0xFF, 0x12, 0x00, 0x00, 0x50, 0xFF, 0x78, 0x21, 0xFF, 0xAC, 0x00, 0x00, 0x00, 0xE8, 0xD6, 0x00,
0x00, 0x00, 0x00, 0x93, 0xFF, 0x2F, 0x00, 0x00, 0x65, 0xFF, 0x5E, 0x00, 0xE4, 0xEF, 0x0B, 0x00,
0x00, 0xDE, 0xE7, 0x00, 0x00, 0x00, 0x00, 0xA3, 0xFF, 0x26, 0x00, 0x00, 0xB1, 0xFF, 0x29, 0x00,
0x77, 0xFF, 0x9F, 0x00, 0x00, 0xA1, 0xFF, 0x3F, 0x00, 0x00, 0x0D, 0xE9, 0xE7, 0x02, 0x00, 0x55,
0xFE, 0xB5, 0x00, 0x00, 0x05, 0xBF, 0xFF, 0xA8, 0x00, 0x27, 0xF3, 0xF0, 0x93, 0x85, 0xD6, 0xFF,
0x65, 0x00, 0x5F, 0xFB, 0xE3, 0x19, 0x00, 0x00, 0x00, 0x0A, 0xA2, 0x5B, 0x00, 0x00, 0x30, 0xB6,
0xF2, 0xF8, 0xCE, 0x5A, 0x00, 0x00, 0x22, 0xB8, 0x1E, 0x00, 0x00, 0x94, 0xFF, 0x24, 0x00, 0x00,
0x00, 0x00, 0x1F, 0x9A, 0xE1, 0xFA, 0xEF, 0xBE, 0x54, 0x00, 0x00, 0x94, 0xFF, 0x24, 0x00, 0x00,
0x00, 0x2B, 0xEF, 0xFB, 0xA1, 0x74, 0x89, 0xDD, 0xFF, 0x88, 0x00, 0x94, 0xFF, 0x24, 0x00, 0x00,
0x00, 0xBE, 0xFD, 0x3F, 0x00, 0x00, 0x00, 0x0A, 0xC7, 0xFF, 0x2E, 0x94, 0xFF, 0x24, 0x00, 0x00,
0x0D, 0xFD, 0xBE, 0x00, 0x00, 0x00, 0x00, 0x00, 0x54, 0xFF, 0x7A, 0x94, 0xFF, 0x24, 0x00, 0x00,
0x29, 0xFF, 0x91, 0x00, 0x00, 0x00, 0x00, 0x00, 0x22, 0xFF, 0x9B, 0x94, 0xFF, 0x24, 0x00, 0x00,
0x33, 0xFF, 0x85, 0x00, 0x00, 0x00, 0x00, 0x00, 0x13, 0xFF, 0xA7, 0x94, 0xFF, 0x24, 0x00, 0x00,
0x34, 0xFF, 0x84, 0x00, 0x00, 0x00, 0x00, 0x00, 0x10, 0xFF, 0xA8, 0x94, 0xFF, 0x24, 0x00, 0x00,
0x34, 0xFF, 0x84, 0x00, 0x00, 0x00, 0x00, 0x00, 0x10, 0xFF, 0xA8, 0x94, 0xFF, 0x24, 0x00, 0x00,
0x34, 0xFF, 0x84, 0x00, 0x00, 0x00, 0x00, 0x00, 0x10, 0xFF, 0xA8, 0x94, 0xFF, 0x7D, 0x68, 0x68,
0x86, 0xFF, 0xB6, 0x68, 0x68, 0x68, 0x68, 0x68, 0x71, 0xFF, 0xA8, 0x94, 0xFF, 0xFF, 0xFF, 0xFF,
0xFF, 0xFF, 0xFF, 0xFF, 0xFF, 0xFF, 0xFF, 0xFF, 0xFF, 0xFF, 0xA8, 0x00, 0x00, 0x09, 0x66, 0xC1,
0xE5, 0xFA, 0xEC, 0xB5, 0x3F, 0x00, 0x00, 0x00, 0x1F, 0xD0, 0xFF, 0xCE, 0x8C, 0x77, 0x93, 0xEB,
0xFC, 0x4B, 0x00, 0x03, 0xCA, 0xFC, 0x65, 0x00, 0x00, 0x00, 0x00, 0x24, 0xFE, 0xBC, 0x00, 0x5A,
0xFF, 0x92, 0x00, 0x00, 0x00, 0x00, 0x00, 0x06, 0xF9, 0xBB, 0x00, 0xAE, 0xFF, 0x22, 0x00, 0x00,
0x12, 0x24, 0x3F, 0xAD, 0xFD, 0x50, 0x00, 0xD9, 0xE6, 0x00, 0x00, 0x00, 0x90, 0xFF, 0xFF, 0xFE,
0x68, 0x00, 0x00, 0xEE, 0xD1, 0x00, 0x00, 0x00, 0x2D, 0x52, 0x64, 0xC3, 0xFD, 0x5F, 0x00, 0xE4,
0xD9, 0x00, 0x00, 0x00, 0x00, 0x00, 0x00, 0x04, 0xD9, 0xED, 0x00, 0xD0, 0xEA, 0x00, 0x00, 0x00,
0x00, 0x00, 0x00, 0x00, 0xD1, 0xF3, 0x02, 0xA4, 0xFF, 0x15, 0x00, 0x00, 0x5B, 0x79, 0x79, 0xB9,
0xFF, 0x9D, 0x00, 0x5F, 0xBB, 0x26, 0x00, 0x00, 0xB4, 0xF6, 0xF7, 0xD9, 0x7F, 0x08, 0x00, 0x00,
0x00, 0x00, 0x06, 0x00, 0x00, 0x00, 0x00, 0x00, 0x00, 0x00, 0x00, 0x00, 0x00, 0x05, 0x00, 0x00,
0x00, 0x00, 0x00, 0x13, 0xC7, 0x69, 0x00, 0x00, 0x00, 0xBC, 0xFC, 0x00, 0x00, 0x00, 0x2E, 0xDE,
0x31, 0x00, 0x00, 0x00, 0x04, 0xC5, 0xFF, 0x86, 0x00, 0x00, 0x00, 0xBC, 0xFC, 0x00, 0x00, 0x00,
0x54, 0xF8, 0xEE, 0x23, 0x00, 0x00, 0x74, 0xFF, 0x95, 0x00, 0x00, 0x00, 0x00, 0xBC, 0xFC, 0x00,
0x00, 0x00, 0x00, 0x58, 0xFF, 0xB6, 0x00, 0x00, 0xDD, 0xF3, 0x0D, 0x00, 0x00, 0x00, 0x00, 0xBC,
0xFC, 0x00, 0x00, 0x00, 0x00, 0x00, 0xC3, 0xFF, 0x1E, 0x17, 0xFF, 0xAF, 0x00, 0x00, 0x00, 0x00,
0x00, 0xBC, 0xFC, 0x00, 0x00, 0x00, 0x00, 0x00, 0x73, 0xFF, 0x56, 0x30, 0xFF, 0x94, 0x00, 0x00,
0x00, 0x00, 0x00, 0xBC, 0xFC, 0x00, 0x00, 0x00, 0x00, 0x00, 0x58, 0xFF, 0x6A, 0x23, 0xFF, 0x9F,
0x00, 0x00, 0x00, 0x00, 0x00, 0xC2, 0xFF, 0x01, 0x00, 0x00, 0x00, 0x00, 0x65, 0xFF, 0x59, 0x04,
0xED, 0xDF, 0x02, 0x00, 0x00, 0x00, 0x00, 0xE0, 0xFF, 0x1F, 0x00, 0x00, 0x00, 0x00, 0xAC, 0xFF,
0x28, 0x00, 0x8D, 0xFF, 0x77, 0x00, 0x00, 0x00, 0x49, 0xFF, 0xFF, 0x83, 0x00, 0x00, 0x00, 0x4C,
0xFE, 0xC0, 0x00, 0x00, 0x0C, 0xCE, 0xFF, 0xB3, 0x78, 0x91, 0xF6, 0xD5, 0xAB, 0xFF, 0xA8, 0x77,
0xA3, 0xFB, 0xE5, 0x23, 0x00, 0x00, 0x00, 0x0D, 0x84, 0xDB, 0xF8, 0xE8, 0x9E, 0x16, 0x05, 0x84,
0xE2, 0xF8, 0xE0, 0x95, 0x1A, 0x00, 0x00, 0x00, 0x00, 0x07, 0x79, 0xD4, 0xF5, 0xE9, 0x97, 0x0D,
0x02, 0x76, 0xDA, 0xF8, 0xE2, 0x9A, 0x1E, 0x00, 0x00, 0x00, 0x09, 0xC7, 0xFF, 0xBB, 0x7A, 0x94,
0xF6, 0xC2, 0x95, 0xFD, 0xA3, 0x77, 0xA0, 0xFA, 0xE8, 0x27, 0x00, 0x00, 0x89, 0xFF, 0x85, 0x00,
0x00, 0x00, 0x4C, 0xFF, 0xFF, 0x77, 0x00, 0x00, 0x00, 0x46, 0xFE, 0xC1, 0x00, 0x04, 0xEC, 0xE4,
0x05, 0x00, 0x00, 0x00, 0x01, 0xE6, 0xFF, 0x15, 0x00, 0x00, 0x00, 0x00, 0xAD, 0xFF, 0x27, 0x23,
0xFF, 0xA2, 0x00, 0x00, 0x00, 0x00, 0x00, 0xC9, 0xF8, 0x00, 0x00, 0x00, 0x00, 0x00, 0x66, 0xFF,
0x5A, 0x32, 0xFF, 0x93, 0x00, 0x00, 0x00, 0x00, 0x00, 0xC4, 0xF4, 0x00, 0x00, 0x00, 0x00, 0x00,
0x57, 0xFF, 0x67, 0x1F, 0xFF, 0xAC, 0x00, 0x00, 0x00, 0x00, 0x00, 0xC4, 0xF4, 0x00, 0x00, 0x00,
0x00, 0x00, 0x71, 0xFF, 0x4E, 0x00, 0xE6, 0xEB, 0x07, 0x00, 0x00, 0x00, 0x00, 0xC4, 0xF4, 0x00,
0x00, 0x00, 0x00, 0x00, 0xBB, 0xFC, 0x19, 0x00, 0x80, 0xFF, 0x7B, 0x00, 0x00, 0x00, 0x00, 0xC4,
0xF4, 0x00, 0x00, 0x00, 0x00, 0x46, 0xFE, 0xAC, 0x00, 0x00, 0x09, 0xD3, 0xFD, 0x68, 0x00, 0x00,
0x00, 0xC4, 0xF4, 0x00, 0x00, 0x00, 0x3E, 0xEE, 0xE8, 0x18, 0x00, 0x00, 0x00, 0x16, 0xD0, 0x69,
0x00, 0x00, 0x00, 0xC4, 0xF4, 0x00, 0x00, 0x00, 0x48, 0xDF, 0x2C, 0x00, 0x00, 0x00, 0x00, 0x00,
0x06, 0x00, 0x00, 0x00, 0x00, 0x00, 0x00, 0x00, 0x00, 0x00, 0x00, 0x06, 0x00, 0x00, 0x00, 0x00,
0x00, 0x00, 0x11, 0x77, 0xCA, 0xED, 0xF7, 0xDD, 0x91, 0x16, 0x00, 0x60, 0xCF, 0xF7, 0xE9, 0xB1,
0x35, 0x00, 0x00, 0x00, 0x00, 0x3B, 0xE5, 0xFF, 0xC0, 0x83, 0x75, 0xA2, 0xFB, 0xE7, 0x8E, 0xFF,
0xBD, 0x78, 0x8E, 0xED, 0xF9, 0x4E, 0x00, 0x00, 0x21, 0xED, 0xF3, 0x48, 0x00, 0x00, 0x00, 0x00,
0x38, 0xFC, 0xFF, 0xAF, 0x00, 0x00, 0x00, 0x1F, 0xE8, 0xEB, 0x0E, 0x00, 0x9A, 0xFF, 0x59, 0x00,
0x00, 0x00, 0x00, 0x00, 0x00, 0xBE, 0xFF, 0x4D, 0x00, 0x00, 0x00, 0x00, 0x71, 0xFF, 0x5D, 0x00,
0xF2, 0xD9, 0x01, 0x0D, 0x0C, 0x00, 0x00, 0x00, 0x00, 0x98, 0xFF, 0x2E, 0x00, 0x00, 0x00, 0x00,
0x32, 0xFF, 0x8E, 0x14, 0xFF, 0xCE, 0xCE, 0xFF, 0xFF, 0xC9, 0x2D, 0x00, 0x00, 0x90, 0xFF, 0x28,
0x00, 0x00, 0x00, 0x00, 0x29, 0xFF, 0x9B, 0x20, 0xFF, 0xF1, 0x8E, 0x5C, 0x7F, 0xF7, 0xDD, 0x02,
0x00, 0x90, 0xFF, 0x28, 0x00, 0x00, 0x00, 0x00, 0x48, 0xFF, 0x82, 0x09, 0xFE, 0x8A, 0x00, 0x00,
0x00, 0x8E, 0xFF, 0x23, 0x00, 0x90, 0xFF, 0x28, 0x00, 0x00, 0x00, 0x00, 0x9F, 0xFF, 0x49, 0x00,
0xC2, 0xDC, 0x09, 0x00, 0x00, 0x95, 0xFF, 0x14, 0x00, 0x90, 0xFF, 0x28, 0x00, 0x00, 0x00, 0x43,
0xFC, 0xDD, 0x02, 0x00, 0x3D, 0xFC, 0xD5, 0x7F, 0x94, 0xFB, 0xB7, 0x00, 0x00, 0x90, 0xFF, 0x28,
0x00, 0x00, 0x3C, 0xF5, 0xFC, 0x3A, 0x00, 0x00, 0x00, 0x41, 0xC3, 0xF5, 0xE5, 0x99, 0x12, 0x00,
0x00, 0x90, 0xFF, 0x28, 0x00, 0x00, 0x0E, 0xD5, 0x51, 0x00, 0x00, 0x00, 0x00, 0x00, 0x00, 0x00,
0x00, 0x00, 0x00, 0x00, 0x00, 0x00, 0x00, 0x00, 0x00, 0x00, 0x00, 0x05, 0x00, 0x00, 0x00, 0x00,
0x00, 0x00, 0x00, 0x00, 0x00, 0x00, 0x00, 0x00, 0x00, 0x00, 0x00, 0x00, 0x00, 0x38, 0xFF, 0x80,
0x00, 0x00, 0x00, 0x00, 0x00, 0x00, 0x00, 0x00, 0x00, 0x00, 0x00, 0x00, 0x00, 0x00, 0x38, 0xFF,
0x80, 0x00, 0x00, 0x00, 0x00, 0x00, 0x00, 0x00, 0x00, 0x00, 0x00, 0x00, 0x00, 0x00, 0x00, 0x38,
0xFF, 0x80, 0x00, 0x00, 0x00, 0x02, 0x14, 0x04, 0x00, 0x00, 0x00, 0x00, 0x00, 0x00, 0x00, 0x00,
0x38, 0xFF, 0x80, 0x00, 0x0D, 0x96, 0xF4, 0xFF, 0xFC, 0xB2, 0x1E, 0x00, 0x00, 0x00, 0x00, 0x00,
0x00, 0x38, 0xFF, 0x80, 0x00, 0xB7, 0xFE, 0x99, 0x57, 0x81, 0xF6, 0xDD, 0x0B, 0x00, 0x00, 0x00,
0x00, 0x00, 0x38, 0xFF, 0x80, 0x2F, 0xFF, 0x9D, 0x00, 0x00, 0x00, 0x6F, 0xFF, 0x60, 0x00, 0x00,
0x00, 0x00, 0x00, 0x38, 0xFF, 0x80, 0x54, 0xFF, 0x59, 0x00, 0x00, 0x00, 0x30, 0xFF, 0x82, 0x00,
0x00, 0x00, 0x00, 0x00, 0x38, 0xFF, 0x80, 0x3B, 0xFF, 0x75, 0x00, 0x00, 0x00, 0x4A, 0xFF, 0x5F,
0x00, 0x00, 0x00, 0x00, 0x00, 0x38, 0xFF, 0x80, 0x02, 0xD7, 0xE7, 0x1F, 0x00, 0x00, 0xB4, 0xFE,
0x73, 0x68, 0x68, 0x68, 0x68, 0x68, 0x89, 0xFF, 0x80, 0x00, 0x2D, 0xDC, 0x26, 0x00, 0x00, 0xB7,
0xFF, 0xFF, 0xFF, 0xFF, 0xFF, 0xFF, 0xFF, 0xFF, 0xFF, 0x80, 0x00, 0x00, 0x04, 0x00, 0x00, 0x00,
0x00, 0x00, 0x00, 0x00, 0x00, 0x00, 0x00, 0x00, 0x00, 0x00, 0x00, 0x00, 0x00, 0x00, 0x00, 0x00,
0x00, 0x00, 0x00, 0x00, 0x00, 0x00, 0x00, 0x00, 0x47, 0xB9, 0xEE, 0xFA, 0xE4, 0xA3, 0x29, 0x00,
0x00, 0x00, 0x00, 0x00, 0x00, 0x00, 0x00, 0x00, 0x00, 0x00, 0x00, 0x00, 0x00, 0x71, 0xFF, 0xE9,
0x93, 0x7B, 0xA4, 0xFA, 0xF5, 0x3B, 0x00, 0x00, 0x00, 0x00, 0x00, 0x00, 0x00, 0x00, 0x00, 0x00,
0x00, 0x00, 0x1B, 0xFA, 0xD9, 0x13, 0x00, 0x00, 0x00, 0x34, 0xF8, 0xD4, 0x00, 0x00, 0x00, 0x00,
0x04, 0x18, 0x07, 0x00, 0x00, 0x00, 0x00, 0x00, 0x63, 0xFF, 0x68, 0x00, 0x00, 0x00, 0x00, 0x00,
0xAB, 0xFF, 0x22, 0x00, 0x0D, 0x97, 0xF5, 0xFF, 0xFD, 0xB6, 0x21, 0x00, 0x00, 0x00, 0x81, 0xFF,
0x3D, 0x00, 0x00, 0x00, 0x00, 0x00, 0x7A, 0xFF, 0x43, 0x00, 0xB9, 0xFF, 0x9D, 0x5B, 0x85, 0xF7,
0xE0, 0x0C, 0x00, 0x00, 0x8B, 0xFF, 0x31, 0x00, 0x00, 0x00, 0x00, 0x00, 0x6B, 0xFF, 0x4F, 0x30,
0xFF, 0x9E, 0x00, 0x00, 0x00, 0x70, 0xFF, 0x62, 0x00, 0x00, 0x8C, 0xFF, 0x30, 0x00, 0x00, 0x00,
0x00, 0x00, 0x68, 0xFF, 0x50, 0x54, 0xFF, 0x59, 0x00, 0x00, 0x00, 0x30, 0xFF, 0x82, 0x00, 0x00,
0x8C, 0xFF, 0x30, 0x00, 0x00, 0x00, 0x00, 0x00, 0x68, 0xFF, 0x50, 0x3B, 0xFF, 0x76, 0x00, 0x00,
0x00, 0x4A, 0xFF, 0x5D, 0x00, 0x00, 0x8C, 0xFF, 0x30, 0x00, 0x00, 0x00, 0x00, 0x00, 0x68, 0xFF,
0x50, 0x02, 0xDA, 0xE7, 0x20, 0x00, 0x00, 0xB5, 0xFE, 0x7A, 0x70, 0x70, 0xBE, 0xFF, 0x8B, 0x70,
0x70, 0x70, 0x70, 0x70, 0xAA, 0xFF, 0x50, 0x00, 0x30, 0xDC, 0x24, 0x00, 0x00, 0xB6, 0xFF, 0xFF,
0xFF, 0xFF, 0xFF, 0xFF, 0xFF, 0xFF, 0xFF, 0xFF, 0xFF, 0xFF, 0xFF, 0xFF, 0x50, 0x00, 0x00, 0x04,
0x00, 0x00, 0x00, 0x00, 0x00, 0x00, 0x00, 0x00, 0x00, 0x00, 0x00, 0x00, 0x00, 0x00, 0x00, 0x00,
0x00, 0x00, 0x00, 0x00, 0x00, 0x00, 0x11, 0x77, 0xCA, 0xED, 0xF7, 0xDD, 0x91, 0x17, 0x00, 0x64,
0xD1, 0xF7, 0xEA, 0xB3, 0x38, 0x00, 0x00, 0x00, 0x00, 0x04, 0xFF, 0xB4, 0x00, 0x00, 0x3B, 0xE5,
0xFE, 0xB8, 0x7B, 0x6D, 0x9A, 0xF8, 0xE9, 0x94, 0xFF, 0xB5, 0x70, 0x87, 0xEB, 0xFA, 0x50, 0x00,
0x00, 0x00, 0x04, 0xFF, 0xB4, 0x00, 0x21, 0xED, 0xF1, 0x42, 0x00, 0x00, 0x00, 0x00, 0x32, 0xFB,
0xFF, 0xAB, 0x00, 0x00, 0x00, 0x1F, 0xEA, 0xEC, 0x0F, 0x00, 0x00, 0x04, 0xFF, 0xB4, 0x00, 0x9A,
0xFF, 0x56, 0x00, 0x00, 0x00, 0x00, 0x00, 0x00, 0xBB, 0xFF, 0x4B, 0x00, 0x00, 0x00, 0x00, 0x75,
0xFF, 0x5F, 0x00, 0x00, 0x04, 0xFF, 0xB4, 0x00, 0xF2, 0xD9, 0x00, 0x0A, 0x09, 0x00, 0x00, 0x00,
0x00, 0x97, 0xFF, 0x2E, 0x00, 0x00, 0x00, 0x00, 0x34, 0xFF, 0x8F, 0x00, 0x00, 0x04, 0xFF, 0xB4,
0x14, 0xFF, 0xCD, 0xCB, 0xFE, 0xFE, 0xC5, 0x2B, 0x00, 0x00, 0x90, 0xFF, 0x28, 0x00, 0x00, 0x00,
0x00, 0x25, 0xFF, 0x9D, 0x00, 0x00, 0x04, 0xFF, 0xB4, 0x20, 0xFF, 0xF5, 0x8F, 0x58, 0x7B, 0xF7,
0xDC, 0x01, 0x00, 0x90, 0xFF, 0x28, 0x00, 0x00, 0x00, 0x00, 0x3E, 0xFF, 0x87, 0x00, 0x00, 0x04,
0xFF, 0xB4, 0x09, 0xFE, 0x89, 0x00, 0x00, 0x00, 0x8E, 0xFF, 0x23, 0x00, 0x90, 0xFF, 0x28, 0x00,
0x00, 0x00, 0x00, 0x8C, 0xFF, 0x45, 0x00, 0x00, 0x04, 0xFF, 0xB4, 0x00, 0xC2, 0xD7, 0x06, 0x00,
0x00, 0x93, 0xFF, 0x14, 0x00, 0x90, 0xFF, 0x28, 0x00, 0x00, 0x00, 0x20, 0xF7, 0xC1, 0x01, 0x00,
0x00, 0x04, 0xFF, 0xB4, 0x00, 0x3D, 0xFC, 0xCD, 0x77, 0x8E, 0xFA, 0xB7, 0x00, 0x00, 0x90, 0xFF,
0x28, 0x00, 0x00, 0x11, 0xD4, 0xFF, 0x8F, 0x68, 0x68, 0x68, 0x6A, 0xFF, 0xB4, 0x00, 0x00, 0x41,
0xC3, 0xF5, 0xE5, 0x99, 0x12, 0x00, 0x00, 0x90, 0xFF, 0x28, 0x00, 0x00, 0x0B, 0xDE, 0xFF, 0xFF,
0xFF, 0xFF, 0xFF, 0xFF, 0xFF, 0xB4, 0x00, 0x00, 0x02, 0x50, 0xAD, 0xDC, 0xF5, 0xF6, 0xDA, 0x9C,
0x28, 0x00, 0x00, 0x13, 0xB9, 0xFF, 0xE4, 0x97, 0x7A, 0x78, 0x93, 0xE7, 0xF3, 0x1F, 0x01, 0xB9,
0xFF, 0x82, 0x03, 0x00, 0x07, 0x1B, 0x20, 0x84, 0xFF, 0x54, 0x50, 0xFF, 0xA1, 0x00, 0x13, 0xAA,
0xFC, 0xFF, 0xFF, 0xFF, 0xDE, 0x15, 0xA9, 0xFF, 0x28, 0x00, 0x95, 0xFE, 0x79, 0x52, 0x4E, 0x3F,
0x08, 0x00, 0xD7, 0xE8, 0x00, 0x00, 0xA8, 0xFB, 0x4A, 0x23, 0x1A, 0x03, 0x00, 0x00, 0xEE, 0xD1,
0x00, 0x00, 0x38, 0xED, 0xFF, 0xFF, 0xFF, 0xF5, 0x87, 0x00, 0xE4, 0xD9, 0x00, 0x00, 0x00, 0x09,
0x38, 0x4C, 0x59, 0xBD, 0xFF, 0x3C, 0xD0, 0xEA, 0x00, 0x00, 0x0C, 0x01, 0x00, 0x00, 0x00, 0x54,
0xFF, 0x59, 0xA4, 0xFF, 0x15, 0x00, 0xA2, 0xDF, 0x98, 0x7A, 0x82, 0xE2, 0xF3, 0x1D, 0x5D, 0xB9,
0x26, 0x00, 0x67, 0xB6, 0xDC, 0xF6, 0xED, 0xBE, 0x3B, 0x00, 0x00, 0x00, 0x24, 0x94, 0xD9, 0xF5,
0xF8, 0xE5, 0xB2, 0x54, 0x00, 0x00, 0x00, 0x00, 0x4D, 0xF5, 0xE7, 0x8A, 0x83, 0xEF, 0xF7, 0xF0,
0xFF, 0xAD, 0x04, 0x00, 0x19, 0xF5, 0xDE, 0x15, 0x00, 0x00, 0x6D, 0xFF, 0x45, 0xB0, 0xFF, 0x82,
0x00, 0x7B, 0xFF, 0x63, 0x00, 0x00, 0x00, 0x54, 0xFF, 0x67, 0x08, 0xEE, 0xEF, 0x02, 0xB2, 0xFF,
0x11, 0x00, 0x00, 0x00, 0x8A, 0xFF, 0x4C, 0x00, 0xA1, 0xFF, 0x29, 0xC6, 0xF3, 0x00, 0x00, 0x00,
0x13, 0xEC, 0xEA, 0x09, 0x00, 0x84, 0xFF, 0x3D, 0xCC, 0xEC, 0x00, 0x00, 0x01, 0xAC, 0xFF, 0x5C,
0x00, 0x00, 0x74, 0xFF, 0x44, 0xCC, 0xEC, 0x00, 0x00, 0x8E, 0xFF, 0x8D, 0x00, 0x00, 0x00, 0x74,
0xFF, 0x44, 0xCC, 0xEC, 0x06, 0x9D, 0xFF, 0x9A, 0x02, 0x00, 0x00, 0x00, 0x74, 0xFF, 0x44, 0xCC,
0xF4, 0xC9, 0xFF, 0xE0, 0x70, 0x70, 0x70, 0x70, 0x70, 0xB1, 0xFF, 0x44, 0xCC, 0xFF, 0xFF, 0xFF,
0xFF, 0xFF, 0xFF, 0xFF, 0xFF, 0xFF, 0xFF, 0xFF, 0x44, 0x00, 0x00, 0x36, 0xB4, 0xED, 0xEF, 0xC0,
0x49, 0x72, 0xD6, 0xF8, 0xE3, 0x91, 0x0E, 0x00, 0x00, 0x0D, 0x9E, 0x68, 0x00, 0x00, 0x43, 0xFA,
0xEE, 0x8E, 0x82, 0xD8, 0xFF, 0xFF, 0xB0, 0x7A, 0xAD, 0xFF, 0xC7, 0x04, 0x00, 0x11, 0xE0, 0xF5,
0x14, 0x00, 0xD6, 0xF5, 0x22, 0x00, 0x00, 0x56, 0xFF, 0x89, 0x00, 0x00, 0x00, 0x8F, 0xFF, 0x59,
0x00, 0x00, 0x5E, 0xFF, 0x76, 0x1F, 0xFF, 0xA7, 0x00, 0x00, 0x00, 0xA6, 0xFF, 0x1D, 0x00, 0x00,
0x00, 0x2C, 0xFF, 0x9A, 0x00, 0x00, 0x0D, 0xFC, 0xB8, 0x30, 0xFF, 0x8B, 0x00, 0x00, 0x00, 0xBC,
0xFF, 0x04, 0x00, 0x00, 0x00, 0x15, 0xFF, 0xA8, 0x00, 0x00, 0x00, 0xE8, 0xD4, 0x19, 0xFF, 0xA3,
0x00, 0x00, 0x00, 0xA4, 0xFF, 0x1B, 0x00, 0x00, 0x00, 0x2B, 0xFF, 0x8F, 0x00, 0x00, 0x00, 0xF3,
0xC7, 0x01, 0xE5, 0xE9, 0x04, 0x00, 0x00, 0x61, 0xFF, 0x64, 0x00, 0x00, 0x00, 0x76, 0xFF, 0x4B,
0x00, 0x00, 0x2A, 0xFF, 0xA1, 0x00, 0x86, 0xFF, 0x78, 0x00, 0x00, 0x0C, 0xE2, 0xD9, 0x0A, 0x00,
0x15, 0xEF, 0xD5, 0x03, 0x00, 0x00, 0xA0, 0xFF, 0x47, 0x00, 0x0C, 0xDA, 0xFC, 0x6D, 0x01, 0x00,
0x41, 0xF6, 0xB5, 0x28, 0xC4, 0xEF, 0x30, 0x00, 0x02, 0x7E, 0xFF, 0xB4, 0x01, 0x00, 0x00, 0x23,
0xCF, 0xFF, 0xDC, 0x92, 0x77, 0xB7, 0xFF, 0xFF, 0xFF, 0xA5, 0x78, 0x94, 0xE1, 0xFF, 0xB6, 0x10,
0x00, 0x00, 0x00, 0x00, 0x07, 0x61, 0xBC, 0xE4, 0xF9, 0xEB, 0xBC, 0x87, 0xC4, 0xEF, 0xF7, 0xDF,
0xAF, 0x51, 0x01, 0x00, 0x00, 0x00, 0x00, 0x00, 0x28, 0x92, 0xD4, 0xF1, 0xF8, 0xE0, 0xB8, 0x5F,
0x05, 0x00, 0x00, 0x00, 0x00, 0x70, 0xFC, 0xF8, 0xAE, 0x7E, 0x77, 0x90, 0xCD, 0xFF, 0xCA, 0x1E,
0x00, 0x00, 0x50, 0xFF, 0xCB, 0x1E, 0x00, 0x00, 0x00, 0x05, 0x19, 0x4D, 0xEC, 0xCC, 0x06, 0x00,
0xD5, 0xF5, 0x19, 0x00, 0x00, 0x03, 0x89, 0xF4, 0xFF, 0xF2, 0xBC, 0xFF, 0x61, 0x1B, 0xFF, 0xB0,
0x00, 0x00, 0x00, 0x88, 0xFF, 0xBB, 0x62, 0x65, 0xD0, 0xFF, 0xB8, 0x32, 0xFF, 0x96, 0x00, 0x00,
0x06, 0xF4, 0xD3, 0x02, 0x00, 0x00, 0x0A, 0xD5, 0xDC, 0x21, 0xFF, 0xAD, 0x00, 0x00, 0x27, 0xFF,
0x8E, 0x00, 0x00, 0x00, 0x00, 0xBF, 0xE7, 0x00, 0xE4, 0xF0, 0x0C, 0x00, 0x21, 0xFF, 0x91, 0x00,
0x00, 0x00, 0x00, 0xE2, 0xCD, 0x00, 0x77, 0xFF, 0xA1, 0x00, 0x01, 0xE4, 0xDA, 0x05, 0x00, 0x00,
0x4B, 0xFF, 0x86, 0x00, 0x05, 0xBF, 0xFF, 0xA8, 0x00, 0x5F, 0xFF, 0xCA, 0x7D, 0x9A, 0xF9, 0xE5,
0x13, 0x00, 0x00, 0x0A, 0xA2, 0x5B, 0x00, 0x00, 0x5A, 0xD0, 0xF7, 0xE9, 0xA4, 0x1C, 0x00, 0x00,
0x00, 0x00, 0x30, 0x9B, 0xDB, 0xF6, 0xEC, 0xCC, 0x74, 0x0D, 0x00, 0x00, 0x00, 0x00, 0x6D, 0xFB,
0xF5, 0xA2, 0x7A, 0x86, 0xCC, 0xFF, 0xD8, 0x22, 0x00, 0x00, 0x46, 0xFE, 0xD5, 0x1E, 0x00, 0x00,
0x00, 0x00, 0x6B, 0xFF, 0xC9, 0x03, 0x00, 0xC5, 0xFD, 0x2B, 0x00, 0x00, 0x00, 0x00, 0x00, 0x00,
0xA5, 0xFF, 0x48, 0x12, 0xFF, 0xC2, 0x00, 0x00, 0x00, 0x00, 0x00, 0x00, 0x00, 0x44, 0xFF, 0x90,
0x2E, 0xFF, 0x9A, 0x00, 0x00, 0x00, 0x00, 0x00, 0x00, 0x00, 0x1E, 0xFF, 0xAB, 0x29, 0xFF, 0xA2,
0x00, 0x00, 0x00, 0x00, 0x00, 0x00, 0x00, 0x27, 0xFF, 0x9B, 0x08, 0xF6, 0xD2, 0x00, 0x00, 0x00,
0x00, 0x00, 0x00, 0x00, 0x57, 0xFF, 0x77, 0x00, 0xA7, 0xFF, 0x46, 0x00, 0x00, 0x00, 0x00, 0x00,
0x03, 0xC8, 0xFB, 0x1C, 0x00, 0x26, 0xF4, 0xEA, 0x30, 0x00, 0x00, 0x00, 0x03, 0x98, 0xFF, 0x8B,
0x00, 0x00, 0x00, 0x4C, 0xF7, 0xBA, 0x00, 0x00, 0x00, 0x3E, 0xFE, 0xAC, 0x03, 0x00, 0x00, 0x00,
0x00, 0x2A, 0x16, 0x00, 0x00, 0x00, 0x00, 0x40, 0x01, 0x00, 0x00, 0x00, 0x04, 0x70, 0xCD, 0xF4,
0xF9, 0xDD, 0x96, 0x1A, 0x00, 0x00, 0x00, 0x00, 0xF4, 0xC4, 0x02, 0xB4, 0xFF, 0xB5, 0x7B, 0x75,
0xA5, 0xFC, 0xE6, 0x1A, 0x00, 0x00, 0x00, 0xF4, 0xC4, 0x53, 0xFF, 0x80, 0x00, 0x00, 0x00, 0x00,
0x5A, 0xFF, 0x8C, 0x00, 0x00, 0x00, 0xF4, 0xC4, 0x9C, 0xFF, 0x1A, 0x00, 0x00, 0x00, 0x00, 0x00,
0xF6, 0xCA, 0x00, 0x00, 0x00, 0xF4, 0xC4, 0xB5, 0xFD, 0x1D, 0x1C, 0x1C, 0x1C, 0x1C, 0x1C, 0xDF,
0xDD, 0x00, 0x00, 0x00, 0xF4, 0xC4, 0xBC, 0xFF, 0xFF, 0xFF, 0xFF, 0xFF, 0xFF, 0xFF, 0xFF, 0xE0,
0x00, 0x00, 0x00, 0xF4, 0xC4, 0xBC, 0xFD, 0x4C, 0x4C, 0x4C, 0x4C, 0x4C, 0x4C, 0x4C, 0x42, 0x00,
0x00, 0x00, 0xF4, 0xC4, 0xBC, 0xFC, 0x00, 0x00, 0x00, 0x00, 0x00, 0x00, 0x00, 0x00, 0x00, 0x00,
0x00, 0xF4, 0xC4, 0xBC, 0xFC, 0x00, 0x00, 0x00, 0x00, 0x00, 0x00, 0x00, 0x00, 0x00, 0x00, 0x00,
0xF4, 0xC4, 0xBC, 0xFD, 0x68, 0x68, 0x68, 0x68, 0x68, 0x68, 0x68, 0x68, 0x68, 0x68, 0x68, 0xF8,
0xC4, 0xBC, 0xFF, 0xFF, 0xFF, 0xFF, 0xFF, 0xFF, 0xFF, 0xFF, 0xFF, 0xFF, 0xFF, 0xFF, 0xFF, 0xC4,
0x00, 0x00, 0x00, 0x1E, 0x7F, 0xC0, 0xE4, 0xF6, 0xFA, 0xEA, 0xC4, 0x7A, 0x0E, 0x00, 0x00, 0x00,
0x7E, 0xF9, 0xFB, 0xBF, 0x8D, 0x79, 0x74, 0x8B, 0xCB, 0xFF, 0xD5, 0x0B, 0x00, 0x79, 0xFF, 0xAA,
0x30, 0x07, 0x00, 0x00, 0x00, 0x00, 0x00, 0x9C, 0xFF, 0x5A, 0x07, 0xF4, 0xF6, 0xE7, 0xFF, 0xF8,
0x90, 0x01, 0x00, 0x00, 0x00, 0x59, 0xFF, 0x66, 0x29, 0xFF, 0xDF, 0x76, 0x5A, 0xB6, 0xFF, 0x58,
0x02, 0x25, 0x4C, 0xD9, 0xEC, 0x18, 0x15, 0xFF, 0x6D, 0x00, 0x00, 0x25, 0xFF, 0x88, 0x10, 0xFF,
0xFF, 0xF3, 0x3B, 0x00, 0x00, 0xCB, 0xDE, 0x43, 0x2B, 0x9D, 0xFF, 0x58, 0x05, 0x52, 0x73, 0xDF,
0xED, 0x26, 0x00, 0x2C, 0xD9, 0xFF, 0xFF, 0xFF, 0x9C, 0x01, 0x00, 0x00, 0x00, 0x2E, 0xFF, 0x95,
0x00, 0x00, 0x05, 0x32, 0x48, 0x1F, 0x00, 0x00, 0x00, 0x00, 0x00, 0x2D, 0xFF, 0xA2, 0x00, 0x00,
0x0E, 0x55, 0x6C, 0x70, 0x70, 0x70, 0x70, 0x71, 0x87, 0xE2, 0xFF, 0x4D, 0x00, 0x46, 0xF0, 0xFF,
0xFF, 0xFF, 0xFF, 0xFF, 0xFF, 0xFE, 0xF4, 0xCC, 0x5D, 0x00, 0x00, 0xCE, 0xF2, 0x44, 0x08, 0x00,
0x00, 0x00, 0x00, 0x00, 0x00, 0x00, 0x00, 0x00, 0x00, 0xF7, 0xC3, 0x00, 0x00, 0x00, 0x00, 0x00,
0x00, 0x00, 0x00, 0x00, 0x00, 0x00, 0x00, 0xCA, 0xFA, 0x6C, 0x28, 0x20, 0x20, 0x20, 0x20, 0x20,
0x20, 0x20, 0x20, 0x0B, 0x00, 0x2A, 0xCD, 0xFF, 0xFF, 0xFF, 0xFF, 0xFF, 0xFF, 0xFF, 0xFF, 0xFF,
0xFF, 0x58, 0x00, 0x00, 0x00, 0x27, 0x48, 0x4F, 0x50, 0x50, 0x50, 0x50, 0x50, 0x50, 0x50, 0x1B,
0x00, 0x81, 0x99, 0x06, 0x00, 0x00, 0x60, 0xD0, 0xF4, 0xEC, 0xA5, 0x16, 0x00, 0x09, 0xF5, 0xC1,
0x00, 0x00, 0x58, 0xFF, 0xCD, 0x7B, 0x8F, 0xF6, 0xCD, 0x01, 0x32, 0xFF, 0x7F, 0x00, 0x00, 0xAB,
0xFC, 0x10, 0x00, 0x00, 0x80, 0xFF, 0x37, 0x30, 0xFF, 0x8A, 0x00, 0x00, 0x9B, 0xFD, 0x08, 0x00,
0x00, 0x75, 0xFF, 0x4C, 0x06, 0xE7, 0xE4, 0x15, 0x00, 0x3F, 0xFF, 0x69, 0x00, 0x0A, 0xD8, 0xFF,
0x22, 0x00, 0x55, 0xFE, 0xE6, 0x7C, 0x3E, 0xC4, 0xEC, 0x62, 0xD2, 0xFF, 0xB1, 0x00, 0x00, 0x00,
0x41, 0xC7, 0xFE, 0xFF, 0xFF, 0xFF, 0xFF, 0xFF, 0xCB, 0x17, 0x00, 0x00, 0x00, 0x00, 0x00, 0x16,
0x3A, 0x4C, 0xFB, 0xE0, 0x63, 0x08, 0x00, 0x00, 0x00, 0x00, 0x0D, 0x0A, 0x00, 0x00, 0x10, 0xFE,
0xA8, 0x00, 0x00, 0x00, 0x00, 0x00, 0x00, 0x78, 0xE7, 0x95, 0x79, 0xC1, 0xFF, 0x6F, 0x00, 0x00,
0x00, 0x00, 0x00, 0x00, 0x4A, 0xB7, 0xE6, 0xFA, 0xE4, 0x8A, 0x05, 0x00, 0x00, 0x00, 0x00, 0x00,
0x00, 0x00, 0x33, 0x9D, 0xDC, 0xF6, 0xED, 0xCE, 0x7A, 0x10, 0x00, 0x00, 0x00, 0x00, 0x00, 0xFC,
0xBC, 0x00, 0x00, 0x75, 0xFC, 0xEF, 0x98, 0x71, 0x7D, 0xC0, 0xFF, 0xDF, 0x2A, 0x00, 0x00, 0x00,
0x00, 0xFC, 0xBC, 0x00, 0x4E, 0xFF, 0xCB, 0x16, 0x00, 0x00, 0x00, 0x00, 0x58, 0xFD, 0xD6, 0x06,
0x00, 0x00, 0x00, 0xFC, 0xBC, 0x00, 0xCE, 0xFB, 0x21, 0x00, 0x00, 0x00, 0x00, 0x00, 0x00, 0x97,
0xFF, 0x54, 0x00, 0x00, 0x00, 0xFC, 0xBC, 0x16, 0xFF, 0xBA, 0x00, 0x00, 0x00, 0x00, 0x00, 0x00,
0x00, 0x3B, 0xFF, 0x96, 0x00, 0x00, 0x00, 0xFC, 0xBC, 0x30, 0xFF, 0x97, 0x00, 0x00, 0x00, 0x00,
0x00, 0x00, 0x00, 0x1B, 0xFF, 0xAD, 0x00, 0x00, 0x00, 0xFC, 0xBC, 0x24, 0xFF, 0xA8, 0x00, 0x00,
0x00, 0x00, 0x00, 0x00, 0x00, 0x28, 0xFF, 0x9B, 0x00, 0x00, 0x00, 0xFC, 0xBC, 0x03, 0xEC, 0xE4,
0x04, 0x00, 0x00, 0x00, 0x00, 0x00, 0x00, 0x6F, 0xFF, 0x5A, 0x00, 0x00, 0x00, 0xFC, 0xBC, 0x00,
0x8C, 0xFF, 0x75, 0x00, 0x00, 0x00, 0x00, 0x00, 0x17, 0xED, 0xD0, 0x04, 0x00, 0x00, 0x00, 0xFC,
0xBC, 0x00, 0x0F, 0xDD, 0xFC, 0x73, 0x00, 0x00, 0x00, 0x1A, 0xD7, 0xFF, 0x98, 0x68, 0x68, 0x68,
0x68, 0xFD, 0xBC, 0x00, 0x00, 0x20, 0xD2, 0x8A, 0x00, 0x00, 0x00, 0x0C, 0xE6, 0xFF, 0xFF, 0xFF,
0xFF, 0xFF, 0xFF, 0xFF, 0xBC, 0x00, 0x00, 0x00, 0x06, 0x03, 0x00, 0x00, 0x00, 0x00, 0x00, 0x00,
0x00, 0x00, 0x00, 0x00, 0x00, 0x00, 0x00, 0x00, 0x00, 0x07, 0xA6, 0x51, 0x00, 0x00, 0x00, 0x00,
0x00, 0x4D, 0xB5, 0xE9, 0xFA, 0xEA, 0xC8, 0x73, 0x0F, 0x00, 0x00, 0x00, 0x00, 0xB0, 0xFF, 0x92,
0x00, 0x00, 0x00, 0x00, 0x95, 0xFF, 0xEB, 0x98, 0x79, 0x86, 0xB9, 0xFE, 0xDF, 0x30, 0x00, 0x00,
0x66, 0xFF, 0x9F, 0x00, 0x00, 0x00, 0x00, 0x54, 0xFF, 0xC2, 0x0B, 0x00, 0x00, 0x03, 0x19, 0x37,
0xDC, 0xE0, 0x11, 0x00, 0xD5, 0xF5, 0x0F, 0x00, 0x00, 0x00, 0x00, 0xB2, 0xFF, 0x32, 0x00, 0x01,
0x79, 0xF0, 0xFF, 0xF7, 0xB2, 0xFF, 0x79, 0x15, 0xFF, 0xB1, 0x00, 0x00, 0x00, 0x00, 0x00, 0xDC,
0xF2, 0x01, 0x00, 0x70, 0xFF, 0xC5, 0x66, 0x61, 0xC6, 0xFF, 0xCF, 0x2F, 0xFF, 0x94, 0x00, 0x00,
0x00, 0x00, 0x00, 0xEB, 0xDC, 0x00, 0x00, 0xE3, 0xE2, 0x07, 0x00, 0x00, 0x05, 0xC6, 0xF1, 0x2B,
0xFF, 0xA5, 0x00, 0x00, 0x00, 0x00, 0x00, 0xF9, 0xD2, 0x00, 0x0F, 0xFF, 0xA2, 0x00, 0x00, 0x00,
0x00, 0xAB, 0xFA, 0x08, 0xF9, 0xDA, 0x02, 0x00, 0x00, 0x00, 0x11, 0xFF, 0xBE, 0x00, 0x09, 0xFF,
0xA5, 0x00, 0x00, 0x00, 0x00, 0xCE, 0xE1, 0x00, 0xA9, 0xFF, 0x63, 0x00, 0x00, 0x00, 0x67, 0xFF,
0x85, 0x00, 0x00, 0xD1, 0xE9, 0x0B, 0x00, 0x00, 0x38, 0xFE, 0x9A, 0x00, 0x1B, 0xE4, 0xFC, 0xA2,
0x75, 0x99, 0xFC, 0xE8, 0x18, 0x00, 0x00, 0x4D, 0xFE, 0xD2, 0x7F, 0x94, 0xF5, 0xEF, 0x1E, 0x00,
0x00, 0x19, 0x97, 0xE3, 0xFB, 0xEA, 0xA6, 0x21, 0x00, 0x00, 0x00, 0x00, 0x4D, 0xCB, 0xF6, 0xEC,
0xAB, 0x25, 0x00, 0x00, 0x00, 0x00, 0x00, 0x00, 0x00, 0x00, 0x00, 0x00, 0x2C, 0xBE, 0xF6, 0xE9,
0x99, 0x0C, 0x00, 0x00, 0x00, 0x00, 0x6E, 0xFF, 0x90, 0x00, 0x00, 0x00, 0x00, 0x00, 0x00, 0x00,
0x00, 0x0B, 0xE7, 0xE6, 0x76, 0xAE, 0xFF, 0x8F, 0x00, 0x00, 0x00, 0x16, 0xF0, 0xFF, 0x90, 0x00,
0x00, 0x00, 0x00, 0x00, 0x00, 0x00, 0x00, 0x4B, 0xFF, 0x6F, 0x00, 0x07, 0xF2, 0xCF, 0x00, 0x00,
0x02, 0xB7, 0xE8, 0xFF, 0x90, 0x00, 0x00, 0x00, 0x02, 0x14, 0x04, 0x00, 0x00, 0x3F, 0xFF, 0x8B,
0x00, 0x00, 0xDA, 0xDE, 0x00, 0x0A, 0xA9, 0xFE, 0x64, 0xFF, 0x90, 0x00, 0x0D, 0x96, 0xF4, 0xFF,
0xFC, 0xB2, 0x1E, 0x04, 0xD8, 0xF5, 0x6D, 0x29, 0xDC, 0xE8, 0x74, 0xDF, 0xFC, 0x5E, 0x27, 0xFF,
0x90, 0x00, 0xB7, 0xFE, 0x99, 0x57, 0x81, 0xF6, 0xDD, 0x0B, 0x21, 0xBF, 0xFF, 0xFF, 0xFF, 0xFF,
0xFB, 0xB7, 0x2F, 0x00, 0x28, 0xFF, 0x90, 0x2F, 0xFF, 0x9D, 0x00, 0x00, 0x00, 0x6F, 0xFF, 0x60,
0x00, 0x00, 0x1B, 0x3E, 0xE3, 0xE6, 0x0D, 0x00, 0x00, 0x00, 0x28, 0xFF, 0x90, 0x54, 0xFF, 0x59,
0x00, 0x00, 0x00, 0x30, 0xFF, 0x82, 0x00, 0x00, 0x00, 0x00, 0xD8, 0xE0, 0x00, 0x00, 0x00, 0x00,
0x28, 0xFF, 0x90, 0x3B, 0xFF, 0x75, 0x00, 0x00, 0x00, 0x4A, 0xFF, 0x5F, 0x00, 0x00, 0x00, 0x00,
0xD8, 0xE0, 0x00, 0x00, 0x00, 0x00, 0x28, 0xFF, 0x90, 0x02, 0xD7, 0xE7, 0x1F, 0x00, 0x00, 0xB4,
0xFE, 0x73, 0x68, 0x68, 0x68, 0x68, 0xE8, 0xED, 0x68, 0x68, 0x68, 0x68, 0x7F, 0xFF, 0x90, 0x00,
0x2D, 0xDC, 0x26, 0x00, 0x00, 0xB7, 0xFF, 0xFF, 0xFF, 0xFF, 0xFF, 0xFF, 0xFF, 0xFF, 0xFF, 0xFF,
0xFF, 0xFF, 0xFF, 0xFF, 0x90, 0x00, 0x00, 0x04, 0x00, 0x00, 0x00, 0x00, 0x00, 0x00, 0x00, 0x00,
0x00, 0x00, 0x00, 0x00, 0x00, 0x00, 0x00, 0x00, 0x00, 0x00, 0x00, 0x00, 0x00, 0x0A, 0x7D, 0xD6,
0xF6, 0xEA, 0x9C, 0x0F, 0x02, 0x75, 0xDA, 0xF9, 0xE1, 0x86, 0x06, 0x00, 0x00, 0x00, 0x0B, 0xBA,
0x38, 0x00, 0x00, 0x00, 0x0B, 0xCB, 0xFF, 0xB9, 0x7A, 0x94, 0xF6, 0xC8, 0x96, 0xFD, 0xA1, 0x7D,
0xC2, 0xFF, 0x9E, 0x00, 0x00, 0x00, 0x2F, 0xEA, 0xF5, 0x2E, 0x00, 0x00, 0x8D, 0xFF, 0x7E, 0x00,
0x00, 0x00, 0x4C, 0xFF, 0xFF, 0x76, 0x00, 0x00, 0x01, 0xC6, 0xFE, 0x1B, 0x00, 0x00, 0x00, 0x2F,
0xF6, 0xD7, 0x02, 0x05, 0xEE, 0xDF, 0x03, 0x00, 0x00, 0x00, 0x01, 0xE6, 0xFF, 0x11, 0x00, 0x00,
0x00, 0x7A, 0xFF, 0x4B, 0x00, 0x00, 0x00, 0x00, 0x8C, 0xFF, 0x4B, 0x25, 0xFF, 0x9E, 0x00, 0x00,
0x00, 0x00, 0x00, 0xC9, 0xF8, 0x00, 0x00, 0x00, 0x00, 0x62, 0xFF, 0x5C, 0x00, 0x00, 0x00, 0x00,
0x39, 0xFF, 0x8B, 0x31, 0xFF, 0x95, 0x00, 0x00, 0x00, 0x00, 0x00, 0xC4, 0xF4, 0x00, 0x00, 0x00,
0x00, 0x5C, 0xFF, 0x60, 0x00, 0x00, 0x00, 0x00, 0x1C, 0xFF, 0xA6, 0x1A, 0xFF, 0xB2, 0x00, 0x00,
0x00, 0x00, 0x00, 0xC4, 0xF4, 0x00, 0x00, 0x00, 0x00, 0x57, 0xFF, 0x67, 0x00, 0x00, 0x00, 0x00,
0x2E, 0xFF, 0xA2, 0x00, 0xDB, 0xF6, 0x12, 0x00, 0x00, 0x00, 0x00, 0xC4, 0xF4, 0x00, 0x00, 0x00,
0x00, 0x45, 0xFF, 0x82, 0x00, 0x00, 0x00, 0x00, 0x67, 0xFF, 0x78, 0x00, 0x69, 0xFF, 0xA7, 0x00,
0x00, 0x00, 0x00, 0xC4, 0xF4, 0x00, 0x00, 0x00, 0x00, 0x13, 0xF9, 0xD4, 0x08, 0x00, 0x00, 0x10,
0xDF, 0xFC, 0x21, 0x00, 0x02, 0xB3, 0xFF, 0x99, 0x00, 0x00, 0x00, 0xC4, 0xF4, 0x00, 0x00, 0x00,
0x00, 0x00, 0x86, 0xFF, 0xCE, 0x7A, 0x81, 0xDF, 0xFF, 0x74, 0x00, 0x00, 0x00, 0x05, 0xA0, 0x3A,
0x00, 0x00, 0x00, 0xC4, 0xF4, 0x00, 0x00, 0x00, 0x00, 0x00, 0x01, 0x6B, 0xD3, 0xF8, 0xF3, 0xC1,
0x4F, 0x00, 0x00, 0x00, 0x00, 0x00, 0x00, 0x00, 0x00, 0x00, 0x00, 0x00, 0x00, 0x00, 0x00, 0x00,
0x18, 0x81, 0xD1, 0xEF, 0xF5, 0xDB, 0x9A, 0x2D, 0x00, 0x00, 0x00, 0x00, 0x00, 0x00, 0x00, 0x00,
0x00, 0x00, 0x00, 0x00, 0x00, 0x00, 0x3D, 0xEA, 0xFE, 0xBC, 0x82, 0x7C, 0xA9, 0xF8, 0xF9, 0x5F,
0x00, 0x00, 0x00, 0x00, 0x00, 0x00, 0x00, 0x00, 0x00, 0x00, 0x00, 0x00, 0x19, 0xEB, 0xF5, 0x47,
0x00, 0x00, 0x00, 0x00, 0x29, 0xE3, 0xF9, 0x2F, 0x00, 0x00, 0x00, 0x04, 0x18, 0x07, 0x00, 0x00,
0x00, 0x00, 0x00, 0x83, 0xFF, 0x71, 0x00, 0x00, 0x00, 0x00, 0x00, 0x00, 0x4B, 0xFF, 0xA1, 0x00,
0x0D, 0x97, 0xF5, 0xFF, 0xFD, 0xB6, 0x21, 0x00, 0x00, 0x00, 0xC8, 0xFD, 0x0E, 0x00, 0x00, 0x00,
0x00, 0x00, 0x00, 0x02, 0xEB, 0xE5, 0x00, 0xB9, 0xFF, 0x9D, 0x5B, 0x85, 0xF7, 0xE0, 0x0C, 0x00,
0x00, 0xE1, 0xE7, 0x00, 0x00, 0x00, 0x00, 0x00, 0x00, 0x00, 0x00, 0xCC, 0xFB, 0x30, 0xFF, 0x9E,
0x00, 0x00, 0x00, 0x70, 0xFF, 0x62, 0x00, 0x00, 0xD0, 0xF6, 0x00, 0x00, 0x00, 0x00, 0x00, 0x00,
0x00, 0x00, 0xDD, 0xE6, 0x54, 0xFF, 0x59, 0x00, 0x00, 0x00, 0x30, 0xFF, 0x82, 0x00, 0x00, 0x90,
0xFF, 0x37, 0x00, 0x00, 0x00, 0x00, 0x00, 0x00, 0x20, 0xFC, 0xBA, 0x3A, 0xFF, 0x76, 0x00, 0x00,
0x00, 0x4A, 0xFF, 0x5D, 0x00, 0x00, 0x20, 0xF6, 0xC0, 0x04, 0x00, 0x00, 0x00, 0x00, 0x00, 0xA9,
0xFF, 0x50, 0x02, 0xD5, 0xE7, 0x21, 0x00, 0x00, 0xB5, 0xFE, 0x7A, 0x70, 0x70, 0x70, 0xC0, 0xFF,
0xB5, 0x05, 0x00, 0x00, 0x07, 0x9E, 0xFF, 0xA9, 0x01, 0x00, 0x2C, 0xDB, 0x24, 0x00, 0x00, 0xB6,
0xFF, 0xFF, 0xFF, 0xFF, 0xFF, 0xFF, 0xFF, 0xB1, 0x00, 0x00, 0x00, 0x02, 0xBA, 0xA5, 0x09, 0x00,
0x00, 0x00, 0x04, 0x00, 0x00, 0x00, 0x00, 0x00, 0x00, 0x00, 0x00, 0x00, 0x00, 0x00, 0x00, 0x00,
0x00, 0x00, 0x00, 0x09, 0x00, 0x00, 0x00, 0x00, 0x00, 0x00, 0x00, 0x15, 0x00, 0x00, 0x00, 0x00,
0x00, 0x00, 0x00, 0x00, 0x00, 0x00, 0x00, 0x00, 0x00, 0x00, 0x0A, 0xF2, 0xA6, 0x00, 0x00, 0x00,
0x00, 0x00, 0x00, 0x00, 0x00, 0x00, 0x00, 0x00, 0x00, 0x00, 0x5E, 0xFF, 0x69, 0x00, 0x00, 0x00,
0x00, 0x00, 0x00, 0x00, 0x00, 0x00, 0x00, 0x00, 0x00, 0x00, 0xBF, 0xF7, 0x10, 0x00, 0x00, 0x00,
0x00, 0x00, 0x00, 0x00, 0x00, 0x00, 0x00, 0x00, 0x00, 0x20, 0xFE, 0xA7, 0x00, 0x00, 0x00, 0x00,
0x00, 0x00, 0x00, 0x00, 0x00, 0x00, 0x00, 0x00, 0x00, 0x80, 0xFF, 0x46, 0x00, 0x00, 0x00, 0x00,
0x00, 0x00, 0x00, 0x00, 0x00, 0x00, 0x00, 0x00, 0x01, 0xDF, 0xE3, 0x02, 0x00, 0x00, 0x00, 0x00,
0x00, 0x00, 0x00, 0x00, 0x00, 0x00, 0x00, 0x00, 0x42, 0xFF, 0x84, 0x00, 0x00, 0x00, 0x00, 0x00,
0x00, 0x00, 0x00, 0x00, 0x00, 0x00, 0x00, 0x00, 0xA2, 0xFF, 0x24, 0x00, 0x00, 0x00, 0x00, 0x00,
0x00, 0x00, 0x00, 0x00, 0x00, 0x00, 0x00, 0x0D, 0xF5, 0xC2, 0x00, 0x00, 0x00, 0x00, 0x00, 0x00,
0x00, 0x00, 0x00, 0x00, 0x00, 0x00, 0x00, 0x64, 0xFF, 0xB2, 0x70, 0x70, 0x70, 0x70, 0x70, 0x70,
0x70, 0x70, 0x70, 0x70, 0x70, 0x70, 0x0E, 0x31, 0xF3, 0xFF, 0xFF, 0xFF, 0xFF, 0xFF, 0xFF, 0xFF,
0xFF, 0xFF, 0xFF, 0xFF, 0xFF, 0xFF, 0x20, 0x00, 0x00, 0x00, 0x00, 0x00, 0x00, 0x00, 0x3C, 0xFF,
0x84, 0x00, 0x00, 0x00, 0x00, 0x00, 0x00, 0x00, 0x00, 0x00, 0x00, 0x00, 0x00, 0x00, 0x3C, 0xFF,
0x84, 0x00, 0x00, 0x00, 0x00, 0x00, 0x00, 0x00, 0x00, 0x00, 0x00, 0x00, 0x00, 0x00, 0x3C, 0xFF,
0x84, 0x00, 0x00, 0x00, 0x00, 0x00, 0x00, 0x00, 0x00, 0x00, 0x00, 0x00, 0x00, 0x00, 0x3B, 0xFC,
0x81, 0x00, 0x00, 0x00, 0x00, 0x00, 0x00, 0x48, 0xFF, 0x28, 0x48, 0xFF, 0x28, 0x48, 0xFF, 0x28,
0x48, 0xFF, 0x28, 0x48, 0xFF, 0x28, 0x48, 0xFF, 0x28, 0x00, 0x00, 0x11, 0x05, 0x00, 0x00, 0x1D,
0xC8, 0xFF, 0xF9, 0x7C, 0x00, 0xAB, 0xE8, 0x62, 0x92, 0xFF, 0x3E, 0xE0, 0x8B, 0x00, 0x00, 0xF6,
0x74, 0xBD, 0xD4, 0x31, 0x63, 0xFF, 0x4F, 0x33, 0xEA, 0xFF, 0xFF, 0xAC, 0x01, 0x00, 0x0E, 0x41,
0x2F, 0x00, 0x00, 0x00, 0x00, 0x00, 0x00, 0x00, 0x00, 0x00, 0x00, 0x05, 0x17, 0x01, 0x00, 0x00,
0x00, 0x00, 0x00, 0x00, 0x00, 0x00, 0x00, 0x07, 0x94, 0xF5, 0xFF, 0xF4, 0x7A, 0x00, 0x00, 0x00,
0x00, 0x00, 0x00, 0x00, 0x00, 0x93, 0xFF, 0xAF, 0x5D, 0xB6, 0xFF, 0x65, 0x00, 0x00, 0x00, 0x00,
0x00, 0x00, 0x08, 0xF6, 0xDA, 0x02, 0x00, 0x0D, 0xF0, 0xDE, 0x01, 0x00, 0x00, 0x00, 0x00, 0x00,
0x29, 0xFF, 0xA0, 0x00, 0x00, 0x00, 0x33, 0x1C, 0x00, 0x00, 0x00, 0x00, 0x00, 0x00, 0x38, 0xFF,
0x8F, 0x00, 0x00, 0x00, 0x00, 0x00, 0x00, 0x00, 0x00, 0x00, 0x00, 0x00, 0x3C, 0xFF, 0x8C, 0x00,
0x00, 0x00, 0x00, 0x00, 0x00, 0x00, 0x00, 0x00, 0x00, 0x00, 0x3C, 0xFF, 0x8C, 0x00, 0x00, 0x00,
0x00, 0x00, 0x00, 0x00, 0x00, 0x00, 0x00, 0x00, 0x3C, 0xFF, 0x8C, 0x00, 0x00, 0x00, 0x00, 0x00,
0x00, 0x00, 0x00, 0x00, 0x00, 0x00, 0x3C, 0xFF, 0x8C, 0x00, 0x00, 0x00, 0x00, 0x00, 0x00, 0x00,
0x00, 0x00, 0x00, 0x00, 0x3C, 0xFF, 0x8C, 0x00, 0x00, 0x00, 0x00, 0x00, 0x00, 0x00, 0x00, 0x00,
0x00, 0x00, 0x3C, 0xFF, 0x8C, 0x00, 0x00, 0x00, 0x00, 0x00, 0x00, 0x00, 0x00, 0x00, 0x00, 0x00,
0x3C, 0xFF, 0x8C, 0x00, 0x00, 0x00, 0x00, 0x00, 0x00, 0x00, 0x00, 0x00, 0x00, 0x00, 0x3C, 0xFF,
0x8C, 0x00, 0x00, 0x00, 0x00, 0x00, 0x00, 0x00, 0x00, 0x00, 0x00, 0x00, 0x3C, 0xFF, 0x8C, 0x00,
0x00, 0x00, 0x00, 0x00, 0x00, 0x00, 0x00, 0x00, 0x00, 0x00, 0x3C, 0xFF, 0x8C, 0x00, 0x00, 0x00,
0x00, 0x00, 0x00, 0x00, 0x00, 0x00, 0x00, 0x00, 0x3D, 0xFF, 0x87, 0x00, 0x00, 0x00, 0x00, 0x00,
0x00, 0x00, 0x00, 0x00, 0x00, 0x00, 0x47, 0xFF, 0x6F, 0x00, 0x00, 0x00, 0x00, 0x00, 0x00, 0x6B,
0xD1, 0x30, 0x00, 0x00, 0x7B, 0xFF, 0x4F, 0x00, 0x00, 0x00, 0x00, 0x00, 0x00, 0x43, 0xFF, 0xC2,
0x30, 0x51, 0xED, 0xEB, 0x0C, 0x00, 0x00, 0x00, 0x00, 0x00, 0x00, 0x00, 0x75, 0xFA, 0xFF, 0xFF,
0xE4, 0x3D, 0x00, 0x00, 0x00, 0x00, 0x00, 0x00, 0x00, 0x00, 0x00, 0x18, 0x44, 0x3E, 0x09, 0x00,
0x00, 0x00, 0x00, 0x00, 0x00, 0x00, 0x00, 0x00, 0x00, 0x00, 0x00, 0x00, 0x00, 0x00, 0x00, 0x00,
0x00, 0x00, 0x00, 0x5E, 0xCE, 0xF6, 0xEE, 0xB0, 0x2B, 0x00, 0x00, 0x00, 0x00, 0x00, 0x00, 0xA6,
0x18, 0x00, 0x00, 0x00, 0x00, 0x00, 0x82, 0xFF, 0xCA, 0x79, 0x90, 0xF3, 0xF2, 0x2A, 0x00, 0x00,
0x8E, 0x30, 0x00, 0x00, 0x00, 0x10, 0xAF, 0x04, 0x00, 0x2C, 0xFD, 0xC7, 0x08, 0x00, 0x00, 0x3C,
0xFF, 0xB3, 0x00, 0x00, 0x00, 0x00, 0x00, 0x00, 0x00, 0x00, 0x00, 0x00, 0x00, 0x45, 0xB0, 0x3E,
0x00, 0x00, 0x00, 0x00, 0xCB, 0xFB, 0x09, 0x00, 0x00, 0x00, 0x00, 0x00, 0x00, 0x00, 0x00, 0x00,
0x00, 0x00, 0x00, 0x00, 0x00, 0x00, 0x00, 0x00, 0x99, 0xFF, 0x27, 0x8C, 0x37, 0x00, 0x00, 0x00,
0x00, 0x00, 0x10, 0xAD, 0x02, 0x00, 0x00, 0x00, 0x00, 0x00, 0x00, 0x00, 0x85, 0xFF, 0x3C, 0x00,
0x00, 0x00, 0x00, 0x00, 0x00, 0x00, 0x00, 0x00, 0x00, 0x00, 0x00, 0x00, 0x00, 0x00, 0x00, 0x00,
0x94, 0xFF, 0x26, 0x00, 0x00, 0x00, 0x00, 0x00, 0x00, 0x00, 0x00, 0x00, 0x00, 0x51, 0xB1, 0x2E,
0x00, 0x00, 0x00, 0x00, 0xCA, 0xFA, 0x09, 0x00, 0x8E, 0x30, 0x00, 0x0B, 0x00, 0x10, 0xAF, 0x04,
0x00, 0x4B, 0xFF, 0xB1, 0x01, 0x00, 0x00, 0x45, 0xFF, 0xB0, 0x00, 0x00, 0x00, 0x00, 0x00, 0xC5,
0x1E, 0x00, 0x00, 0x00, 0x00, 0x00, 0xAA, 0xFF, 0xB8, 0x78, 0x99, 0xF7, 0xEE, 0x25, 0x00, 0x00,
0x00, 0x00, 0x00, 0x00, 0x00, 0x00, 0x00, 0x00, 0x00, 0x00, 0x04, 0x7A, 0xDB, 0xF9, 0xEB, 0xAA,
0x26, 0x00, 0x00, 0x00, 0x00, 0x00, 0x00, 0x00, 0x00, 0x00, 0x00, 0x09, 0x16, 0x01, 0x00, 0x00,
0x00, 0x00, 0x00, 0x00, 0x00, 0x00, 0x00, 0x12, 0xA8, 0xFB, 0xFF, 0xF1, 0x7D, 0x00, 0x00, 0x00,
0x00, 0x00, 0x00, 0x00, 0x00, 0xB6, 0xFF, 0x98, 0x5F, 0xBC, 0xFF, 0x71, 0x00, 0x00, 0x00, 0x00,
0x00, 0x00, 0x18, 0xFF, 0xAC, 0x00, 0x00, 0x0A, 0xEF, 0xDE, 0x00, 0x00, 0x00, 0x00, 0x00, 0x00,
0x32, 0xFF, 0x85, 0x00, 0x00, 0x00, 0xBB, 0xFF, 0x0A, 0x00, 0x00, 0x00, 0x00, 0x00, 0x11, 0x61,
0x22, 0x00, 0x00, 0x00, 0xA1, 0xFF, 0x1C, 0x00, 0x00, 0x00, 0x00, 0x00, 0x00, 0x00, 0x00, 0x00,
0x00, 0x00, 0x97, 0xFF, 0x23, 0x00, 0x00, 0x00, 0x00, 0x00, 0x00, 0x00, 0x00, 0x00, 0x00, 0x00,
0x94, 0xFF, 0x24, 0x00, 0x00, 0x00, 0x00, 0xA6, 0x18, 0x00, 0x00, 0x00, 0x00, 0x00, 0x94, 0xFF,
0x24, 0x00, 0x8E, 0x30, 0x00, 0x00, 0x00, 0x10, 0xAF, 0x04, 0x00, 0x00, 0x94, 0xFF, 0x24, 0x00,
0x00, 0x00, 0x00, 0x00, 0x00, 0x00, 0x00, 0x00, 0x00, 0x00, 0x94, 0xFF, 0x24, 0x00, 0x00, 0x00,
0x00, 0x00, 0x00, 0x00, 0x00, 0x00, 0x00, 0x00, 0x94, 0xFF, 0x24, 0x8C, 0x37, 0x00, 0x00, 0x00,
0x00, 0x00, 0x10, 0xAD, 0x02, 0x00, 0x94, 0xFF, 0x24, 0x00, 0x00, 0x00, 0x00, 0x00, 0x00, 0x00,
0x00, 0x00, 0x00, 0x00, 0x94, 0xFF, 0x24, 0x00, 0x00, 0x00, 0x00, 0x00, 0x00, 0x00, 0x00, 0x00,
0x00, 0x00, 0x94, 0xFF, 0x24, 0x00, 0x8E, 0x30, 0x00, 0x0B, 0x00, 0x10, 0xAF, 0x04, 0x00, 0x00,
0x94, 0xFF, 0x24, 0x00, 0x00, 0x00, 0x00, 0xC5, 0x1E, 0x00, 0x00, 0x00, 0x00, 0x00, 0x94, 0xFF,
0x24, 0x00, 0x00, 0x00, 0x00, 0x00, 0x00, 0x00, 0x00, 0x00, 0x00, 0x00, 0x94, 0xFF, 0x24, 0x00,
0x00, 0x00, 0x00, 0x00, 0x00, 0x00, 0x14, 0x0E, 0x00, 0x00, 0x00, 0x00, 0x00, 0x00, 0x00, 0x00,
0x00, 0x00, 0x7B, 0xEE, 0xFF, 0xFF, 0xEF, 0xA3, 0x1E, 0x00, 0x00, 0x00, 0x00, 0x00, 0x00, 0x67,
0xFF, 0xA5, 0x58, 0xE3, 0xEB, 0xFB, 0xE6, 0x1F, 0x00, 0x00, 0x00, 0x00, 0x00, 0xAE, 0xE0, 0x00,
0x00, 0x98, 0xD3, 0x4D, 0xFF, 0x9C, 0x00, 0x00, 0x00, 0x00, 0x00, 0x94, 0xF8, 0x48, 0x34, 0xDA,
0xBC, 0x00, 0xD9, 0xE5, 0x00, 0x00, 0x00, 0x00, 0x00, 0x1C, 0xDA, 0xFF, 0xFF, 0xF1, 0x3C, 0x00,
0xAD, 0xFF, 0x0D, 0x00, 0x00, 0x00, 0x00, 0x00, 0x06, 0x3E, 0x44, 0x0F, 0x00, 0x00, 0x9B, 0xFF,
0x1C, 0x00, 0x00, 0x00, 0x00, 0x00, 0x00, 0x00, 0x00, 0x00, 0x00, 0x00, 0x94, 0xFF, 0x24, 0x00,
0x00, 0x00, 0x00, 0xA6, 0x18, 0x00, 0x00, 0x00, 0x00, 0x00, 0x94, 0xFF, 0x24, 0x00, 0x8E, 0x30,
0x00, 0x00, 0x00, 0x10, 0xAF, 0x04, 0x00, 0x00, 0x94, 0xFF, 0x24, 0x00, 0x00, 0x00, 0x00, 0x00,
0x00, 0x00, 0x00, 0x00, 0x00, 0x00, 0x94, 0xFF, 0x24, 0x00, 0x00, 0x00, 0x00, 0x00, 0x00, 0x00,
0x00, 0x00, 0x00, 0x00, 0x94, 0xFF, 0x24, 0x8C, 0x37, 0x00, 0x00, 0x00, 0x00, 0x00, 0x10, 0xAD,
0x02, 0x00, 0x94, 0xFF, 0x24, 0x00, 0x00, 0x00, 0x00, 0x00, 0x00, 0x00, 0x00, 0x00, 0x00, 0x00,
0x94, 0xFF, 0x24, 0x00, 0x00, 0x00, 0x00, 0x00, 0x00, 0x00, 0x00, 0x00, 0x00, 0x00, 0x94, 0xFF,
0x24, 0x00, 0x8E, 0x30, 0x00, 0x0B, 0x00, 0x10, 0xAF, 0x04, 0x00, 0x00, 0x94, 0xFF, 0x24, 0x00,
0x00, 0x00, 0x00, 0xC5, 0x1E, 0x00, 0x00, 0x00, 0x00, 0x00, 0x94, 0xFF, 0x24, 0x00, 0x00, 0x00,
0x00, 0x00, 0x00, 0x00, 0x00, 0x00, 0x00, 0x00, 0x94, 0xFF, 0x24, 0x00, 0x00, 0x00, 0x00, 0x00,
0x00, 0x00, 0x00, 0x00, 0x00, 0x7C, 0xF5, 0xF3, 0xBA, 0x23, 0x00, 0x00, 0x00, 0x00, 0x00, 0x00,
0xA6, 0x18, 0x00, 0x00, 0x00, 0x00, 0x43, 0x7F, 0x99, 0xFE, 0xD0, 0x00, 0x00, 0x00, 0x8E, 0x30,
0x00, 0x00, 0x00, 0x10, 0xAF, 0x04, 0x00, 0x00, 0x00, 0x00, 0xB0, 0xFF, 0x21, 0x00, 0x00, 0x00,
0x00, 0x00, 0x00, 0x00, 0x00, 0x00, 0x00, 0x00, 0x00, 0x00, 0x00, 0x89, 0xFF, 0x37, 0x00, 0x00,
0x00, 0x00, 0x00, 0x00, 0x00, 0x00, 0x00, 0x00, 0x00, 0x00, 0x00, 0x00, 0x92, 0xFF, 0x29, 0x00,
0x8C, 0x37, 0x00, 0x00, 0x00, 0x00, 0x00, 0x10, 0xAD, 0x02, 0x00, 0x00, 0x00, 0xB2, 0xFD, 0x09,
0x00, 0x00, 0x00, 0x00, 0x00, 0x00, 0x00, 0x00, 0x00, 0x00, 0x00, 0x00, 0x00, 0x00, 0xE1, 0xD5,
0x00, 0x00, 0x00, 0x00, 0x00, 0x00, 0x00, 0x00, 0x00, 0x00, 0x00, 0x00, 0x00, 0x00, 0x1D, 0xFF,
0x96, 0x00, 0x00, 0x00, 0x8E, 0x30, 0x00, 0x0B, 0x00, 0x10, 0xAF, 0x04, 0x00, 0x00, 0x00, 0x5A,
0xFF, 0x57, 0x00, 0x00, 0x00, 0x00, 0x00, 0x00, 0xC5, 0x1E, 0x00, 0x00, 0x00, 0x00, 0x07, 0x7C,
0xDE, 0xFF, 0xA1, 0x1B, 0x00, 0x00, 0x00, 0x00, 0x00, 0x00, 0x00, 0x00, 0x00, 0x00, 0x01, 0xBE,
0xFA, 0x9C, 0x90, 0xF0, 0xE1, 0x12, 0x00, 0x00, 0x00, 0x00, 0x00, 0x00, 0x00, 0x00, 0x00, 0x4A,
0xFF, 0x6A, 0x00, 0x00, 0x3C, 0xFF, 0x7C, 0x00, 0x00, 0x00, 0x00, 0x00, 0x00, 0x00, 0x00, 0x00,
0x78, 0xFF, 0x2A, 0x00, 0x00, 0x01, 0xF9, 0xA8, 0x00, 0x00, 0x00, 0x00, 0x00, 0x00, 0x00, 0x00,
0x00, 0x63, 0xFF, 0x47, 0x00, 0x00, 0x18, 0xFF, 0x91, 0x00, 0x00, 0x00, 0x00, 0x00, 0x00, 0x00,
0x00, 0x00, 0x1B, 0xF2, 0xD6, 0x42, 0x34, 0xBB, 0xFE, 0x3E, 0x00, 0x00, 0x00, 0x00, 0x00, 0x00,
0x00, 0x00, 0x00, 0x00, 0x4C, 0xEB, 0xFF, 0xFF, 0xF6, 0x6C, 0x00, 0x00, 0x00, 0x00, 0x00, 0x00,
0x00, 0x00, 0x00, 0x00, 0x00, 0x00, 0x0A, 0x37, 0x3E, 0x10, 0x00, 0x00, 0x00, 0x00, 0x00, 0x00,
0x00, 0x00, 0x00, 0x00, 0x00, 0x00, 0x7C, 0xF5, 0xF4, 0xBC, 0x25, 0x00, 0x00, 0x00, 0x00, 0x00,
0x00, 0xA6, 0x18, 0x00, 0x00, 0x00, 0x00, 0x44, 0x80, 0x99, 0xFE, 0xD3, 0x00, 0x00, 0x00, 0x8E,
0x30, 0x00, 0x00, 0x00, 0x10, 0xAF, 0x04, 0x00, 0x00, 0x00, 0x00, 0xB0, 0xFF, 0x24, 0x00, 0x00,
0x00, 0x00, 0x00, 0x00, 0x00, 0x00, 0x00, 0x00, 0x00, 0x00, 0x00, 0x00, 0x89, 0xFF, 0x37, 0x00,
0x00, 0x00, 0x00, 0x00, 0x00, 0x00, 0x00, 0x00, 0x00, 0x00, 0x00, 0x00, 0x00, 0x92, 0xFF, 0x26,
0x00, 0x8C, 0x37, 0x00, 0x00, 0x00, 0x00, 0x00, 0x10, 0xAD, 0x02, 0x00, 0x00, 0x00, 0xB2, 0xFB,
0x05, 0x00, 0x00, 0x00, 0x00, 0x00, 0x00, 0x00, 0x00, 0x00, 0x00, 0x00, 0x00, 0x00, 0x00, 0xE1,
0xCB, 0x00, 0x00, 0x00, 0x00, 0x00, 0x00, 0x00, 0x00, 0x00, 0x00, 0x00, 0x00, 0x00, 0x00, 0x1D,
0xFF, 0x8A, 0x00, 0x00, 0x00, 0x8E, 0x30, 0x00, 0x0B, 0x00, 0x10, 0xAF, 0x04, 0x00, 0x00, 0x00,
0x5A, 0xFF, 0x4A, 0x00, 0x00, 0x00, 0x00, 0x00, 0x00, 0xC5, 0x1E, 0x00, 0x00, 0x00, 0x00, 0x07,
0x7C, 0xDE, 0xFF, 0xD0, 0x3E, 0x00, 0x00, 0x00, 0x00, 0x00, 0x00, 0x00, 0x00, 0x00, 0x00, 0x01,
0xBE, 0xE9, 0x46, 0x3D, 0xD6, 0xF6, 0x22, 0x00, 0x00, 0x00, 0x00, 0x00, 0x00, 0x00, 0x00, 0x00,
0x4A, 0xF8, 0xF0, 0x3E, 0x35, 0xE0, 0xFA, 0x89, 0x00, 0x00, 0x00, 0x00, 0x00, 0x00, 0x00, 0x00,
0x00, 0x78, 0xD5, 0xA8, 0xFF, 0xFF, 0xD1, 0xB6, 0xAB, 0x00, 0x00, 0x00, 0x00, 0x00, 0x00, 0x00,
0x00, 0x00, 0x63, 0xF4, 0x0E, 0x39, 0x41, 0x0A, 0xDB, 0x98, 0x00, 0x00, 0x00, 0x00, 0x00, 0x00,
0x00, 0x00, 0x00, 0x1C, 0xF4, 0xB8, 0x39, 0x33, 0xA5, 0xFF, 0x3F, 0x00, 0x00, 0x00, 0x00, 0x00,
0x00, 0x00, 0x00, 0x00, 0x00, 0x4F, 0xEC, 0xFF, 0xFF, 0xF7, 0x6E, 0x00, 0x00, 0x00, 0x00, 0x00,
0x00, 0x00, 0x00, 0x00, 0x00, 0x00, 0x00, 0x0B, 0x37, 0x46, 0x13, 0x00, 0x00, 0x00, 0x00, 0x00,
0x00, 0x00, 0x00, 0x00, 0x00, 0x00, 0x00, 0x00, 0x00, 0xD5, 0xE6, 0x09, 0x00, 0x00, 0x00, 0x00,
0xA6, 0x18, 0x00, 0x00, 0x00, 0x00, 0x00, 0x41, 0xFF, 0x70, 0x00, 0x00, 0x8E, 0x30, 0x00, 0x00,
0x00, 0x10, 0xAF, 0x04, 0x00, 0x00, 0xA6, 0xFB, 0x12, 0x00, 0x00, 0x00, 0x00, 0x00, 0x00, 0x00,
0x00, 0x00, 0x00, 0x00, 0x00, 0xE7, 0xCD, 0x00, 0x00, 0x00, 0x00, 0x00, 0x00, 0x00, 0x00, 0x00,
0x00, 0x00, 0x00, 0x0A, 0xFF, 0xB0, 0x00, 0x00, 0x8C, 0x37, 0x00, 0x00, 0x00, 0x00, 0x00, 0x10,
0xAD, 0x02, 0x12, 0xFF, 0xB0, 0x00, 0x00, 0x00, 0x00, 0x00, 0x00, 0x00, 0x00, 0x00, 0x00, 0x00,
0x00, 0x03, 0xF8, 0xD1, 0x00, 0x00, 0x00, 0x00, 0x00, 0x00, 0x00, 0x00, 0x00, 0x00, 0x00, 0x00,
0x00, 0xC5, 0xFD, 0x19, 0x00, 0x00, 0x8E, 0x30, 0x00, 0x0B, 0x00, 0x10, 0xAF, 0x04, 0x00, 0x00,
0x6F, 0xFF, 0x71, 0x00, 0x00, 0x00, 0x00, 0x00, 0xC5, 0x1E, 0x00, 0x00, 0x00, 0x00, 0x00, 0x17,
0xFB, 0xCD, 0x00, 0x00, 0x00, 0x00, 0x00, 0x00, 0x00, 0x00, 0x00, 0x00, 0x00, 0x00, 0x00, 0xB3,
0xFF, 0x29, 0x00, 0x00, 0x00, 0x00, 0x00, 0x00, 0x00, 0x00, 0x00, 0x04, 0x16, 0x01, 0x5D, 0xFF,
0x7A, 0x00, 0x00, 0x00, 0x00, 0x00, 0x00, 0x00, 0x0E, 0xA4, 0xFB, 0xFF, 0xF3, 0xAA, 0xFF, 0xA9,
0x00, 0x00, 0x00, 0x00, 0x00, 0x00, 0x00, 0x9B, 0xFF, 0x8E, 0x58, 0x78, 0xD9, 0xFF, 0xB5, 0x00,
0x00, 0x00, 0x00, 0x00, 0x00, 0x00, 0xD4, 0xD6, 0x00, 0x00, 0x00, 0x16, 0xFE, 0x98, 0x00, 0x00,
0x00, 0x00, 0x00, 0x00, 0x00, 0xA9, 0xFA, 0x61, 0x26, 0x40, 0xBE, 0xFD, 0x37, 0x00, 0x00, 0x00,
0x00, 0x00, 0x00, 0x00, 0x19, 0xC9, 0xFF, 0xFF, 0xFF, 0xEC, 0x58, 0x00, 0x00, 0x00, 0x00, 0x00,
0x00, 0x00, 0x00, 0x00, 0x00, 0x2B, 0x4A, 0x38, 0x05, 0x00, 0x00, 0x00, 0x00, 0x00, 0x00, 0x00,
0x00, 0x00, 0x00, 0xD6, 0xE6, 0x09, 0x00, 0x00, 0x00, 0x00, 0x00, 0x00, 0x00, 0x46, 0xFF, 0x70,
0x00, 0x00, 0x00, 0x00, 0x00, 0x00, 0x00, 0x00, 0xAC, 0xFB, 0x12, 0x00, 0x00, 0x00, 0x00, 0x00,
0x00, 0x00, 0x00, 0xEC, 0xCD, 0x00, 0x00, 0x00, 0x00, 0x00, 0x00, 0x00, 0x00, 0x0D, 0xFF, 0xB0,
0x00, 0x00, 0x00, 0x00, 0x00, 0x00, 0x00, 0x00, 0x10, 0xFF, 0xB0, 0x00, 0x00, 0x00, 0x00, 0x00,
0x00, 0x00, 0x00, 0x01, 0xF2, 0xD2, 0x00, 0x00, 0x00, 0x00, 0x00, 0x00, 0x00, 0x00, 0x00, 0xB5,
0xFD, 0x1B, 0x00, 0x00, 0x00, 0x00, 0x00, 0x00, 0x00, 0x00, 0x5D, 0xFF, 0x73, 0x00, 0x00, 0x00,
0x00, 0x00, 0x00, 0x00, 0x00, 0x0C, 0xF5, 0xCF, 0x00, 0x00, 0x00, 0x00, 0x00, 0x00, 0x00, 0x00,
0x00, 0xA5, 0xFF, 0x2A, 0x00, 0x00, 0x09, 0x10, 0x00, 0x02, 0x17, 0x03, 0x4D, 0xFF, 0x79, 0x00,
0x84, 0xFC, 0xFD, 0x7A, 0xCD, 0xFF, 0xDD, 0x2D, 0xFF, 0xA8, 0x27, 0xFF, 0xB8, 0x6A, 0xFF, 0xC7,
0x61, 0xF7, 0x79, 0xFF, 0xB4, 0x3D, 0xFF, 0x5E, 0x00, 0x92, 0x4B, 0x00, 0x81, 0x9B, 0xFF, 0x91,
0x09, 0xE8, 0xE5, 0x67, 0x33, 0x24, 0x36, 0x77, 0xEE, 0xF4, 0x26, 0x00, 0x2E, 0xBA, 0xFD, 0xFF,
0xFF, 0xFF, 0xFF, 0xC5, 0x33, 0x00, 0x00, 0x00, 0x00, 0x14, 0x36, 0x4A, 0x40, 0x17, 0x00, 0x00,
0x00, 0x00, 0x00, 0x00, 0x06, 0x62, 0xBA, 0xE4, 0xF9, 0xE6, 0xC0, 0x67, 0x05, 0x00, 0x00, 0x00,
0x00, 0x00, 0x00, 0x00, 0x00, 0x00, 0x00, 0x00, 0x00, 0x00, 0x00, 0x00, 0x27, 0xD1, 0xFE, 0xBE,
0x85, 0x75, 0x8D, 0xD7, 0xFF, 0xCB, 0x15, 0x00, 0x00, 0x00, 0x00, 0x00, 0x00, 0xA6, 0x18, 0x00,
0x00, 0x00, 0x00, 0x00, 0x14, 0xDF, 0xD9, 0x2F, 0x00, 0x00, 0x00, 0x00, 0x01, 0x85, 0xFF, 0xB5,
0x00, 0x00, 0x00, 0x8E, 0x30, 0x00, 0x00, 0x00, 0x10, 0xAF, 0x04, 0x00, 0x00, 0x90, 0xF1, 0x1E,
0x0F, 0x08, 0x00, 0x00, 0x00, 0x00, 0x00, 0xC0, 0xFF, 0x2B, 0x00, 0x00, 0x00, 0x00, 0x00, 0x00,
0x00, 0x00, 0x00, 0x00, 0x00, 0x03, 0xF1, 0xD5, 0xD4, 0xFF, 0xFD, 0xB5, 0x18, 0x00, 0x00, 0x00,
0x66, 0xFF, 0x69, 0x00, 0x00, 0x00, 0x00, 0x00, 0x00, 0x00, 0x00, 0x00, 0x00, 0x00, 0x1D, 0xFF,
0xFD, 0x98, 0x59, 0x94, 0xFF, 0xB4, 0x00, 0x00, 0x00, 0x4A, 0xFF, 0x7C, 0x00, 0x8C, 0x37, 0x00,
0x00, 0x00, 0x00, 0x00, 0x10, 0xAD, 0x02, 0x31, 0xFF, 0x7E, 0x00, 0x00, 0x00, 0xB4, 0xFE, 0x09,
0x00, 0x00, 0x62, 0xFF, 0x62, 0x00, 0x00, 0x00, 0x00, 0x00, 0x00, 0x00, 0x00, 0x00, 0x00, 0x00,
0x1B, 0xFF, 0x95, 0x00, 0x00, 0x00, 0x89, 0xFF, 0x1C, 0x00, 0x00, 0xB2, 0xFF, 0x2D, 0x00, 0x00,
0x00, 0x00, 0x00, 0x00, 0x00, 0x00, 0x00, 0x00, 0x00, 0x00, 0xD7, 0xED, 0x12, 0x00, 0x00, 0xB9,
0xF5, 0x01, 0x00, 0x56, 0xFE, 0xB9, 0x00, 0x00, 0x00, 0x8E, 0x30, 0x00, 0x0B, 0x00, 0x10, 0xAF,
0x04, 0x00, 0x00, 0x4F, 0xFE, 0xDD, 0x82, 0xA5, 0xFF, 0x86, 0x00, 0x5C, 0xFB, 0xE5, 0x1B, 0x00,
0x00, 0x00, 0x00, 0x00, 0x00, 0xC5, 0x1E, 0x00, 0x00, 0x00, 0x00, 0x00, 0x00, 0x4B, 0xC8, 0xF6,
0xDE, 0x80, 0x05, 0x00, 0x1F, 0xB9, 0x20, 0x00, 0x00, 0x00, 0x00, 0x00, 0x00, 0x00, 0x00, 0x00,
0x00, 0x00, 0x00, 0x00, 0x00, 0x00, 0x00, 0x24, 0x8B, 0xCE, 0xF2, 0xFB, 0xE6, 0x9F, 0x16, 0x00,
0x00, 0x00, 0x00, 0x00, 0x00, 0x00, 0x00, 0x00, 0x00, 0x00, 0x00, 0x00, 0x00, 0x70, 0xF9, 0xFC,
0xD1, 0xFF, 0x95, 0x91, 0xF5, 0xC6, 0x00, 0x00, 0x00, 0x00, 0x00, 0x00, 0xA6, 0x18, 0x00, 0x00,
0x00, 0x00, 0x00, 0x5B, 0xFF, 0xD1, 0x23, 0x66, 0xFD, 0x04, 0x00, 0x7D, 0xFF, 0x18, 0x00, 0x00,
0x8E, 0x30, 0x00, 0x00, 0x00, 0x10, 0xAF, 0x04, 0x00, 0x00, 0xDE, 0xF7, 0x20, 0x00, 0x57, 0xFF,
0x6D, 0x2B, 0xBB, 0xF8, 0x0C, 0x00, 0x00, 0x00, 0x00, 0x00, 0x00, 0x00, 0x00, 0x00, 0x00, 0x00,
0x20, 0xFF, 0xB5, 0x00, 0x00, 0x08, 0xC5, 0xFF, 0xFF, 0xFC, 0x6F, 0x00, 0x00, 0x00, 0x00, 0x00,
0x00, 0x00, 0x00, 0x00, 0x00, 0x00, 0x00, 0x31, 0xFF, 0x99, 0x00, 0x00, 0x00, 0x01, 0x40, 0x61,
0x1D, 0x00, 0x00, 0x00, 0x8C, 0x37, 0x00, 0x00, 0x00, 0x00, 0x00, 0x10, 0xAD, 0x02, 0x1B, 0xFF,
0xBA, 0x00, 0x00, 0x09, 0xAE, 0xFE, 0xFF, 0xDD, 0x3B, 0x00, 0x00, 0x00, 0x00, 0x00, 0x00, 0x00,
0x00, 0x00, 0x00, 0x00, 0x00, 0x00, 0xD7, 0xFB, 0x27, 0x00, 0x70, 0xFF, 0x82, 0x5D, 0xDD, 0xE1,
0x00, 0x00, 0x00, 0x00, 0x00, 0x00, 0x00, 0x00, 0x00, 0x00, 0x00, 0x00, 0x00, 0x54, 0xFF, 0xD8,
0x23, 0x88, 0xE5, 0x00, 0x00, 0x93, 0xFC, 0x05, 0x00, 0x00, 0x8E, 0x30, 0x00, 0x0B, 0x00, 0x10,
0xAF, 0x04, 0x00, 0x00, 0x00, 0x70, 0xFA, 0xFB, 0xD7, 0xFF, 0x88, 0x98, 0xFA, 0xB2, 0x00, 0x00,
0x00, 0x00, 0x00, 0x00, 0xC5, 0x1E, 0x00, 0x00, 0x00, 0x00, 0x00, 0x00, 0x00, 0x27, 0x90, 0xD2,
0xF3, 0xF8, 0xDD, 0x8D, 0x0F, 0x00, 0x00, 0x00, 0x00, 0x00, 0x00, 0x00, 0x00, 0x00, 0x00, 0x00,
0x00, 0x00, 0x00, 0x00, 0x06, 0x62, 0xBA, 0xE4, 0xF9, 0xE6, 0xC0, 0x67, 0x05, 0x00, 0x00, 0x00,
0x00, 0x00, 0x06, 0x62, 0xBA, 0xE4, 0xF9, 0xE6, 0xC0, 0x67, 0x05, 0x00, 0x00, 0x00, 0x00, 0x00,
0x00, 0x00, 0x00, 0x00, 0x00, 0x00, 0x00, 0x00, 0x00, 0x00, 0x00, 0x27, 0xD1, 0xFE, 0xBE, 0x85,
0x75, 0x8D, 0xD7, 0xFF, 0xCB, 0x15, 0x00, 0x00, 0x00, 0x27, 0xD1, 0xFE, 0xBE, 0x85, 0x75, 0x8D,
0xD7, 0xFF, 0xCB, 0x15, 0x00, 0x00, 0x00, 0x00, 0x00, 0x00, 0x00, 0xA6, 0x18, 0x00, 0x00, 0x00,
0x00, 0x00, 0x14, 0xDF, 0xD9, 0x2F, 0x00, 0x00, 0x00, 0x00, 0x01, 0x85, 0xFF, 0xB5, 0x00, 0x00,
0x14, 0xDF, 0xD9, 0x2F, 0x00, 0x00, 0x00, 0x00, 0x01, 0x85, 0xFF, 0xB5, 0x00, 0x00, 0x00, 0x00,
0x8E, 0x30, 0x00, 0x00, 0x00, 0x10, 0xAF, 0x04, 0x00, 0x00, 0x90, 0xF1, 0x1E, 0x0F, 0x08, 0x00,
0x00, 0x00, 0x00, 0x00, 0xC0, 0xFF, 0x2B, 0x00, 0x90, 0xF1, 0x1E, 0x0F, 0x08, 0x00, 0x00, 0x00,
0x00, 0x00, 0xC0, 0xFF, 0x2B, 0x00, 0x00, 0x00, 0x00, 0x00, 0x00, 0x00, 0x00, 0x00, 0x00, 0x00,
0x00, 0x03, 0xF1, 0xD5, 0xD4, 0xFF, 0xFD, 0xB5, 0x18, 0x00, 0x00, 0x00, 0x66, 0xFF, 0x69, 0x03,
0xF1, 0xD5, 0xD4, 0xFF, 0xFD, 0xB5, 0x18, 0x00, 0x00, 0x00, 0x66, 0xFF, 0x69, 0x00, 0x00, 0x00,
0x00, 0x00, 0x00, 0x00, 0x00, 0x00, 0x00, 0x00, 0x00, 0x1D, 0xFF, 0xFD, 0x98, 0x59, 0x94, 0xFF,
0xB4, 0x00, 0x00, 0x00, 0x4A, 0xFF, 0x7C, 0x1D, 0xFF, 0xFD, 0x98, 0x59, 0x94, 0xFF, 0xB4, 0x00,
0x00, 0x00, 0x4A, 0xFF, 0x7C, 0x00, 0x00, 0x8C, 0x37, 0x00, 0x00, 0x00, 0x00, 0x00, 0x10, 0xAD,
0x02, 0x31, 0xFF, 0x7E, 0x00, 0x00, 0x00, 0xB4, 0xFE, 0x09, 0x00, 0x00, 0x62, 0xFF, 0x62, 0x31,
0xFF, 0x7E, 0x00, 0x00, 0x00, 0xB4, 0xFE, 0x09, 0x00, 0x00, 0x62, 0xFF, 0x62, 0x00, 0x00, 0x00,
0x00, 0x00, 0x00, 0x00, 0x00, 0x00, 0x00, 0x00, 0x00, 0x1B, 0xFF, 0x95, 0x00, 0x00, 0x00, 0x89,
0xFF, 0x1C, 0x00, 0x00, 0xB2, 0xFF, 0x2D, 0x1B, 0xFF, 0x95, 0x00, 0x00, 0x00, 0x89, 0xFF, 0x1C,
0x00, 0x00, 0xB2, 0xFF, 0x2D, 0x00, 0x00, 0x00, 0x00, 0x00, 0x00, 0x00, 0x00, 0x00, 0x00, 0x00,
0x00, 0x00, 0xD7, 0xED, 0x12, 0x00, 0x00, 0xB9, 0xF5, 0x01, 0x00, 0x56, 0xFE, 0xB9, 0x00, 0x00,
0xD7, 0xED, 0x12, 0x00, 0x00, 0xB9, 0xF5, 0x01, 0x00, 0x56, 0xFE, 0xB9, 0x00, 0x00, 0x00, 0x00,
0x8E, 0x30, 0x00, 0x0B, 0x00, 0x10, 0xAF, 0x04, 0x00, 0x00, 0x4F, 0xFE, 0xDD, 0x82, 0xA5, 0xFF,
0x86, 0x00, 0x5C, 0xFB, 0xE5, 0x1B, 0x00, 0x00, 0x4F, 0xFE, 0xDD, 0x82, 0xA5, 0xFF, 0x86, 0x00,
0x5C, 0xFB, 0xE5, 0x1B, 0x00, 0x00, 0x00, 0x00, 0x00, 0x00, 0x00, 0xC5, 0x1E, 0x00, 0x00, 0x00,
0x00, 0x00, 0x00, 0x4B, 0xC8, 0xF6, 0xDE, 0x80, 0x05, 0x00, 0x1F, 0xB9, 0x20, 0x00, 0x00, 0x00,
0x00, 0x4B, 0xC8, 0xF6, 0xDE, 0x80, 0x05, 0x00, 0x1F, 0xB9, 0x20, 0x00, 0x00, 0x00, 0x00, 0x00,
0x00, 0x00, 0x00, 0x00, 0x00, 0x00, 0x00, 0x00, 0x00, 0x00, 0x00, 0x00, 0x06, 0x62, 0xBA, 0xE4,
0xF9, 0xE6, 0xC0, 0x67, 0x05, 0x00, 0x00, 0x00, 0x00, 0x00, 0x00, 0x00, 0x00, 0x00, 0x00, 0x00,
0x00, 0x00, 0x00, 0x00, 0x5E, 0xCE, 0xF6, 0xEE, 0xB0, 0x2B, 0x00, 0x00, 0x00, 0x00, 0x27, 0xD1,
0xFE, 0xBE, 0x85, 0x75, 0x8D, 0xD7, 0xFF, 0xCB, 0x15, 0x00, 0x00, 0x00, 0x00, 0x00, 0x00, 0xA6,
0x18, 0x00, 0x00, 0x00, 0x00, 0x00, 0x82, 0xFF, 0xCA, 0x79, 0x90, 0xF3, 0xF2, 0x2A, 0x00, 0x00,
0x14, 0xDF, 0xD9, 0x2F, 0x00, 0x00, 0x00, 0x00, 0x01, 0x85, 0xFF, 0xB5, 0x00, 0x00, 0x00, 0x8E,
0x30, 0x00, 0x00, 0x00, 0x10, 0xAF, 0x04, 0x00, 0x2C, 0xFD, 0xC7, 0x08, 0x00, 0x00, 0x3C, 0xFF,
0xB3, 0x00, 0x00, 0x90, 0xF1, 0x1E, 0x0F, 0x08, 0x00, 0x00, 0x00, 0x00, 0x00, 0xC0, 0xFF, 0x2B,
0x00, 0x00, 0x00, 0x00, 0x00, 0x00, 0x00, 0x00, 0x00, 0x00, 0x00, 0x45, 0xB0, 0x3E, 0x00, 0x00,
0x00, 0x00, 0xCB, 0xFB, 0x09, 0x03, 0xF1, 0xD5, 0xD4, 0xFF, 0xFD, 0xB5, 0x18, 0x00, 0x00, 0x00,
0x66, 0xFF, 0x69, 0x00, 0x00, 0x00, 0x00, 0x00, 0x00, 0x00, 0x00, 0x00, 0x00, 0x00, 0x00, 0x00,
0x00, 0x00, 0x00, 0x00, 0x00, 0x99, 0xFF, 0x27, 0x1D, 0xFF, 0xFD, 0x98, 0x59, 0x94, 0xFF, 0xB4,
0x00, 0x00, 0x00, 0x4A, 0xFF, 0x7C, 0x00, 0x8C, 0x37, 0x00, 0x00, 0x00, 0x00, 0x00, 0x10, 0xAD,
0x02, 0x00, 0x00, 0x00, 0x00, 0x00, 0x00, 0x00, 0x85, 0xFF, 0x3C, 0x31, 0xFF, 0x7E, 0x00, 0x00,
0x00, 0xB4, 0xFE, 0x09, 0x00, 0x00, 0x62, 0xFF, 0x62, 0x00, 0x00, 0x00, 0x00, 0x00, 0x00, 0x00,
0x00, 0x00, 0x00, 0x00, 0x00, 0x00, 0x00, 0x00, 0x00, 0x00, 0x00, 0x94, 0xFF, 0x26, 0x1B, 0xFF,
0x95, 0x00, 0x00, 0x00, 0x89, 0xFF, 0x1C, 0x00, 0x00, 0xB2, 0xFF, 0x2D, 0x00, 0x00, 0x00, 0x00,
0x00, 0x00, 0x00, 0x00, 0x00, 0x00, 0x00, 0x51, 0xB1, 0x2E, 0x00, 0x00, 0x00, 0x00, 0xCA, 0xFA,
0x09, 0x00, 0xD7, 0xED, 0x12, 0x00, 0x00, 0xB9, 0xF5, 0x01, 0x00, 0x56, 0xFE, 0xB9, 0x00, 0x00,
0x00, 0x8E, 0x30, 0x00, 0x0B, 0x00, 0x10, 0xAF, 0x04, 0x00, 0x4B, 0xFF, 0xB1, 0x01, 0x00, 0x00,
0x45, 0xFF, 0xB0, 0x00, 0x00, 0x4F, 0xFE, 0xDD, 0x82, 0xA5, 0xFF, 0x86, 0x00, 0x5C, 0xFB, 0xE5,
0x1B, 0x00, 0x00, 0x00, 0x00, 0x00, 0x00, 0xC5, 0x1E, 0x00, 0x00, 0x00, 0x00, 0x00, 0xAA, 0xFF,
0xB8, 0x78, 0x99, 0xF7, 0xEE, 0x25, 0x00, 0x00, 0x00, 0x4B, 0xC8, 0xF6, 0xDE, 0x80, 0x05, 0x00,
0x1F, 0xB9, 0x20, 0x00, 0x00, 0x00, 0x00, 0x00, 0x00, 0x00, 0x00, 0x00, 0x00, 0x00, 0x00, 0x00,
0x00, 0x04, 0x7A, 0xDB, 0xF9, 0xEB, 0xAA, 0x26, 0x00, 0x00, 0x00, 0x00, 0x00, 0x24, 0x8B, 0xCE,
0xF2, 0xFB, 0xE6, 0x9F, 0x16, 0x00, 0x00, 0x00, 0x00, 0x00, 0x00, 0x00, 0x00, 0x00, 0x00, 0x00,
0x00, 0x00, 0x00, 0x5E, 0xCE, 0xF6, 0xEE, 0xB0, 0x2B, 0x00, 0x00, 0x00, 0x00, 0x70, 0xF9, 0xFC,
0xD1, 0xFF, 0x95, 0x91, 0xF5, 0xC6, 0x00, 0x00, 0x00, 0x00, 0x00, 0x00, 0xA6, 0x18, 0x00, 0x00,
0x00, 0x00, 0x00, 0x82, 0xFF, 0xCA, 0x79, 0x90, 0xF3, 0xF2, 0x2A, 0x00, 0x00, 0x5B, 0xFF, 0xD1,
0x23, 0x66, 0xFD, 0x04, 0x00, 0x7D, 0xFF, 0x18, 0x00, 0x00, 0x8E, 0x30, 0x00, 0x00, 0x00, 0x10,
0xAF, 0x04, 0x00, 0x2C, 0xFD, 0xC7, 0x08, 0x00, 0x00, 0x3C, 0xFF, 0xB3, 0x00, 0x00, 0xDE, 0xF7,
0x20, 0x00, 0x57, 0xFF, 0x6D, 0x2B, 0xBB, 0xF8, 0x0C, 0x00, 0x00, 0x00, 0x00, 0x00, 0x00, 0x00,
0x00, 0x00, 0x00, 0x00, 0x45, 0xB0, 0x3E, 0x00, 0x00, 0x00, 0x00, 0xCB, 0xFB, 0x09, 0x20, 0xFF,
0xB5, 0x00, 0x00, 0x08, 0xC5, 0xFF, 0xFF, 0xFC, 0x6F, 0x00, 0x00, 0x00, 0x00, 0x00, 0x00, 0x00,
0x00, 0x00, 0x00, 0x00, 0x00, 0x00, 0x00, 0x00, 0x00, 0x00, 0x00, 0x00, 0x99, 0xFF, 0x27, 0x31,
0xFF, 0x99, 0x00, 0x00, 0x00, 0x01, 0x40, 0x61, 0x1D, 0x00, 0x00, 0x00, 0x8C, 0x37, 0x00, 0x00,
0x00, 0x00, 0x00, 0x10, 0xAD, 0x02, 0x00, 0x00, 0x00, 0x00, 0x00, 0x00, 0x00, 0x85, 0xFF, 0x3C,
0x1B, 0xFF, 0xBA, 0x00, 0x00, 0x09, 0xAE, 0xFE, 0xFF, 0xDD, 0x3B, 0x00, 0x00, 0x00, 0x00, 0x00,
0x00, 0x00, 0x00, 0x00, 0x00, 0x00, 0x00, 0x00, 0x00, 0x00, 0x00, 0x00, 0x00, 0x00, 0x94, 0xFF,
0x26, 0x00, 0xD7, 0xFB, 0x27, 0x00, 0x70, 0xFF, 0x82, 0x5D, 0xDD, 0xE1, 0x00, 0x00, 0x00, 0x00,
0x00, 0x00, 0x00, 0x00, 0x00, 0x00, 0x00, 0x00, 0x51, 0xB1, 0x2E, 0x00, 0x00, 0x00, 0x00, 0xCA,
0xFA, 0x09, 0x00, 0x54, 0xFF, 0xD8, 0x23, 0x88, 0xE5, 0x00, 0x00, 0x93, 0xFC, 0x05, 0x00, 0x00,
0x8E, 0x30, 0x00, 0x0B, 0x00, 0x10, 0xAF, 0x04, 0x00, 0x4B, 0xFF, 0xB1, 0x01, 0x00, 0x00, 0x45,
0xFF, 0xB0, 0x00, 0x00, 0x00, 0x70, 0xFA, 0xFB, 0xD7, 0xFF, 0x88, 0x98, 0xFA, 0xB2, 0x00, 0x00,
0x00, 0x00, 0x00, 0x00, 0xC5, 0x1E, 0x00, 0x00, 0x00, 0x00, 0x00, 0xAA, 0xFF, 0xB8, 0x78, 0x99,
0xF7, 0xEE, 0x25, 0x00, 0x00, 0x00, 0x00, 0x27, 0x90, 0xD2, 0xF3, 0xF8, 0xDD, 0x8D, 0x0F, 0x00,
0x00, 0x00, 0x00, 0x00, 0x00, 0x00, 0x00, 0x00, 0x00, 0x00, 0x00, 0x00, 0x04, 0x7A, 0xDB, 0xF9,
0xEB, 0xAA, 0x26, 0x00, 0x00, 0x00, 0x00, 0x00, 0x06, 0x62, 0xBA, 0xE4, 0xF9, 0xE6, 0xC0, 0x67,
0x05, 0x00, 0x00, 0x00, 0x00, 0x00, 0x00, 0x00, 0x00, 0x00, 0x00, 0x00, 0x00, 0x00, 0x00, 0x07,
0x86, 0xE0, 0xF8, 0xD5, 0x54, 0x04, 0x82, 0xE4, 0xF6, 0xCC, 0x52, 0x00, 0x00, 0x00, 0x00, 0x27,
0xD1, 0xFE, 0xBE, 0x85, 0x75, 0x8D, 0xD7, 0xFF, 0xCB, 0x15, 0x00, 0x00, 0x00, 0x00, 0x00, 0x00,
0xA6, 0x18, 0x00, 0x00, 0x00, 0x00, 0x00, 0xA9, 0xFF, 0xBA, 0x7C, 0xB7, 0xFE, 0xC1, 0xFD, 0x9C,
0x80, 0xD6, 0xFF, 0x5D, 0x00, 0x00, 0x14, 0xDF, 0xD9, 0x2F, 0x00, 0x00, 0x00, 0x00, 0x01, 0x85,
0xFF, 0xB5, 0x00, 0x00, 0x00, 0x8E, 0x30, 0x00, 0x00, 0x00, 0x10, 0xAF, 0x04, 0x00, 0x1E, 0xFF,
0xBF, 0x00, 0x00, 0x01, 0xC5, 0xFF, 0x82, 0x00, 0x00, 0x0D, 0xE5, 0xE9, 0x04, 0x00, 0x90, 0xF1,
0x1E, 0x0F, 0x08, 0x00, 0x00, 0x00, 0x00, 0x00, 0xC0, 0xFF, 0x2B, 0x00, 0x00, 0x00, 0x00, 0x00,
0x00, 0x00, 0x00, 0x00, 0x00, 0x00, 0x42, 0xFF, 0x7A, 0x00, 0x00, 0x00, 0x86, 0xFF, 0x49, 0x00,
0x00, 0x00, 0x89, 0xFF, 0x3C, 0x03, 0xF1, 0xD5, 0xD4, 0xFF, 0xFD, 0xB5, 0x18, 0x00, 0x00, 0x00,
0x66, 0xFF, 0x69, 0x00, 0x00, 0x00, 0x00, 0x00, 0x00, 0x00, 0x00, 0x00, 0x00, 0x00, 0x33, 0xFF,
0x80, 0x00, 0x00, 0x00, 0x75, 0xFF, 0x44, 0x00, 0x00, 0x00, 0x68, 0xFF, 0x5C, 0x1D, 0xFF, 0xFD,
0x98, 0x59, 0x94, 0xFF, 0xB4, 0x00, 0x00, 0x00, 0x4A, 0xFF, 0x7C, 0x00, 0x8C, 0x37, 0x00, 0x00,
0x00, 0x00, 0x00, 0x10, 0xAD, 0x02, 0x07, 0xD0, 0x71, 0x00, 0x00, 0x00, 0x61, 0xD8, 0x39, 0x00,
0x00, 0x00, 0x66, 0xFF, 0x5E, 0x31, 0xFF, 0x7E, 0x00, 0x00, 0x00, 0xB4, 0xFE, 0x09, 0x00, 0x00,
0x62, 0xFF, 0x62, 0x00, 0x00, 0x00, 0x00, 0x00, 0x00, 0x00, 0x00, 0x00, 0x00, 0x00, 0x00, 0x00,
0x00, 0x00, 0x00, 0x00, 0x00, 0x00, 0x00, 0x00, 0x00, 0x00, 0x84, 0xFF, 0x44, 0x1B, 0xFF, 0x95,
0x00, 0x00, 0x00, 0x89, 0xFF, 0x1C, 0x00, 0x00, 0xB2, 0xFF, 0x2D, 0x00, 0x00, 0x00, 0x00, 0x00,
0x00, 0x00, 0x00, 0x00, 0x00, 0x00, 0x00, 0x00, 0x00, 0x00, 0x00, 0x00, 0x00, 0x00, 0x00, 0x00,
0x00, 0x00, 0xCE, 0xF8, 0x0F, 0x00, 0xD7, 0xED, 0x12, 0x00, 0x00, 0xB9, 0xF5, 0x01, 0x00, 0x56,
0xFE, 0xB9, 0x00, 0x00, 0x00, 0x8E, 0x30, 0x00, 0x0B, 0x00, 0x10, 0xAF, 0x04, 0x00, 0x00, 0x00,
0x00, 0x00, 0x00, 0x28, 0x00, 0x00, 0x00, 0x00, 0x00, 0x71, 0xFF, 0x99, 0x00, 0x00, 0x4F, 0xFE,
0xDD, 0x82, 0xA5, 0xFF, 0x86, 0x00, 0x5C, 0xFB, 0xE5, 0x1B, 0x00, 0x00, 0x00, 0x00, 0x00, 0x00,
0xC5, 0x1E, 0x00, 0x00, 0x00, 0x00, 0x00, 0x00, 0x00, 0x00, 0x35, 0xFC, 0xD5, 0x8D, 0x74, 0x83,
0xC2, 0xFF, 0xCD, 0x0E, 0x00, 0x00, 0x00, 0x4B, 0xC8, 0xF6, 0xDE, 0x80, 0x05, 0x00, 0x1F, 0xB9,
0x20, 0x00, 0x00, 0x00, 0x00, 0x00, 0x00, 0x00, 0x00, 0x00, 0x00, 0x00, 0x00, 0x00, 0x00, 0x00,
0x00, 0x00, 0x0A, 0x5E, 0xB7, 0xE8, 0xFA, 0xF5, 0xCF, 0x79, 0x0A, 0x00, 0x00, 0x00, 0x00, 0x00,
0x00, 0x29, 0x14, 0x00, 0x00, 0x00, 0x02, 0x29, 0x10, 0x00, 0x00, 0x00, 0x00, 0xCA, 0xC2, 0x00,
0x00, 0x00, 0x33, 0xFF, 0x59, 0x00, 0x00, 0x00, 0x00, 0xC3, 0xCF, 0x00, 0x00, 0x00, 0x40, 0xFF,
0x52, 0x00, 0x00, 0x00, 0x00, 0x7C, 0xFF, 0x7F, 0x2A, 0x3F, 0xCB, 0xF2, 0x17, 0x00, 0x00, 0x00,
0x00, 0x06, 0xA4, 0xFF, 0xFF, 0xFF, 0xE9, 0x4D, 0x00, 0x00, 0x00, 0x00, 0x00, 0x00, 0x00, 0x1D,
0x43, 0x35, 0x0A, 0x00, 0x00, 0x00, 0x00, 0x00, 0x00, 0x00, 0x00, 0x00, 0x00, 0x00, 0x00, 0x00,
0x00, 0x00, 0x00, 0x00, 0x00, 0xA6, 0x18, 0x00, 0x00, 0x00, 0x00, 0x00, 0x00, 0x00, 0x8E, 0x30,
0x00, 0x00, 0x00, 0x10, 0xAF, 0x04, 0x00, 0x00, 0x00, 0x00, 0x00, 0x00, 0x00, 0x00, 0x00, 0x00,
0x00, 0x00, 0x00, 0x00, 0x00, 0x00, 0x00, 0x00, 0x00, 0x00, 0x00, 0x00, 0x00, 0x00, 0x00, 0x00,
0x00, 0x8C, 0x37, 0x00, 0x00, 0x00, 0x00, 0x00, 0x10, 0xAD, 0x02, 0x00, 0x00, 0x00, 0x00, 0x00,
0x00, 0x00, 0x00, 0x00, 0x00, 0x00, 0x00, 0x00, 0x00, 0x00, 0x00, 0x00, 0x00, 0x00, 0x00, 0x00,
0x00, 0x00, 0x00, 0x00, 0x00, 0x00, 0x8E, 0x30, 0x00, 0x0B, 0x00, 0x10, 0xAF, 0x04, 0x00, 0x00,
0x00, 0x00, 0x00, 0x00, 0x00, 0xC5, 0x1E, 0x00, 0x00, 0x00, 0x00, 0x00, 0x00, 0xC2, 0xFF, 0x41,
0xB5, 0xFF, 0x35, 0xA8, 0xFF, 0x29, 0x9B, 0xFF, 0x1D, 0x00, 0x00, 0x25, 0x01, 0x00, 0x00, 0x00,
0x00, 0x45, 0xA8, 0xE0, 0xF8, 0xED, 0xBC, 0x4F, 0x00, 0x1D, 0xA6, 0xEB, 0xF8, 0xD5, 0x72, 0x03,
0x00, 0x00, 0x0C, 0xF1, 0xB1, 0x00, 0x00, 0x05, 0xA2, 0xFF, 0xEA, 0x98, 0x77, 0x84, 0xD9, 0xFF,
0x93, 0xE1, 0xED, 0x8C, 0x79, 0xC7, 0xFF, 0x9C, 0x00, 0x00, 0x5E, 0xFF, 0x62, 0x00, 0x00, 0x96,
0xFF, 0xAB, 0x0C, 0x00, 0x00, 0x00, 0x05, 0xB4, 0xFF, 0xFE, 0x2D, 0x00, 0x00, 0x02, 0xB4, 0xFF,
0x3D, 0x00, 0xAB, 0xFC, 0x11, 0x00, 0x23, 0xFE, 0xCF, 0x06, 0x00, 0x00, 0x00, 0x00, 0x00, 0x42,
0xFF, 0xC9, 0x00, 0x00, 0x00, 0x00, 0x2E, 0xFF, 0x9D, 0x00, 0xE2, 0xD5, 0x00, 0x00, 0x7A, 0xFF,
0x55, 0x02, 0x15, 0x01, 0x00, 0x00, 0x00, 0x1C, 0xFF, 0xAA, 0x00, 0x00, 0x00, 0x00, 0x00, 0xE8,
0xD5, 0x02, 0xFE, 0xB4, 0x00, 0x00, 0x9C, 0xFF, 0xA5, 0xF5, 0xFF, 0xF2, 0x7E, 0x00, 0x00, 0x14,
0xFF, 0xA4, 0x00, 0x00, 0x00, 0x00, 0x00, 0xC7, 0xF3, 0x0C, 0xFF, 0xAD, 0x00, 0x00, 0xA8, 0xFF,
0xC1, 0x6D, 0x5E, 0xC6, 0xFF, 0x5C, 0x00, 0x14, 0xFF, 0xA4, 0x00, 0x00, 0x00, 0x00, 0x00, 0xC2,
0xFC, 0x02, 0xFD, 0xC2, 0x00, 0x00, 0x8F, 0xFD, 0x09, 0x00, 0x00, 0x15, 0xFF, 0x9F, 0x00, 0x14,
0xFF, 0xA4, 0x00, 0x00, 0x00, 0x00, 0x00, 0xDB, 0xF0, 0x00, 0xDE, 0xDF, 0x00, 0x00, 0x4A, 0xFF,
0x61, 0x00, 0x00, 0x1C, 0xFF, 0x90, 0x00, 0x14, 0xFF, 0xA4, 0x00, 0x00, 0x00, 0x00, 0x05, 0xF6,
0xCF, 0x00, 0xA2, 0xFF, 0x25, 0x00, 0x02, 0xBE, 0xFB, 0x9C, 0x7A, 0xD2, 0xFC, 0x37, 0x00, 0x14,
0xFF, 0xA4, 0x00, 0x00, 0x00, 0x00, 0x52, 0xFF, 0x95, 0x00, 0x43, 0xFF, 0x9D, 0x00, 0x00, 0x0B,
0x8F, 0xE5, 0xF4, 0xCA, 0x4A, 0x00, 0x00, 0x14, 0xFF, 0xA4, 0x00, 0x00, 0x00, 0x00, 0xBF, 0xFF,
0x38, 0x00, 0x00, 0xB5, 0xFF, 0x65, 0x00, 0x00, 0x00, 0x00, 0x00, 0x00, 0x00, 0x00, 0x00, 0x00,
0x00, 0x00, 0x00, 0x00, 0x00, 0x83, 0xFF, 0xAD, 0x00, 0x00, 0x00, 0x11, 0xD0, 0xFF, 0x9C, 0x1B,
0x00, 0x00, 0x00, 0x00, 0x00, 0x00, 0x00, 0x00, 0x00, 0x00, 0x00, 0x25, 0xB0, 0xFF, 0xCD, 0x11,
0x00, 0x00, 0x00, 0x00, 0x0A, 0x96, 0xFA, 0xFB, 0xBD, 0x7B, 0x52, 0x35, 0x2A, 0x22, 0x28, 0x36,
0x52, 0x80, 0xC3, 0xFD, 0xFC, 0x96, 0x0C, 0x00, 0x00, 0x00, 0x00, 0x00, 0x00, 0x00, 0x1F, 0x7C,
0xC9, 0xF8, 0xFF, 0xFF, 0xFF, 0xFF, 0xFF, 0xFF, 0xFF, 0xF9, 0xCB, 0x81, 0x21, 0x00, 0x00, 0x00,
0x00, 0x00, 0x00, 0x00, 0x00, 0x00, 0x00, 0x00, 0x00, 0x03, 0x23, 0x3A, 0x45, 0x4D, 0x48, 0x3D,
0x23, 0x05, 0x00, 0x00, 0x00, 0x00, 0x00, 0x00, 0x00, 0x00, 0x09, 0x18, 0x02, 0x00, 0x00, 0x00,
0x00, 0x00, 0x00, 0x00, 0x00, 0x6A, 0xFE, 0xFF, 0xF5, 0x7F, 0x00, 0x00, 0x00, 0x00, 0x00, 0x00,
0x00, 0x26, 0x69, 0x5A, 0xCD, 0xFF, 0x48, 0x00, 0x00, 0x00, 0x00, 0x00, 0x00, 0x00, 0x00, 0x00,
0x3D, 0xFF, 0x82, 0x00, 0x00, 0x00, 0x00, 0x00, 0x00, 0x00, 0x00, 0x00, 0x21, 0xFF, 0x8F, 0x00,
0x00, 0x00, 0x00, 0x00, 0x00, 0x00, 0x00, 0x00, 0x20, 0xFF, 0x90, 0x00, 0x00, 0x00, 0x00, 0x00,
0x00, 0x00, 0x00, 0x11, 0x83, 0xFF, 0xFD, 0xE2, 0x82, 0x05, 0x00, 0x00, 0x00, 0x00, 0x37, 0xE6,
0xF5, 0xFF, 0xD3, 0xD3, 0xFF, 0x97, 0x00, 0x00, 0x00, 0x12, 0xEC, 0xE5, 0x24, 0xFD, 0xB7, 0x07,
0xDA, 0xFA, 0x0F, 0x00, 0x00, 0x74, 0xFF, 0x61, 0x00, 0xD3, 0xE5, 0x02, 0x9D, 0xFF, 0x29, 0x00,
0x00, 0xAF, 0xFF, 0x15, 0x00, 0x66, 0xFF, 0x64, 0xBC, 0xF8, 0x0A, 0x00, 0x00, 0xC5, 0xF4, 0x00,
0x00, 0x01, 0xB6, 0xF6, 0xFB, 0x9F, 0x00, 0x00, 0x00, 0xCC, 0xEC, 0x00, 0x00, 0x00, 0x2D, 0xFE,
0xFF, 0x57, 0x00, 0x00, 0x00, 0xCC, 0xEC, 0x00, 0x00, 0x2F, 0xE3, 0xE5, 0xC7, 0xF8, 0x53, 0x00,
0x00, 0xCC, 0xEC, 0x00, 0x64, 0xF5, 0xD4, 0x1F, 0x0A, 0xB4, 0xFD, 0x6F, 0x00, 0xCC, 0xF3, 0xB3,
0xFF, 0xEB, 0x6B, 0x60, 0x60, 0x63, 0xDC, 0xFF, 0x78, 0xCC, 0xFF, 0xFF, 0xFF, 0xFF, 0xFF, 0xFF,
0xFF, 0xFF, 0xFF, 0xFF, 0x4B, 0x00, 0x00, 0x00, 0x00, 0x00, 0x00, 0x00, 0x00, 0x00, 0x00, 0x00,
0x00, 0x00, 0x00, 0x00, 0x00, 0x06, 0x1A, 0x0A, 0x00, 0x00, 0x00, 0x00, 0x00, 0x00, 0x00, 0x00,
0x00, 0x00, 0x00, 0x00, 0x00, 0x00, 0x00, 0x01, 0x8F, 0xF8, 0xFF, 0xFF, 0x76, 0x00, 0x00, 0x00,
0x00, 0x00, 0x00, 0x00, 0x00, 0x00, 0x00, 0x00, 0x00, 0x00, 0x00, 0x52, 0xFF, 0xC8, 0x5A, 0x67,
0x2A, 0x00, 0x00, 0x00, 0x00, 0x00, 0x00, 0x00, 0x00, 0x00, 0x00, 0x00, 0x00, 0x00, 0x00, 0x84,
0xFF, 0x3E, 0x00, 0x00, 0x00, 0x00, 0x00, 0x00, 0x00, 0x00, 0x00, 0x00, 0x00, 0x00, 0x00, 0x00,
0x00, 0x00, 0x00, 0x64, 0xFF, 0x68, 0x00, 0x00, 0x00, 0x00, 0x00, 0x00, 0x00, 0x00, 0x00, 0x00,
0x00, 0x00, 0x00, 0x00, 0x00, 0x00, 0x00, 0x0D, 0xEB, 0xEA, 0x18, 0x00, 0x00, 0x00, 0x00, 0x36,
0xB4, 0xED, 0xEF, 0xC0, 0x49, 0x72, 0xD6, 0xF8, 0xE3, 0x91, 0x0E, 0x00, 0x55, 0xFF, 0xC0, 0x03,
0x00, 0x00, 0x43, 0xFA, 0xEE, 0x8E, 0x82, 0xD8, 0xFF, 0xFF, 0xB0, 0x7A, 0xAD, 0xFF, 0xC7, 0x04,
0x00, 0x97, 0xFF, 0x7A, 0x00, 0x00, 0xD6, 0xF5, 0x22, 0x00, 0x00, 0x56, 0xFF, 0x89, 0x00, 0x00,
0x00, 0x8F, 0xFF, 0x59, 0x00, 0x09, 0xDC, 0xF5, 0x19, 0x1F, 0xFF, 0xA7, 0x00, 0x00, 0x00, 0xA6,
0xFF, 0x1D, 0x00, 0x00, 0x00, 0x2C, 0xFF, 0x9A, 0x00, 0x00, 0x5F, 0xFF, 0x78, 0x30, 0xFF, 0x8B,
0x00, 0x00, 0x00, 0xBC, 0xFF, 0x04, 0x00, 0x00, 0x00, 0x15, 0xFF, 0xA8, 0x00, 0x00, 0x0B, 0xFD,
0xB6, 0x19, 0xFF, 0xA3, 0x00, 0x00, 0x00, 0xA4, 0xFF, 0x1B, 0x00, 0x00, 0x00, 0x2C, 0xFF, 0x8F,
0x00, 0x00, 0x00, 0xF1, 0xC9, 0x01, 0xE5, 0xE9, 0x04, 0x00, 0x00, 0x61, 0xFF, 0x65, 0x00, 0x00,
0x00, 0x78, 0xFF, 0x4A, 0x00, 0x00, 0x0E, 0xFF, 0xB5, 0x00, 0x86, 0xFF, 0x78, 0x00, 0x00, 0x0C,
0xE1, 0xDB, 0x0C, 0x00, 0x16, 0xF0, 0xD3, 0x03, 0x00, 0x00, 0x69, 0xFF, 0x78, 0x00, 0x0C, 0xDA,
0xFC, 0x6D, 0x01, 0x00, 0x3C, 0xF3, 0xB8, 0x29, 0xC5, 0xEF, 0x2F, 0x00, 0x00, 0x41, 0xF1, 0xEC,
0x12, 0x00, 0x00, 0x23, 0xCF, 0xFF, 0xDC, 0x92, 0x77, 0xAF, 0xFF, 0xFF, 0xFF, 0xA8, 0x73, 0x86,
0xC0, 0xFE, 0xEC, 0x3C, 0x00, 0x00, 0x00, 0x00, 0x07, 0x61, 0xBC, 0xE4, 0xF9, 0xEB, 0xBD, 0x87,
0xBF, 0xEB, 0xFB, 0xF2, 0xCC, 0x83, 0x17, 0x00, 0x00, 0x00, 0x00, 0x00, 0x03, 0x17, 0x11, 0x00,
0x00, 0x00, 0x00, 0x00, 0x00, 0x00, 0x00, 0x00, 0x00, 0x0C, 0xF4, 0xFF, 0xFF, 0xCF, 0x27, 0x00,
0x00, 0x00, 0x00, 0x00, 0x00, 0x00, 0x00, 0x00, 0x68, 0x57, 0x89, 0xFF, 0xC2, 0x00, 0x00, 0x00,
0x00, 0x00, 0x00, 0x00, 0x00, 0x00, 0x00, 0x00, 0x00, 0xD3, 0xF5, 0x00, 0x00, 0x00, 0x00, 0x00,
0x00, 0x00, 0x00, 0x00, 0x00, 0x00, 0x00, 0xDC, 0xDC, 0x00, 0x00, 0x00, 0x00, 0x00, 0x00, 0x00,
0x00, 0x00, 0x00, 0x00, 0x2A, 0xFF, 0x8A, 0x00, 0x00, 0x00, 0x00, 0x00, 0x00, 0x00, 0x7B, 0x99,
0x06, 0x00, 0xA3, 0xF5, 0x3C, 0xAF, 0xEE, 0xF6, 0xCD, 0x4E, 0x00, 0x05, 0xEF, 0xC3, 0x00, 0x34,
0xFE, 0x82, 0xE1, 0xF5, 0x8F, 0x7B, 0xCF, 0xFE, 0x3D, 0x2B, 0xFF, 0x82, 0x01, 0xC7, 0xDA, 0x40,
0xFF, 0x78, 0x00, 0x00, 0x15, 0xFE, 0xA3, 0x39, 0xFF, 0x8B, 0x57, 0xFF, 0x4D, 0x23, 0xFF, 0x72,
0x00, 0x00, 0x0C, 0xFE, 0xB7, 0x11, 0xFA, 0xE7, 0xD3, 0xD4, 0x00, 0x00, 0xC9, 0xD3, 0x03, 0x00,
0x85, 0xFF, 0x8B, 0x00, 0x9A, 0xFF, 0xFF, 0xBD, 0x47, 0x2B, 0x5E, 0xFF, 0x97, 0xB3, 0xFF, 0xF6,
0x1D, 0x00, 0x09, 0xB3, 0xFF, 0xF3, 0xFF, 0xFF, 0xFF, 0xFF, 0xFF, 0xFF, 0xEE, 0x42, 0x00, 0x00,
0x00, 0x67, 0xFF, 0x3F, 0x27, 0x42, 0x4F, 0xB2, 0xFF, 0x72, 0x11, 0x00, 0x00, 0x00, 0x00, 0x51,
0xFF, 0x84, 0x00, 0x00, 0x00, 0xAB, 0xFF, 0x14, 0x00, 0x00, 0x00, 0x00, 0x00, 0x0B, 0xE3, 0xFD,
0xA3, 0x78, 0x9D, 0xFD, 0xD0, 0x00, 0x00, 0x00, 0x00, 0x00, 0x00, 0x00, 0x1F, 0x9D, 0xE1, 0xFA,
0xEB, 0xAC, 0x22, 0x00, 0x00, 0x00, 0x00, 0x00, 0x00, 0x00, 0x00, 0x00, 0x00, 0x00, 0x00, 0x00,
0x00, 0x00, 0x07, 0x86, 0xE0, 0xF8, 0xD5, 0x54, 0x04, 0x82, 0xE4, 0xF6, 0xCC, 0x52, 0x00, 0x00,
0x00, 0x00, 0x00, 0x00, 0xA6, 0x18, 0x00, 0x00, 0x00, 0x00, 0x00, 0xA9, 0xFF, 0xBA, 0x7C, 0xB7,
0xFE, 0xC1, 0xFD, 0x9C, 0x80, 0xD6, 0xFF, 0x5D, 0x00, 0x00, 0x8E, 0x30, 0x00, 0x00, 0x00, 0x10,
0xAF, 0x04, 0x00, 0x1E, 0xFF, 0xBF, 0x00, 0x00, 0x01, 0xC5, 0xFF, 0x82, 0x00, 0x00, 0x0D, 0xE5,
0xE9, 0x04, 0x00, 0x00, 0x00, 0x00, 0x00, 0x00, 0x00, 0x00, 0x00, 0x00, 0x42, 0xFF, 0x7A, 0x00,
0x00, 0x00, 0x86, 0xFF, 0x49, 0x00, 0x00, 0x00, 0x89, 0xFF, 0x3C, 0x00, 0x00, 0x00, 0x00, 0x00,
0x00, 0x00, 0x00, 0x00, 0x00, 0x33, 0xFF, 0x80, 0x00, 0x00, 0x00, 0x75, 0xFF, 0x44, 0x00, 0x00,
0x00, 0x68, 0xFF, 0x5C, 0x8C, 0x37, 0x00, 0x00, 0x00, 0x00, 0x00, 0x10, 0xAD, 0x02, 0x07, 0xD0,
0x71, 0x00, 0x00, 0x00, 0x61, 0xD8, 0x39, 0x00, 0x00, 0x00, 0x66, 0xFF, 0x5E, 0x00, 0x00, 0x00,
0x00, 0x00, 0x00, 0x00, 0x00, 0x00, 0x00, 0x00, 0x00, 0x00, 0x00, 0x00, 0x00, 0x00, 0x00, 0x00,
0x00, 0x00, 0x00, 0x84, 0xFF, 0x44, 0x00, 0x00, 0x00, 0x00, 0x00, 0x00, 0x00, 0x00, 0x00, 0x00,
0x00, 0x00, 0x00, 0x00, 0x00, 0x00, 0x00, 0x00, 0x00, 0x00, 0x00, 0x00, 0xCE, 0xF8, 0x0F, 0x00,
0x8E, 0x30, 0x00, 0x0B, 0x00, 0x10, 0xAF, 0x04, 0x00, 0x00, 0x00, 0x00, 0x00, 0x00, 0x28, 0x00,
0x00, 0x00, 0x00, 0x00, 0x71, 0xFF, 0x99, 0x00, 0x00, 0x00, 0x00, 0x00, 0xC5, 0x1E, 0x00, 0x00,
0x00, 0x00, 0x00, 0x00, 0x00, 0x00, 0x35, 0xFC, 0xD5, 0x8D, 0x74, 0x83, 0xC2, 0xFF, 0xCD, 0x0E,
0x00, 0x00, 0x00, 0x00, 0x00, 0x00, 0x00, 0x00, 0x00, 0x00, 0x00, 0x00, 0x00, 0x00, 0x00, 0x0A,
0x5E, 0xB7, 0xE8, 0xFA, 0xF5, 0xCF, 0x79, 0x0A, 0x00, 0x00, 0x00, 0x00, 0x00, 0x00, 0x00, 0x00,
0x00, 0x00, 0x00, 0x00, 0x05, 0x12, 0x1B, 0x0D, 0x00, 0x00, 0x00, 0x00, 0x00, 0x00, 0x00, 0x00,
0x00, 0x00, 0x00, 0x00, 0x00, 0x00, 0x00, 0x00, 0x00, 0x5F, 0xC1, 0xEF, 0xFF, 0xFF, 0xFF, 0xFF,
0xFA, 0xD9, 0x98, 0x50, 0x02, 0x00, 0x00, 0x00, 0x00, 0x00, 0x00, 0x00, 0x00, 0x00, 0x00, 0x00,
0x00, 0x74, 0xC5, 0x8D, 0x71, 0x60, 0x54, 0x64, 0x77, 0xAA, 0xEC, 0xFF, 0xD8, 0x51, 0x00, 0x00,
0x00, 0x00, 0x00, 0x00, 0x00, 0x00, 0x00, 0x00, 0x00, 0x00, 0x00, 0x00, 0x00, 0x00, 0x00, 0x00,
0x00, 0x00, 0x02, 0x5D, 0xDE, 0xFF, 0x86, 0x00, 0x00, 0x00, 0x00, 0x00, 0x00, 0x00, 0x00, 0x00,
0x00, 0x00, 0x00, 0x00, 0x00, 0x00, 0x00, 0x00, 0x00, 0x00, 0x00, 0x00, 0x10, 0xBE, 0xFF, 0x73,
0x00, 0x00, 0x00, 0x00, 0x00, 0x00, 0x00, 0x00, 0x00, 0x00, 0x00, 0x00, 0x00, 0x00, 0x00, 0x00,
0x00, 0x00, 0x00, 0x00, 0x00, 0x0B, 0xD9, 0xFB, 0x2B, 0x00, 0x00, 0x00, 0x00, 0x09, 0x00, 0x00,
0x00, 0x00, 0x00, 0x00, 0x00, 0x00, 0x00, 0x00, 0x00, 0x00, 0x00, 0x00, 0x00, 0x00, 0x40, 0xFF,
0xA0, 0x00, 0x00, 0x00, 0x1A, 0xD7, 0x5D, 0x00, 0x00, 0x10, 0xFF, 0xA8, 0x00, 0x00, 0x00, 0x00,
0x6C, 0xFF, 0x4C, 0x00, 0x00, 0x00, 0x00, 0xD0, 0xF8, 0x09, 0x00, 0x0B, 0xD8, 0xFF, 0x86, 0x00,
0x00, 0x10, 0xFF, 0xA8, 0x00, 0x00, 0x00, 0x00, 0x6C, 0xFF, 0x4C, 0x00, 0x00, 0x00, 0x00, 0x85,
0xFF, 0x41, 0x00, 0x84, 0xFF, 0x93, 0x00, 0x00, 0x00, 0x10, 0xFF, 0xA8, 0x00, 0x00, 0x00, 0x00,
0x6C, 0xFF, 0x4C, 0x00, 0x00, 0x00, 0x00, 0x4F, 0xFF, 0x70, 0x00, 0xE7, 0xF1, 0x0D, 0x00, 0x00,
0x00, 0x10, 0xFF, 0xA8, 0x00, 0x00, 0x00, 0x00, 0x6C, 0xFF, 0x4C, 0x00, 0x00, 0x00, 0x00, 0x38,
0xFF, 0x83, 0x1F, 0xFF, 0xAF, 0x00, 0x00, 0x00, 0x00, 0x10, 0xFF, 0xA8, 0x00, 0x00, 0x00, 0x00,
0x6C, 0xFF, 0x4C, 0x00, 0x00, 0x00, 0x00, 0x2B, 0xFF, 0x8F, 0x32, 0xFF, 0x93, 0x00, 0x00, 0x00,
0x00, 0x10, 0xFF, 0xA8, 0x00, 0x00, 0x00, 0x00, 0x6C, 0xFF, 0x4C, 0x00, 0x00, 0x00, 0x00, 0x36,
0xFF, 0x84, 0x23, 0xFF, 0x9E, 0x00, 0x00, 0x00, 0x00, 0x16, 0xFF, 0xAD, 0x00, 0x00, 0x00, 0x00,
0x6F, 0xFF, 0x50, 0x00, 0x00, 0x00, 0x00, 0x57, 0xFF, 0x66, 0x05, 0xF0, 0xDB, 0x01, 0x00, 0x00,
0x00, 0x33, 0xFF, 0xC9, 0x00, 0x00, 0x00, 0x00, 0x86, 0xFF, 0x6C, 0x00, 0x00, 0x00, 0x00, 0x9C,
0xFF, 0x31, 0x00, 0x95, 0xFF, 0x71, 0x00, 0x00, 0x00, 0x8C, 0xFF, 0xFE, 0x35, 0x00, 0x00, 0x06,
0xDF, 0xFF, 0xC6, 0x02, 0x00, 0x00, 0x30, 0xF8, 0xD3, 0x00, 0x00, 0x0E, 0xD3, 0xFF, 0xAD, 0x77,
0xA6, 0xFE, 0xA9, 0xE4, 0xF1, 0x8F, 0x7F, 0xD0, 0xFD, 0x94, 0xFF, 0xC6, 0x79, 0x8F, 0xF2, 0xF6,
0x39, 0x00, 0x00, 0x00, 0x0D, 0x87, 0xDC, 0xF8, 0xE3, 0x83, 0x04, 0x1E, 0xA8, 0xEE, 0xF6, 0xC9,
0x4B, 0x00, 0x53, 0xCD, 0xF7, 0xEF, 0xB2, 0x30, 0x00, 0x00, 0x00, 0x00, 0x00, 0x28, 0x92, 0xD4,
0xF1, 0xFA, 0xE9, 0xBF, 0x75, 0x0E, 0x00, 0x00, 0x00, 0x00, 0x57, 0xCC, 0xF7, 0xF1, 0xB7, 0x2B,
0x00, 0x00, 0x00, 0x70, 0xFC, 0xF8, 0xAE, 0x7E, 0x77, 0x8E, 0xC0, 0xFE, 0xEB, 0x3E, 0x00, 0x00,
0x49, 0xFF, 0xDA, 0x7D, 0x8B, 0xF5, 0xE5, 0x07, 0x00, 0x50, 0xFF, 0xCB, 0x1E, 0x00, 0x00, 0x00,
0x00, 0x00, 0x2A, 0xD6, 0xF2, 0x23, 0x00, 0x8B, 0xFF, 0x2C, 0x00, 0x00, 0x92, 0xFF, 0x2F, 0x00,
0xD5, 0xF5, 0x19, 0x00, 0x00, 0x00, 0x00, 0x00, 0x04, 0x17, 0x44, 0xFE, 0xA2, 0x20, 0x81, 0xFF,
0x4E, 0x27, 0x4D, 0xDF, 0xF7, 0x12, 0x1B, 0xFF, 0xB0, 0x00, 0x00, 0x00, 0x00, 0x4A, 0xC3, 0xF8,
0xFF, 0xFF, 0xFF, 0xFF, 0xFF, 0xFF, 0xFF, 0xFF, 0xFF, 0xFF, 0xE5, 0x4D, 0x00, 0x32, 0xFF, 0x96,
0x00, 0x00, 0x00, 0x5F, 0xFF, 0xE2, 0x86, 0x5C, 0x52, 0xCF, 0xF3, 0x50, 0x50, 0x50, 0x50, 0x4B,
0x33, 0x03, 0x00, 0x00, 0x21, 0xFF, 0xAD, 0x00, 0x00, 0x00, 0xE0, 0xEA, 0x13, 0x00, 0x00, 0x00,
0xC5, 0xDD, 0x00, 0x00, 0x00, 0x00, 0x00, 0x00, 0x00, 0x00, 0x00, 0x00, 0xE4, 0xF0, 0x0C, 0x00,
0x05, 0xFF, 0xBA, 0x00, 0x00, 0x00, 0x02, 0xEC, 0xBC, 0x00, 0x00, 0x00, 0x00, 0x00, 0x00, 0x00,
0x00, 0x00, 0x00, 0x77, 0xFF, 0xA1, 0x00, 0x00, 0xE4, 0xE2, 0x06, 0x00, 0x00, 0x5E, 0xFF, 0x6D,
0x00, 0x00, 0x00, 0x00, 0x00, 0x00, 0x00, 0x00, 0x00, 0x00, 0x05, 0xBF, 0xFF, 0xA8, 0x00, 0x6F,
0xFF, 0xC5, 0x7B, 0xA1, 0xFD, 0xD3, 0x07, 0x00, 0x00, 0x00, 0x00, 0x00, 0x00, 0x00, 0x00, 0x00,
0x00, 0x00, 0x0A, 0xA2, 0x5B, 0x00, 0x00, 0x66, 0xD5, 0xF8, 0xE6, 0x98, 0x11, 0x00, 0x00, 0x00,
0x00, 0x00, 0x00, 0x00, 0x00, 0x00, 0x00, 0x00, 0x00, 0x07, 0x79, 0xD4, 0xF5, 0xE8, 0x9B, 0x11,
0x00, 0x1B, 0x8F, 0xD6, 0xF3, 0xF8, 0xE4, 0xAF, 0x4F, 0x00, 0x00, 0x00, 0x00, 0x09, 0xC7, 0xFF,
0xBB, 0x7A, 0x93, 0xF6, 0xCD, 0x41, 0xF2, 0xE5, 0x88, 0x85, 0xF2, 0xF4, 0xEA, 0xFF, 0xA6, 0x02,
0x00, 0x00, 0x89, 0xFF, 0x83, 0x00, 0x00, 0x00, 0x4A, 0xFF, 0xFE, 0xD9, 0x13, 0x00, 0x00, 0x75,
0xFF, 0x3A, 0xAD, 0xFF, 0x77, 0x00, 0x04, 0xEC, 0xE2, 0x03, 0x00, 0x00, 0x00, 0x00, 0xE5, 0xFF,
0x5F, 0x00, 0x00, 0x00, 0x5D, 0xFF, 0x5F, 0x0A, 0xF2, 0xE6, 0x00, 0x23, 0xFF, 0xA1, 0x00, 0x00,
0x00, 0x00, 0x00, 0xC9, 0xFF, 0x13, 0x00, 0x00, 0x00, 0x94, 0xFF, 0x42, 0x00, 0xAB, 0xFF, 0x1D,
0x32, 0xFF, 0x93, 0x00, 0x00, 0x00, 0x00, 0x00, 0xC4, 0xFE, 0x00, 0x00, 0x00, 0x19, 0xF2, 0xE3,
0x05, 0x00, 0x8F, 0xFF, 0x31, 0x1F, 0xFF, 0xAD, 0x00, 0x00, 0x00, 0x00, 0x00, 0x5E, 0x7A, 0x00,
0x00, 0x02, 0xB6, 0xFF, 0x51, 0x00, 0x00, 0x80, 0xFF, 0x38, 0x00, 0xE6, 0xEF, 0x0A, 0x00, 0x00,
0x00, 0x00, 0x00, 0x00, 0x00, 0x01, 0x99, 0xFF, 0x82, 0x00, 0x00, 0x00, 0x80, 0xFF, 0x38, 0x00,
0x80, 0xFF, 0x89, 0x00, 0x00, 0x00, 0x00, 0x00, 0x00, 0x08, 0xA5, 0xFF, 0x8F, 0x01, 0x00, 0x00,
0x00, 0x80, 0xFF, 0x38, 0x00, 0x09, 0xD3, 0xFF, 0x79, 0x00, 0x00, 0x00, 0x00, 0x01, 0xCE, 0xFF,
0xDA, 0x70, 0x70, 0x70, 0x70, 0x70, 0xB8, 0xFF, 0x38, 0x00, 0x00, 0x16, 0xD0, 0x60, 0x00, 0x00,
0x00, 0x00, 0x04, 0xFF, 0xFF, 0xFF, 0xFF, 0xFF, 0xFF, 0xFF, 0xFF, 0xFF, 0xFF, 0x38, 0x00, 0x00,
0x00, 0x06, 0x00, 0x00, 0x00, 0x00, 0x00, 0x00, 0x00, 0x00, 0x00, 0x00, 0x00, 0x00, 0x00, 0x00,
0x00, 0x00, 0x00, 0x00, 0x00, 0x00, 0x00, 0x00, 0x00, 0x00, 0x00, 0x00, 0x00, 0x00, 0x00, 0x00,
0x00, 0x0A, 0x00, 0x00, 0x00, 0x94, 0xFF, 0xFF, 0xFF, 0xFF, 0xFF, 0xFF, 0xFF, 0xF7, 0x1F, 0x00,
0x00, 0x00, 0x5F, 0xE5, 0x36, 0x00, 0x00, 0x94, 0xFF, 0x86, 0x70, 0x70, 0x70, 0x84, 0xFF, 0xED,
0x34, 0x00, 0x00, 0x00, 0x5A, 0xF5, 0xF1, 0x25, 0x00, 0x94, 0xFF, 0x28, 0x00, 0x00, 0x00, 0xA9,
0xFB, 0x34, 0x00, 0x00, 0x00, 0x00, 0x00, 0x51, 0xFF, 0xB4, 0x00, 0x94, 0xFF, 0x28, 0x00, 0x00,
0x33, 0xFF, 0x95, 0x00, 0x00, 0x00, 0x00, 0x00, 0x00, 0x00, 0xC2, 0xFE, 0x18, 0x94, 0xFF, 0x28,
0x00, 0x00, 0x73, 0xFF, 0x4E, 0x00, 0x00, 0x00, 0x00, 0x00, 0x00, 0x00, 0x81, 0xFF, 0x4C, 0x94,
0xFF, 0x28, 0x00, 0x00, 0x85, 0xFF, 0x43, 0x00, 0x00, 0x00, 0x00, 0x00, 0x00, 0x00, 0x70, 0xFF,
0x58, 0x94, 0xFF, 0x28, 0x00, 0x00, 0x6F, 0xFF, 0x64, 0x00, 0x00, 0x00, 0x00, 0x00, 0x00, 0x00,
0x92, 0xFF, 0x3D, 0x94, 0xFF, 0x28, 0x00, 0x00, 0x2E, 0xFF, 0xC1, 0x00, 0x00, 0x00, 0x00, 0x00,
0x00, 0x0C, 0xE6, 0xEE, 0x08, 0x94, 0xFF, 0x28, 0x00, 0x00, 0x00, 0xB7, 0xFF, 0x85, 0x01, 0x00,
0x00, 0x00, 0x0A, 0xB1, 0xFF, 0x79, 0x00, 0x94, 0xFF, 0x28, 0x00, 0x00, 0x00, 0x16, 0xCD, 0xFF,
0xD7, 0x8A, 0x77, 0x94, 0xE8, 0xFF, 0x9D, 0x02, 0x00, 0x94, 0xFF, 0x28, 0x00, 0x00, 0x00, 0x00,
0x07, 0x6E, 0xC6, 0xEB, 0xF9, 0xE2, 0xAF, 0x4B, 0x00, 0x00, 0x00, 0x00, 0x00, 0x17, 0x95, 0xE1,
0xFA, 0xEA, 0xA5, 0x21, 0x00, 0x00, 0x00, 0x00, 0x00, 0x00, 0x2A, 0xB2, 0xE3, 0xF5, 0xD4, 0x7E,
0x03, 0x00, 0x00, 0x00, 0x17, 0xBF, 0x26, 0x00, 0x00, 0x00, 0x1A, 0xE2, 0xFD, 0xA3, 0x75, 0x97,
0xFC, 0xE7, 0x16, 0x00, 0x00, 0x00, 0x00, 0x13, 0xE8, 0xFA, 0x99, 0x7D, 0xCE, 0xFF, 0x8B, 0x00,
0x00, 0x00, 0x43, 0xF4, 0xEA, 0x1B, 0x00, 0x00, 0xA7, 0xFF, 0x65, 0x00, 0x00, 0x00, 0x65, 0xFF,
0x80, 0x00, 0x00, 0x00, 0x00, 0x71, 0xFF, 0x6E, 0x00, 0x00, 0x05, 0xDB, 0xF6, 0x07, 0x00, 0x00,
0x00, 0x48, 0xFD, 0xBA, 0x00, 0x08, 0xF9, 0xDB, 0x02, 0x00, 0x00, 0x00, 0x0E, 0xFF, 0xB8, 0x00,
0x00, 0x00, 0x00, 0x9F, 0xFF, 0x25, 0x00, 0x00, 0x00, 0x96, 0xFF, 0x2D, 0x00, 0x00, 0x00, 0x00,
0xAC, 0xFF, 0x2B, 0x2B, 0xFF, 0xA4, 0x00, 0x00, 0x00, 0x00, 0x00, 0xF4, 0xCB, 0x00, 0x00, 0x00,
0x00, 0xB0, 0xFF, 0x11, 0x00, 0x00, 0x00, 0x81, 0xFF, 0x3E, 0x00, 0x00, 0x00, 0x00, 0x59, 0xFF,
0x6B, 0x2F, 0xFF, 0x94, 0x00, 0x00, 0x00, 0x00, 0x00, 0xEC, 0xD0, 0x00, 0x00, 0x00, 0x00, 0xB4,
0xFF, 0x0C, 0x00, 0x00, 0x00, 0x7C, 0xFF, 0x44, 0x00, 0x00, 0x00, 0x00, 0x3C, 0xFF, 0x86, 0x15,
0xFF, 0xB1, 0x00, 0x00, 0x00, 0x00, 0x00, 0xE7, 0xD5, 0x00, 0x00, 0x00, 0x00, 0xB9, 0xFF, 0x06,
0x00, 0x00, 0x00, 0x77, 0xFF, 0x4B, 0x00, 0x00, 0x00, 0x00, 0x4E, 0xFF, 0x82, 0x00, 0xD5, 0xF4,
0x0E, 0x00, 0x00, 0x00, 0x00, 0xD5, 0xE9, 0x00, 0x00, 0x00, 0x00, 0xCE, 0xF5, 0x00, 0x00, 0x00,
0x00, 0x65, 0xFF, 0x66, 0x00, 0x00, 0x00, 0x00, 0x85, 0xFF, 0x58, 0x00, 0x66, 0xFF, 0x9D, 0x00,
0x00, 0x00, 0x00, 0xA6, 0xFF, 0x34, 0x00, 0x00, 0x1C, 0xFB, 0xC7, 0x00, 0x00, 0x00, 0x00, 0x2D,
0xFF, 0xBB, 0x02, 0x00, 0x00, 0x1C, 0xEF, 0xF0, 0x0D, 0x00, 0x00, 0xB0, 0xFF, 0x8F, 0x00, 0x00,
0x00, 0x37, 0xFC, 0xED, 0x88, 0x80, 0xE2, 0xFF, 0x55, 0x00, 0x00, 0x00, 0x00, 0x00, 0xA6, 0xFF,
0xBF, 0x77, 0x88, 0xE8, 0xFC, 0x57, 0x00, 0x00, 0x00, 0x07, 0xA7, 0x50, 0x00, 0x00, 0x00, 0x00,
0x46, 0xC2, 0xEC, 0xF0, 0xC9, 0x5A, 0x00, 0x00, 0x00, 0x00, 0x00, 0x00, 0x05, 0x7E, 0xDA, 0xFA,
0xF0, 0xB8, 0x3E, 0x00, 0x00, 0x00, 0x00, 0x00, 0x00, 0x00, 0xFC, 0xC4, 0x00, 0x00, 0x00, 0x00,
0x00, 0x04, 0x83, 0xD3, 0xF5, 0xE2, 0xAF, 0x26, 0x00, 0x00, 0x00, 0x00, 0x00, 0x00, 0x3D, 0xBD,
0xE8, 0xF2, 0xCE, 0x67, 0x00, 0x00, 0x00, 0x00, 0x2B, 0xBB, 0x16, 0x00, 0x00, 0x00, 0x00, 0x00,
0x00, 0x00, 0xFC, 0xC4, 0x00, 0x00, 0x00, 0x00, 0x00, 0x90, 0xFF, 0xC8, 0x7C, 0x9E, 0xFC, 0xE5,
0x0F, 0x00, 0x00, 0x00, 0x00, 0x28, 0xF7, 0xF3, 0x8F, 0x81, 0xDD, 0xFF, 0x67, 0x00, 0x00, 0x00,
0x5F, 0xFC, 0xD6, 0x0B, 0x00, 0x00, 0x00, 0x00, 0x00, 0x00, 0xFC, 0xC4, 0x00, 0x00, 0x00, 0x00,
0x0B, 0xF9, 0xD5, 0x03, 0x00, 0x00, 0x75, 0xFF, 0x69, 0x00, 0x00, 0x00, 0x00, 0x95, 0xFF, 0x4D,
0x00, 0x00, 0x13, 0xF2, 0xDA, 0x00, 0x00, 0x00, 0x00, 0x6A, 0xFF, 0x96, 0x00, 0x00, 0x00, 0x00,
0x00, 0x00, 0xFC, 0xC4, 0x00, 0x00, 0x00, 0x00, 0x33, 0xFF, 0x8F, 0x00, 0x00, 0x00, 0x2A, 0xFF,
0x99, 0x00, 0x00, 0x00, 0x00, 0xC3, 0xFD, 0x06, 0x00, 0x00, 0x00, 0xBA, 0xFF, 0x0A, 0x00, 0x00,
0x00, 0x00, 0xD0, 0xF6, 0x10, 0x00, 0x00, 0x00, 0x00, 0x00, 0xFC, 0xC4, 0x00, 0x00, 0x00, 0x00,
0x44, 0xFF, 0x7A, 0x00, 0x00, 0x00, 0x15, 0xFF, 0xAA, 0x00, 0x00, 0x00, 0x00, 0xD4, 0xEE, 0x00,
0x00, 0x00, 0x00, 0xA5, 0xFF, 0x1A, 0x00, 0x00, 0x00, 0x00, 0x7D, 0xFF, 0x47, 0x00, 0x00, 0x00,
0x00, 0x00, 0xFC, 0xC4, 0x00, 0x00, 0x00, 0x00, 0x4A, 0xFF, 0x74, 0x00, 0x00, 0x00, 0x10, 0xFF,
0xAF, 0x00, 0x00, 0x00, 0x00, 0xD8, 0xE8, 0x00, 0x00, 0x00, 0x00, 0xA0, 0xFF, 0x20, 0x00, 0x00,
0x00, 0x00, 0x60, 0xFF, 0x62, 0x00, 0x00, 0x00, 0x00, 0x01, 0xFF, 0xC7, 0x00, 0x00, 0x00, 0x00,
0x53, 0xFF, 0x70, 0x00, 0x00, 0x00, 0x0B, 0xFF, 0xB4, 0x00, 0x00, 0x00, 0x00, 0xDD, 0xE2, 0x00,
0x00, 0x00, 0x00, 0x9B, 0xFF, 0x27, 0x00, 0x00, 0x00, 0x00, 0x72, 0xFF, 0x5E, 0x00, 0x00, 0x00,
0x00, 0x1D, 0xFF, 0xDC, 0x00, 0x00, 0x00, 0x00, 0x72, 0xFF, 0x5F, 0x00, 0x00, 0x00, 0x01, 0xF8,
0xC6, 0x00, 0x00, 0x00, 0x00, 0xF1, 0xD1, 0x00, 0x00, 0x00, 0x00, 0x89, 0xFF, 0x42, 0x00, 0x00,
0x00, 0x00, 0xA9, 0xFF, 0x34, 0x00, 0x00, 0x00, 0x00, 0x7A, 0xFF, 0xFF, 0x3C, 0x00, 0x00, 0x06,
0xC9, 0xFF, 0x2A, 0x00, 0x00, 0x00, 0x00, 0xC9, 0xF7, 0x18, 0x00, 0x00, 0x3B, 0xFF, 0xA3, 0x00,
0x00, 0x00, 0x00, 0x50, 0xFF, 0x9A, 0x00, 0x00, 0x00, 0x32, 0xFC, 0xD8, 0x01, 0x54, 0x97, 0x76,
0xA4, 0xFE, 0xB8, 0xDA, 0xF0, 0x8D, 0x79, 0xCD, 0xFF, 0xA8, 0x00, 0x00, 0x00, 0x00, 0x00, 0x55,
0xFF, 0xE1, 0x81, 0x88, 0xEE, 0xFB, 0x35, 0x00, 0x00, 0x00, 0x00, 0x03, 0xC6, 0xFF, 0xAE, 0x76,
0x91, 0xF3, 0xF5, 0x3A, 0x00, 0x73, 0xE3, 0xF9, 0xE0, 0x85, 0x07, 0x19, 0xA5, 0xEE, 0xF9, 0xDA,
0x7E, 0x05, 0x00, 0x00, 0x00, 0x00, 0x00, 0x00, 0x5C, 0xCB, 0xF0, 0xEB, 0xC0, 0x44, 0x00, 0x00,
0x00, 0x00, 0x00, 0x00, 0x0E, 0x90, 0xE1, 0xFA, 0xEB, 0xAB, 0x2C, 0x00, 0x00, 0x00, 0x00, 0x00,
0x28, 0x92, 0xD4, 0xF1, 0xFA, 0xE9, 0xBF, 0x75, 0x0E, 0x00, 0x00, 0x00, 0x68, 0xFF, 0xFF, 0xFF,
0xFF, 0xFF, 0x45, 0x00, 0x00, 0x5D, 0x82, 0x00, 0x00, 0x00, 0x70, 0xFC, 0xF8, 0xAE, 0x7E, 0x77,
0x8E, 0xC0, 0xFE, 0xEB, 0x3E, 0x00, 0x00, 0x91, 0xFF, 0x85, 0x70, 0xB6, 0xFD, 0x45, 0x00, 0x00,
0x73, 0xFF, 0x6A, 0x00, 0x50, 0xFF, 0xCB, 0x1E, 0x00, 0x00, 0x00, 0x00, 0x00, 0x2A, 0xD6, 0xF2,
0x23, 0x00, 0x36, 0xFF, 0x6D, 0x00, 0xD2, 0xCF, 0x00, 0x00, 0x00, 0x00, 0xD5, 0xD5, 0x00, 0xD5,
0xF5, 0x19, 0x00, 0x00, 0x00, 0x00, 0x00, 0x04, 0x17, 0x44, 0xFE, 0xA3, 0x32, 0xA1, 0xFF, 0x62,
0x00, 0xE8, 0xD7, 0x00, 0x00, 0x00, 0x01, 0xDA, 0xE1, 0x1B, 0xFF, 0xB0, 0x00, 0x00, 0x00, 0x00,
0x4A, 0xC3, 0xF8, 0xFF, 0xFF, 0xFF, 0xFF, 0xFF, 0xFF, 0xB4, 0x09, 0x00, 0x9C, 0xFF, 0x94, 0x30,
0x32, 0x9E, 0xFF, 0x90, 0x32, 0xFF, 0x96, 0x00, 0x00, 0x00, 0x5F, 0xFF, 0xE2, 0x86, 0x5C, 0x52,
0xCF, 0xF3, 0x3D, 0x1A, 0x00, 0x00, 0x00, 0x0C, 0xAD, 0xFE, 0xFF, 0xFF, 0xFE, 0xA3, 0x08, 0x21,
0xFF, 0xAD, 0x00, 0x00, 0x00, 0xE0, 0xEA, 0x13, 0x00, 0x00, 0x00, 0xC5, 0xDE, 0x00, 0x00, 0x00,
0x00, 0x00, 0x00, 0x00, 0x1C, 0x45, 0x44, 0x18, 0x00, 0x00, 0x00, 0xE4, 0xF0, 0x0C, 0x00, 0x05,
0xFF, 0xBA, 0x00, 0x00, 0x00, 0x02, 0xEC, 0xBD, 0x00, 0x00, 0x00, 0x00, 0x00, 0x00, 0x00, 0x00,
0x00, 0x00, 0x00, 0x00, 0x00, 0x00, 0x77, 0xFF, 0xA1, 0x00, 0x00, 0xE4, 0xE2, 0x06, 0x00, 0x00,
0x5E, 0xFF, 0x6D, 0x00, 0x00, 0x00, 0x00, 0x00, 0x00, 0x00, 0x00, 0x00, 0x00, 0x00, 0x00, 0x00,
0x00, 0x05, 0xBF, 0xFF, 0xA8, 0x00, 0x6F, 0xFF, 0xC5, 0x7B, 0xA1, 0xFD, 0xD3, 0x07, 0x00, 0x00,
0x00, 0x00, 0x00, 0x00, 0x00, 0x00, 0x00, 0x00, 0x00, 0x00, 0x00, 0x00, 0x00, 0x0A, 0xA2, 0x5B,
0x00, 0x00, 0x66, 0xD5, 0xF8, 0xE6, 0x98, 0x11, 0x00, 0x00, 0x00, 0x00, 0x00, 0x00, 0x00, 0x00,
0x00, 0x00, 0x00, 0x00, 0x00, 0x00, 0x00, 0x00, 0x00, 0x00, 0x00, 0x00, 0x00, 0x00, 0x00, 0x24,
0x8E, 0xD1, 0xF0, 0xF8, 0xE1, 0xBB, 0x63, 0x08, 0x00, 0x00, 0x00, 0x00, 0x00, 0x00, 0x00, 0x00,
0x00, 0x00, 0x00, 0x00, 0x00, 0x00, 0x00, 0x00, 0x00, 0x69, 0xFA, 0xFA, 0xB1, 0x7F, 0x77, 0x8F,
0xCA, 0xFF, 0xD1, 0x23, 0x00, 0x00, 0x00, 0x00, 0x00, 0x00, 0x00, 0x00, 0x00, 0x00, 0x03, 0x12,
0x00, 0x00, 0x00, 0x49, 0xFE, 0xD0, 0x21, 0x00, 0x00, 0x00, 0x04, 0x19, 0x48, 0xE9, 0xD5, 0x0A,
0x00, 0x00, 0x00, 0x14, 0x00, 0x00, 0x00, 0x00, 0x6B, 0xF5, 0xFF, 0xD4, 0x28, 0x00, 0xCD, 0xF8,
0x1E, 0x00, 0x00, 0x02, 0x81, 0xF2, 0xFF, 0xF4, 0xB8, 0xFF, 0x6D, 0x00, 0x45, 0xE7, 0xFF, 0xE7,
0x46, 0x00, 0x29, 0xFD, 0xA2, 0x5D, 0xDD, 0xC3, 0x14, 0xFF, 0xB8, 0x00, 0x00, 0x00, 0x7C, 0xFF,
0xC1, 0x63, 0x63, 0xCA, 0xFF, 0xC4, 0x07, 0xEB, 0xC1, 0x5B, 0xBF, 0xED, 0x09, 0x5C, 0xFF, 0x0F,
0x00, 0x73, 0xF8, 0x2B, 0xFF, 0x9E, 0x00, 0x00, 0x02, 0xED, 0xDC, 0x04, 0x00, 0x00, 0x07, 0xCE,
0xE8, 0x28, 0xFF, 0x43, 0x00, 0x3F, 0xFF, 0x2C, 0x39, 0xFF, 0x77, 0x2D, 0xC5, 0xD4, 0x19, 0xFF,
0xB5, 0x00, 0x00, 0x1B, 0xFF, 0x9A, 0x00, 0x00, 0x00, 0x00, 0xB7, 0xF3, 0x0D, 0xF8, 0xA1, 0x2A,
0x9E, 0xF8, 0x0E, 0x00, 0x99, 0xFF, 0xFF, 0xF1, 0x43, 0x00, 0xDD, 0xF4, 0x10, 0x00, 0x15, 0xFF,
0x9D, 0x00, 0x00, 0x00, 0x00, 0xDA, 0xD9, 0x00, 0x69, 0xFB, 0xFF, 0xFB, 0x6A, 0x00, 0x00, 0x00,
0x2A, 0x43, 0x13, 0x00, 0x00, 0x6E, 0xFF, 0xAA, 0x02, 0x00, 0xDC, 0xE3, 0x08, 0x00, 0x00, 0x43,
0xFF, 0x92, 0x00, 0x00, 0x1D, 0x45, 0x1D, 0x00, 0x00, 0x00, 0x00, 0x00, 0x00, 0x00, 0x00, 0x00,
0x03, 0xB6, 0xFF, 0xB3, 0x00, 0x58, 0xFF, 0xCE, 0x7E, 0x97, 0xF8, 0xEA, 0x19, 0x00, 0x00, 0x00,
0x00, 0x00, 0x00, 0x00, 0x00, 0x00, 0x00, 0x00, 0x00, 0x00, 0x00, 0x00, 0x07, 0x99, 0x66, 0x00,
0x00, 0x55, 0xCE, 0xF6, 0xEA, 0xA7, 0x20, 0x00, 0x00, 0x00, 0x00, 0x00, 0x00, 0x00, 0x00, 0x00,
0x02, 0x79, 0xDD, 0xFA, 0xE4, 0x88, 0x07, 0x00, 0x00, 0x3D, 0xBE, 0xF2, 0xF6, 0xBB, 0x2B, 0x00,
0x00, 0x8D, 0xFA, 0x9E, 0x78, 0xAA, 0xFF, 0x8D, 0x00, 0x27, 0xF8, 0xDE, 0x81, 0x80, 0xDC, 0xE7,
0x0E, 0x0F, 0xF9, 0x7F, 0x00, 0x00, 0x00, 0xCC, 0xDD, 0x00, 0x71, 0xFF, 0x38, 0x00, 0x00, 0x1B,
0xFD, 0x72, 0x3A, 0xFF, 0xB6, 0x3E, 0x25, 0x52, 0xF3, 0xC0, 0x00, 0x55, 0xFF, 0x9C, 0x2C, 0x2B,
0x6F, 0xF8, 0x9E, 0x37, 0xFF, 0xE6, 0xFD, 0xFF, 0xFF, 0xE6, 0x31, 0x00, 0x04, 0xAB, 0xFF, 0xFF,
0xFF, 0xE2, 0xFF, 0xA2, 0x12, 0xFB, 0xD7, 0x20, 0x45, 0x3C, 0x07, 0x00, 0x00, 0x00, 0x00, 0x26,
0x49, 0x31, 0x6B, 0xFF, 0x76, 0x00, 0xA6, 0xFF, 0x93, 0x02, 0x00, 0x00, 0x00, 0x00, 0x00, 0x00,
0x00, 0x00, 0x2E, 0xF0, 0xF3, 0x1B, 0x00, 0x13, 0xD7, 0xFF, 0xCC, 0x6D, 0x3E, 0x29, 0x20, 0x26,
0x33, 0x55, 0x9A, 0xF7, 0xFB, 0x54, 0x00, 0x00, 0x00, 0x0F, 0x9C, 0xFF, 0xFF, 0xFF, 0xFF, 0xFF,
0xFF, 0xFF, 0xFF, 0xFF, 0xD0, 0x38, 0x00, 0x00, 0x00, 0x00, 0x6A, 0xED, 0xDD, 0x9C, 0xC8, 0xB3,
0x57, 0x88, 0xCA, 0xA6, 0xB6, 0xFC, 0xB2, 0x16, 0x00, 0x00, 0x4D, 0xFF, 0x95, 0x02, 0xA8, 0xFF,
0xFF, 0xBB, 0xF8, 0xFF, 0xF4, 0x1E, 0x36, 0xF7, 0xB6, 0x00, 0x00, 0x8D, 0xFF, 0x30, 0x02, 0xF8,
0x7E, 0x32, 0xFF, 0x93, 0x1D, 0xF9, 0x66, 0x00, 0xC5, 0xF7, 0x00, 0x00, 0x72, 0xFF, 0x71, 0x0A,
0xB0, 0x36, 0x00, 0xAE, 0x43, 0x00, 0x9C, 0x54, 0x1B, 0xEF, 0xD9, 0x00, 0x00, 0x13, 0xE0, 0xFE,
0xA9, 0x5E, 0x3A, 0x27, 0x21, 0x24, 0x31, 0x4E, 0x87, 0xEB, 0xFC, 0x55, 0x00, 0x00, 0x00, 0x15,
0x8E, 0xE2, 0xFF, 0xFF, 0xFF, 0xFF, 0xFF, 0xFF, 0xFF, 0xF8, 0xB1, 0x3B, 0x00, 0x00, 0x00, 0x00,
0x00, 0x00, 0x00, 0x15, 0x34, 0x46, 0x4D, 0x4D, 0x41, 0x29, 0x06, 0x00, 0x00, 0x00, 0x00, 0x00,
0x00, 0x00, 0x11, 0x77, 0xCA, 0xED, 0xF7, 0xDF, 0x98, 0x1F, 0x00, 0x24, 0x98, 0xDD, 0xF8, 0xEA,
0xCC, 0x7E, 0x15, 0x00, 0x00, 0x00, 0x00, 0x00, 0x00, 0x00, 0x00, 0x3B, 0xE5, 0xF7, 0xAE, 0x7F,
0x75, 0xA2, 0xFB, 0xF1, 0x80, 0xF7, 0xFB, 0xA9, 0x7C, 0x7C, 0x99, 0xE1, 0xED, 0x39, 0x00, 0x00,
0x00, 0x00, 0x00, 0x00, 0x21, 0xED, 0xCE, 0x20, 0x00, 0x00, 0x00, 0x00, 0x38, 0xFC, 0xFF, 0xF0,
0x29, 0x00, 0x00, 0x00, 0x00, 0x12, 0x9B, 0xF3, 0x1C, 0x00, 0x00, 0x00, 0x00, 0x00, 0x9A, 0xF1,
0x18, 0x0C, 0x09, 0x00, 0x00, 0x00, 0x00, 0xBD, 0xFF, 0x73, 0x00, 0x00, 0x0B, 0x84, 0xE0, 0xFF,
0xFF, 0xFF, 0xAD, 0x0D, 0x00, 0x00, 0x00, 0x00, 0xF2, 0xCE, 0xC4, 0xFE, 0xFD, 0xBB, 0x1D, 0x00,
0x00, 0x98, 0xFF, 0x37, 0x00, 0x0B, 0xCE, 0xFF, 0xB6, 0x6E, 0x56, 0xC2, 0xFF, 0xEC, 0x7E, 0x01,
0x00, 0x14, 0xFF, 0xFE, 0x9E, 0x59, 0x8D, 0xFD, 0xC0, 0x00, 0x00, 0x90, 0xFF, 0x29, 0x00, 0x78,
0xFF, 0x78, 0x00, 0x00, 0x00, 0x8A, 0xFF, 0x4F, 0xE7, 0x9B, 0x00, 0x20, 0xFF, 0x8B, 0x00, 0x00,
0x00, 0xA7, 0xFF, 0x14, 0x00, 0x90, 0xFF, 0x28, 0x00, 0xBD, 0xFD, 0x0A, 0x00, 0x00, 0x00, 0x86,
0xFF, 0x29, 0x57, 0xFF, 0x4B, 0x09, 0xFE, 0xA5, 0x00, 0x00, 0x00, 0x7D, 0xFF, 0x28, 0x00, 0x90,
0xFF, 0x28, 0x00, 0xC7, 0xF4, 0x00, 0x00, 0x00, 0x00, 0xA7, 0xFE, 0x10, 0x06, 0xFB, 0xA9, 0x00,
0xC2, 0xF5, 0x1B, 0x00, 0x00, 0xAD, 0xFB, 0x07, 0x00, 0x90, 0xFF, 0x28, 0x00, 0x99, 0xFF, 0x37,
0x00, 0x00, 0x1A, 0xF5, 0xCC, 0x00, 0x00, 0xE6, 0xCF, 0x00, 0x3D, 0xFC, 0xE3, 0x84, 0xA0, 0xFF,
0x92, 0x00, 0x00, 0x90, 0xFF, 0x28, 0x00, 0x28, 0xF7, 0xE9, 0x83, 0x89, 0xE4, 0xFC, 0x44, 0x00,
0x02, 0xF7, 0xC9, 0x00, 0x00, 0x41, 0xC3, 0xF5, 0xE0, 0x88, 0x07, 0x00, 0x00, 0x90, 0xFF, 0x28,
0x00, 0x00, 0x39, 0xC0, 0xF3, 0xF4, 0xBD, 0x3E, 0x00, 0x00, 0x3E, 0xFF, 0x9D, 0x00, 0x00, 0x00,
0x00, 0x00, 0x00, 0x00, 0x00, 0x00, 0x00, 0x00, 0x00, 0x00, 0x00, 0x00, 0x00, 0x00, 0x00, 0x00,
0x00, 0x00, 0x00, 0x0C, 0xCB, 0xFF, 0x3C, 0x00, 0x00, 0x00, 0x00, 0x00, 0x00, 0x00, 0x00, 0x00,
0x00, 0x00, 0x00, 0x00, 0x00, 0x00, 0x00, 0x2B, 0x5C, 0x33, 0x25, 0x35, 0x69, 0xD9, 0xFF, 0x88,
0x00, 0x00, 0x00, 0x00, 0x00, 0x00, 0x00, 0x00, 0x00, 0x00, 0x00, 0x00, 0x00, 0x00, 0x00, 0x00,
0x00, 0x8F, 0xFF, 0xFF, 0xFF, 0xFF, 0xFF, 0xD6, 0x5A, 0x00, 0x00, 0x00, 0x00, 0x00, 0x00, 0x00,
0x00, 0x00, 0x00, 0x00, 0x00, 0x00, 0x00, 0x00, 0x00, 0x00, 0x00, 0x00, 0x18, 0x37, 0x4A, 0x41,
0x1D, 0x00, 0x00, 0x00, 0x00, 0x00, 0x00, 0x00, 0x02, 0x17, 0x0C, 0x00, 0x00, 0x00, 0x00, 0x10,
0x17, 0x02, 0x00, 0x00, 0x00, 0x00, 0x16, 0x9D, 0xF2, 0xFF, 0xFF, 0xBC, 0x23, 0x3C, 0xD2, 0xFF,
0xFF, 0xF1, 0x99, 0x10, 0x00, 0x14, 0xDD, 0xEE, 0x99, 0x58, 0x6F, 0xE1, 0xE9, 0xF4, 0xBE, 0x66,
0x5A, 0x9C, 0xF0, 0xCF, 0x07, 0x86, 0xFF, 0xEB, 0xFF, 0xCE, 0x19, 0x2F, 0xFF, 0xD8, 0x04, 0x42,
0xE8, 0xFF, 0xEE, 0xFF, 0x67, 0xBF, 0xF5, 0x7C, 0x6A, 0xF3, 0x94, 0x00, 0xF2, 0xA1, 0x00, 0xE0,
0xD3, 0x5E, 0x7D, 0xF5, 0xA3, 0xB7, 0x9E, 0x00, 0x00, 0xAA, 0xC1, 0x00, 0xEC, 0x90, 0x0F, 0xFF,
0x57, 0x00, 0x00, 0xC8, 0x9D, 0x7C, 0xED, 0x45, 0x37, 0xE3, 0x9E, 0x00, 0xEC, 0x90, 0x02, 0xEB,
0xAF, 0x2A, 0x5C, 0xFD, 0x68, 0x0F, 0xCA, 0xFF, 0xFF, 0xE0, 0x23, 0x00, 0xEC, 0x90, 0x00, 0x59,
0xFA, 0xFF, 0xFF, 0xB3, 0x04, 0x00, 0x05, 0x36, 0x3C, 0x0A, 0x00, 0x00, 0x49, 0x2D, 0x00, 0x00,
0x18, 0x47, 0x2B, 0x00, 0x00, 0x00, 0x00, 0x00, 0x02, 0x17, 0x0C, 0x00, 0x00, 0x00, 0x00, 0x10,
0x14, 0x00, 0x00, 0x00, 0x00, 0x00, 0x00, 0x00, 0x16, 0x9D, 0xF2, 0xFF, 0xFF, 0xBC, 0x23, 0x3C,
0xD2, 0xFF, 0xFF, 0xEE, 0x92, 0x0D, 0x00, 0x00, 0x00, 0x14, 0xDD, 0xEF, 0x99, 0x58, 0x6F, 0xE1,
0xE9, 0xF4, 0xBE, 0x66, 0x5B, 0x8B, 0xEE, 0xC8, 0x03, 0x00, 0x00, 0x86, 0xFF, 0xEB, 0xFF, 0xCE,
0x19, 0x2F, 0xFF, 0xD8, 0x04, 0x22, 0xC2, 0xFE, 0xFF, 0xFF, 0xB8, 0x2E, 0x00, 0xBF, 0xF5, 0x7C,
0x6A, 0xF3, 0x94, 0x00, 0xF2, 0xA1, 0x00, 0xC6, 0xEC, 0x7A, 0x55, 0xE1, 0xFD, 0xF6, 0x35, 0xB7,
0x9E, 0x00, 0x00, 0xAA, 0xC1, 0x00, 0xEC, 0x90, 0x0A, 0xFE, 0x62, 0x00, 0x00, 0xD6, 0x9F, 0xDF,
0xB6, 0x7C, 0xED, 0x45, 0x37, 0xE3, 0x9E, 0x00, 0xEC, 0x90, 0x02, 0xF2, 0xA4, 0x29, 0x64, 0xFF,
0x63, 0x97, 0xE9, 0x0F, 0xCA, 0xFF, 0xFF, 0xE0, 0x23, 0x00, 0xEC, 0x90, 0x00, 0x67, 0xFB, 0xFF,
0xFF, 0xB4, 0x04, 0x92, 0xE3, 0x00, 0x05, 0x36, 0x3C, 0x0A, 0x00, 0x00, 0x49, 0x2D, 0x00, 0x00,
0x1B, 0x45, 0x2C, 0x00, 0x00, 0x73, 0x8E, 0x00, 0x00, 0x00, 0x00, 0x02, 0x17, 0x0B, 0x00, 0x00,
0x00, 0x00, 0x00, 0x00, 0x1F, 0xA7, 0xF6, 0xFF, 0xFF, 0xD8, 0x6B, 0x01, 0x00, 0x00, 0x26, 0xEE,
0xF7, 0x8F, 0x5C, 0x6F, 0xCA, 0xFF, 0xA2, 0x00, 0x00, 0xBF, 0xFC, 0x39, 0x00, 0x00, 0x00, 0x01,
0xAE, 0xFF, 0x47, 0x15, 0xFF, 0xB9, 0x00, 0x00, 0x00, 0x00, 0x00, 0x31, 0xFF, 0x99, 0x30, 0xFF,
0x96, 0x00, 0x00, 0x00, 0x00, 0x00, 0x0D, 0xFF, 0xB4, 0x1D, 0xFF, 0xB0, 0x00, 0x00, 0x00, 0x00,
0x00, 0x23, 0xFF, 0x9F, 0x00, 0xD5, 0xF5, 0x22, 0x00, 0x00, 0x00, 0x00, 0x8C, 0xFF, 0x56, 0x00,
0x48, 0xFD, 0xE2, 0x61, 0x2C, 0x38, 0x96, 0xFE, 0xBF, 0x03, 0x00, 0x00, 0x4A, 0xDC, 0xFF, 0xFF,
0xFF, 0xF8, 0x98, 0x0C, 0x00, 0x00, 0x00, 0x00, 0x00, 0x2B, 0x47, 0x3C, 0x0F, 0x00, 0x00, 0x00,
0x00, 0x00, 0x00, 0x00, 0x00, 0x00, 0x00, 0x00, 0x1F, 0x9A, 0xE1, 0xFA, 0xEF, 0xBE, 0x54, 0x00,
0x00, 0x00, 0x00, 0x00, 0x00, 0x00, 0x00, 0x00, 0x2B, 0xEF, 0xFD, 0xA9, 0x7C, 0x91, 0xE2, 0xFF,
0x88, 0x00, 0x00, 0x00, 0x00, 0x00, 0x00, 0x00, 0x00, 0xBE, 0xFE, 0x45, 0x00, 0x00, 0x00, 0x0D,
0xCB, 0xFF, 0x2E, 0x00, 0x00, 0x00, 0x00, 0x00, 0x00, 0x0D, 0xFD, 0xC0, 0x00, 0x00, 0x00, 0x00,
0x00, 0x56, 0xFF, 0x7A, 0x00, 0x00, 0x00, 0x00, 0x00, 0x00, 0x29, 0xFF, 0x92, 0x00, 0x00, 0x00,
0x00, 0x00, 0x23, 0xFF, 0x9B, 0x00, 0x00, 0x00, 0x00, 0x00, 0x00, 0x33, 0xFF, 0x85, 0x00, 0x00,
0x00, 0x00, 0x00, 0x13, 0xFF, 0xA7, 0x00, 0x00, 0x00, 0x00, 0x00, 0x00, 0x34, 0xFF, 0x84, 0x00,
0x00, 0x00, 0x00, 0x00, 0x10, 0xFF, 0xA8, 0x00, 0x00, 0x00, 0x00, 0x00, 0x00, 0x34, 0xFF, 0x84,
0x00, 0x00, 0x00, 0x00, 0x00, 0x10, 0xFF, 0xA8, 0x00, 0x00, 0x00, 0x00, 0x00, 0x00, 0x34, 0xFF,
0x84, 0x00, 0x00, 0x00, 0x00, 0x00, 0x10, 0xFF, 0xA8, 0x00, 0x03, 0x47, 0x69, 0x70, 0x70, 0x8D,
0xFF, 0xBA, 0x70, 0x70, 0x70, 0x70, 0x70, 0x79, 0xFF, 0xA8, 0x22, 0xDC, 0xFF, 0xFF, 0xFF, 0xFF,
0xFF, 0xFF, 0xFF, 0xFF, 0xFF, 0xFF, 0xFF, 0xFF, 0xFF, 0xFF, 0xA8, 0x96, 0xFF, 0x67, 0x0D, 0x00,
0x00, 0x00, 0x00, 0x00, 0x00, 0x00, 0x00, 0x00, 0x00, 0x00, 0x00, 0x00, 0xBF, 0xFB, 0x02, 0x00,
0x00, 0x00, 0x00, 0x00, 0x00, 0x00, 0x00, 0x00, 0x00, 0x00, 0x00, 0x00, 0x00, 0x91, 0xFF, 0x94,
0x2F, 0x20, 0x20, 0x20, 0x1A, 0x00, 0x00, 0x00, 0x00, 0x00, 0x00, 0x00, 0x00, 0x00, 0x10, 0xAF,
0xFD, 0xFF, 0xFF, 0xFF, 0xFF, 0xD0, 0x00, 0x00, 0x00, 0x00, 0x00, 0x00, 0x00, 0x00, 0x00, 0x00,
0x00, 0x19, 0x43, 0x4F, 0x50, 0x50, 0x41, 0x00, 0x00, 0x00, 0x00, 0x00, 0x00, 0x00, 0x00, 0x00,
0x00, 0x00, 0x00, 0x33, 0x9D, 0xDC, 0xF6, 0xED, 0xCE, 0x7A, 0x10, 0x00, 0x00, 0x00, 0x00, 0x00,
0x00, 0x00, 0x00, 0x75, 0xFC, 0xF3, 0xA0, 0x79, 0x85, 0xC8, 0xFF, 0xDF, 0x2A, 0x00, 0x00, 0x00,
0x00, 0x00, 0x00, 0x4E, 0xFF, 0xD0, 0x1A, 0x00, 0x00, 0x00, 0x00, 0x60, 0xFE, 0xD6, 0x06, 0x00,
0x00, 0x00, 0x00, 0x00, 0xCE, 0xFC, 0x24, 0x00, 0x00, 0x00, 0x00, 0x00, 0x00, 0x9B, 0xFF, 0x55,
0x00, 0x00, 0x00, 0x00, 0x16, 0xFF, 0xBB, 0x00, 0x00, 0x00, 0x00, 0x00, 0x00, 0x00, 0x3C, 0xFF,
0x96, 0x00, 0x00, 0x00, 0x00, 0x30, 0xFF, 0x97, 0x00, 0x00, 0x00, 0x00, 0x00, 0x00, 0x00, 0x1B,
0xFF, 0xAD, 0x00, 0x00, 0x00, 0x00, 0x24, 0xFF, 0xA8, 0x00, 0x00, 0x00, 0x00, 0x00, 0x00, 0x00,
0x28, 0xFF, 0x9A, 0x00, 0x00, 0x00, 0x00, 0x03, 0xEC, 0xE4, 0x04, 0x00, 0x00, 0x00, 0x00, 0x00,
0x00, 0x71, 0xFF, 0x57, 0x00, 0x00, 0x00, 0x00, 0x00, 0x8C, 0xFF, 0x76, 0x00, 0x00, 0x00, 0x00,
0x00, 0x18, 0xEE, 0xCB, 0x03, 0x00, 0x00, 0x00, 0x00, 0x00, 0x0F, 0xDD, 0xFD, 0x76, 0x00, 0x00,
0x00, 0x1B, 0xDA, 0xFF, 0x9B, 0x70, 0x70, 0x70, 0x70, 0x5E, 0x00, 0x00, 0x20, 0xD2, 0x89, 0x00,
0x00, 0x00, 0x0B, 0xE5, 0xFF, 0xFF, 0xFF, 0xFF, 0xFF, 0xFF, 0xD8, 0x00, 0x00, 0x00, 0x06, 0x03,
0x00, 0x00, 0x00, 0x00, 0x00, 0x00, 0x00, 0x00, 0x00, 0x00, 0x00, 0x00, 0x00, 0x00, 0x07, 0x79,
0xD4, 0xF6, 0xEA, 0x9E, 0x12, 0x05, 0x7F, 0xDD, 0xF8, 0xE3, 0x9C, 0x20, 0x00, 0x00, 0x00, 0x00,
0x00, 0x00, 0x00, 0x09, 0xC7, 0xFF, 0xBB, 0x7A, 0x94, 0xF6, 0xCF, 0xA6, 0xFD, 0xA3, 0x77, 0xA0,
0xFA, 0xEA, 0x29, 0x00, 0x00, 0x00, 0x00, 0x00, 0x00, 0x89, 0xFF, 0x83, 0x00, 0x00, 0x00, 0x4C,
0xFF, 0xFF, 0x77, 0x00, 0x00, 0x00, 0x44, 0xFD, 0xC3, 0x00, 0x00, 0x00, 0x00, 0x00, 0x04, 0xEC,
0xE2, 0x03, 0x00, 0x00, 0x00, 0x01, 0xE6, 0xFF, 0x15, 0x00, 0x00, 0x00, 0x00, 0xAA, 0xFF, 0x29,
0x00, 0x00, 0x00, 0x00, 0x23, 0xFF, 0xA1, 0x00, 0x00, 0x00, 0x00, 0x00, 0xC9, 0xF8, 0x00, 0x00,
0x00, 0x00, 0x00, 0x65, 0xFF, 0x5B, 0x00, 0x00, 0x00, 0x00, 0x32, 0xFF, 0x93, 0x00, 0x00, 0x00,
0x00, 0x00, 0xC4, 0xF4, 0x00, 0x00, 0x00, 0x00, 0x00, 0x55, 0xFF, 0x69, 0x00, 0x00, 0x00, 0x00,
0x1F, 0xFF, 0xAD, 0x00, 0x00, 0x00, 0x00, 0x00, 0xC4, 0xF4, 0x00, 0x00, 0x00, 0x00, 0x00, 0x6E,
0xFF, 0x52, 0x00, 0x00, 0x00, 0x00, 0x00, 0xE6, 0xEE, 0x0A, 0x00, 0x00, 0x00, 0x00, 0xC4, 0xF4,
0x00, 0x00, 0x00, 0x00, 0x00, 0xBF, 0xFB, 0x14, 0x00, 0x00, 0x00, 0x00, 0x00, 0x80, 0xFF, 0x86,
0x00, 0x00, 0x00, 0x00, 0xC4, 0xF4, 0x00, 0x00, 0x00, 0x00, 0x4D, 0xFF, 0x8B, 0x00, 0x00, 0x00,
0x00, 0x00, 0x00, 0x09, 0xD3, 0xFE, 0x76, 0x00, 0x00, 0x00, 0xC4, 0xF4, 0x00, 0x00, 0x00, 0x2D,
0xEF, 0xFC, 0x7A, 0x70, 0x70, 0x70, 0x70, 0x23, 0x00, 0x00, 0x16, 0xD0, 0x62, 0x00, 0x00, 0x00,
0xC4, 0xF4, 0x00, 0x00, 0x00, 0x25, 0xF6, 0xFF, 0xFF, 0xFF, 0xFF, 0xFF, 0xFF, 0x50, 0x00, 0x00,
0x00, 0x06, 0x00, 0x00, 0x00, 0x00, 0x00, 0x00, 0x00, 0x00, 0x00, 0x00, 0x00, 0x00, 0x00, 0x00,
0x00, 0x00, 0x00, 0x00, 0x00, 0x00, 0x00, 0x00, 0x00, 0x00, 0x00, 0x00, 0x00, 0x00, 0x00, 0x00,
0x00, 0x00, 0x09, 0x11, 0x00, 0x00, 0x00, 0x00, 0x00, 0x00, 0x00, 0x00, 0x00, 0x00, 0x00, 0x00,
0x00, 0x30, 0xEB, 0x92, 0x00, 0x00, 0x00, 0x00, 0x00, 0x00, 0x00, 0x00, 0x00, 0x00, 0x00, 0x00,
0x00, 0x06, 0xFA, 0xCB, 0x00, 0x00, 0x00, 0x00, 0x00, 0x00, 0x00, 0x00, 0x00, 0x00, 0x00, 0x00,
0x00, 0x25, 0xFE, 0xB9, 0x00, 0x00, 0x00, 0x2B, 0x96, 0xD6, 0xF2, 0xF9, 0xE3, 0xA7, 0x3F, 0x00,
0x4C, 0xE5, 0xF8, 0x3D, 0x00, 0x00, 0x74, 0xFD, 0xF8, 0xAD, 0x7E, 0x7A, 0x9E, 0xEF, 0xFF, 0xD6,
0xFF, 0xD7, 0x36, 0x00, 0x00, 0x51, 0xFF, 0xCC, 0x1E, 0x00, 0x00, 0x00, 0x0C, 0x96, 0xFF, 0xFF,
0xCD, 0x05, 0x00, 0x00, 0x00, 0xD5, 0xF5, 0x1A, 0x00, 0x00, 0x00, 0x32, 0xDD, 0xF9, 0x85, 0xA0,
0xFF, 0x4A, 0x00, 0x00, 0x1B, 0xFF, 0xB1, 0x00, 0x00, 0x00, 0x31, 0xF2, 0xE1, 0x2E, 0x00, 0x14,
0xF8, 0xC0, 0x00, 0x00, 0x32, 0xFF, 0x96, 0x00, 0x00, 0x00, 0xCE, 0xF6, 0x25, 0x00, 0x00, 0x00,
0xC2, 0xFC, 0x09, 0x00, 0x21, 0xFF, 0xAC, 0x00, 0x00, 0x21, 0xFF, 0xA8, 0x00, 0x00, 0x00, 0x00,
0xAA, 0xFF, 0x1E, 0x00, 0x00, 0xE4, 0xEE, 0x0B, 0x00, 0x34, 0xFF, 0x90, 0x00, 0x00, 0x00, 0x00,
0xC3, 0xFF, 0x0E, 0x00, 0x00, 0x77, 0xFF, 0x9B, 0x00, 0x10, 0xFA, 0xD0, 0x04, 0x00, 0x00, 0x27,
0xFB, 0xCE, 0x00, 0x00, 0x00, 0x05, 0xBF, 0xFF, 0xA2, 0x00, 0x8D, 0xFF, 0xCA, 0x7D, 0x8C, 0xEC,
0xFC, 0x45, 0x00, 0x00, 0x00, 0x00, 0x0A, 0xA2, 0x5D, 0x00, 0x02, 0x71, 0xD5, 0xF8, 0xF2, 0xBB,
0x3D, 0x00, 0x00, 0x00, 0x00, 0x00, 0x00, 0x00, 0x00, 0x00, 0x00, 0x00, 0x04, 0x17, 0x18, 0x07,
0x00, 0x00, 0x00, 0x00, 0x00, 0x00, 0x00, 0x00, 0x00, 0x00, 0x00, 0x00, 0x25, 0x8D, 0xD2, 0xFE,
0xFF, 0xFF, 0xFD, 0xDA, 0x93, 0x28, 0x00, 0x00, 0x00, 0x00, 0x00, 0x00, 0x00, 0x07, 0x92, 0xFD,
0xFA, 0xAC, 0x77, 0x5B, 0x5E, 0x79, 0xBD, 0xFD, 0xFB, 0x71, 0x00, 0x00, 0x00, 0x00, 0x00, 0x07,
0xC0, 0xFF, 0xAB, 0x15, 0x00, 0x00, 0x00, 0x00, 0x00, 0x00, 0x2F, 0xCE, 0xFF, 0x8B, 0x00, 0x00,
0x00, 0x00, 0x9A, 0xFF, 0x8D, 0x00, 0x01, 0x64, 0xC8, 0xF0, 0xF5, 0xCF, 0x6F, 0x04, 0x0E, 0xD1,
0xFE, 0x3F, 0x00, 0x00, 0x2D, 0xFD, 0xCB, 0x04, 0x01, 0xA9, 0xFF, 0xC5, 0x7F, 0x7F, 0xC8, 0xFF,
0x97, 0x00, 0x2F, 0xFE, 0xC2, 0x00, 0x00, 0x92, 0xFF, 0x52, 0x00, 0x64, 0xFF, 0x91, 0x00, 0x00,
0x00, 0x03, 0xCF, 0xFD, 0x0D, 0x00, 0xBC, 0xFD, 0x1A, 0x00, 0xDA, 0xF2, 0x07, 0x00, 0xCD, 0xF0,
0x09, 0x00, 0x00, 0x00, 0x00, 0xB3, 0xFE, 0x0D, 0x00, 0x75, 0xFF, 0x58, 0x03, 0xFD, 0xCD, 0x00,
0x03, 0xFD, 0xB8, 0x00, 0x00, 0x1C, 0x34, 0x81, 0xFD, 0xA3, 0x00, 0x00, 0x4D, 0xFF, 0x71, 0x16,
0xFF, 0xB3, 0x00, 0x12, 0xFF, 0xA9, 0x00, 0x00, 0xDC, 0xFF, 0xFF, 0x7E, 0x04, 0x00, 0x00, 0x40,
0xFF, 0x86, 0x13, 0xFF, 0xAF, 0x00, 0x03, 0xFD, 0xBD, 0x00, 0x00, 0x4C, 0x81, 0xEC, 0xE7, 0x30,
0x00, 0x00, 0x4D, 0xFF, 0x7E, 0x00, 0xF9, 0xC6, 0x00, 0x00, 0xCD, 0xF2, 0x05, 0x00, 0x00, 0x00,
0x1D, 0xF0, 0xDD, 0x03, 0x00, 0x72, 0xFF, 0x5F, 0x00, 0xD7, 0xF2, 0x04, 0x00, 0x7A, 0xFF, 0x5D,
0x00, 0x00, 0x00, 0x00, 0x8D, 0xFF, 0x38, 0x00, 0xB1, 0xFF, 0x2A, 0x00, 0x85, 0xFF, 0x4A, 0x00,
0x12, 0xF1, 0xE7, 0x18, 0x00, 0x00, 0x00, 0x6B, 0xFF, 0x51, 0x1B, 0xF7, 0xD6, 0x00, 0x00, 0x26,
0xFA, 0xC8, 0x02, 0x00, 0x65, 0x88, 0x08, 0x00, 0x00, 0x00, 0x8F, 0xFF, 0x38, 0x20, 0xB2, 0x5B,
0x00, 0x00, 0x00, 0x7B, 0xFF, 0x9D, 0x06, 0x00, 0x00, 0x00, 0x00, 0x00, 0x1D, 0xEF, 0xE7, 0x04,
0x00, 0x00, 0x00, 0x00, 0x00, 0x00, 0x03, 0x90, 0xFF, 0xD6, 0x6F, 0x38, 0x24, 0x32, 0x6C, 0xE2,
0xFC, 0x4F, 0x00, 0x00, 0x00, 0x00, 0x00, 0x00, 0x00, 0x00, 0x00, 0x4D, 0xBE, 0xFE, 0xFF, 0xFF,
0xFF, 0xFF, 0xC4, 0x3C, 0x00, 0x00, 0x00, 0x00, 0x00, 0x00, 0x00, 0x00, 0x00, 0x00, 0x00, 0x00,
0x14, 0x34, 0x4A, 0x3F, 0x15, 0x00, 0x00, 0x00, 0x00, 0x00, 0x00, 0x00, 0x00, 0x00, 0x00, 0x0E,
0x88, 0xDC, 0xF7, 0xDE, 0x73, 0x00, 0x14, 0x9F, 0xEC, 0xF4, 0xC1, 0x3B, 0x00, 0x44, 0xC6, 0xF6,
0xED, 0xAE, 0x2B, 0x00, 0x00, 0x00, 0x0E, 0xD4, 0xFF, 0xB0, 0x78, 0xA6, 0xFF, 0x8C, 0xD6, 0xF2,
0x92, 0x80, 0xD0, 0xF9, 0x72, 0xFC, 0xC7, 0x79, 0x92, 0xF5, 0xF2, 0x31, 0x00, 0x00, 0x95, 0xFF,
0x76, 0x00, 0x00, 0x00, 0x8D, 0xFF, 0xFE, 0x36, 0x00, 0x00, 0x06, 0xE0, 0xFF, 0xC6, 0x02, 0x00,
0x00, 0x3C, 0xFD, 0xC9, 0x00, 0x05, 0xF0, 0xDF, 0x02, 0x00, 0x00, 0x00, 0x33, 0xFF, 0xC9, 0x00,
0x00, 0x00, 0x00, 0x87, 0xFF, 0x6C, 0x00, 0x00, 0x00, 0x00, 0xAE, 0xFF, 0x2A, 0x23, 0xFF, 0xA0,
0x00, 0x00, 0x00, 0x00, 0x15, 0xFF, 0xAD, 0x00, 0x00, 0x00, 0x00, 0x6F, 0xFF, 0x50, 0x00, 0x00,
0x00, 0x00, 0x67, 0xFF, 0x63, 0x32, 0xFF, 0x93, 0x00, 0x00, 0x00, 0x00, 0x10, 0xFF, 0xA8, 0x00,
0x00, 0x00, 0x00, 0x6C, 0xFF, 0x4C, 0x00, 0x00, 0x00, 0x00, 0x45, 0xFF, 0x83, 0x1F, 0xFF, 0xAC,
0x00, 0x00, 0x00, 0x00, 0x10, 0xFF, 0xA8, 0x00, 0x00, 0x00, 0x00, 0x6C, 0xFF, 0x4C, 0x00, 0x00,
0x00, 0x00, 0x38, 0xFF, 0x8F, 0x00, 0xE7, 0xEB, 0x08, 0x00, 0x00, 0x00, 0x10, 0xFF, 0xA8, 0x00,
0x00, 0x00, 0x00, 0x6C, 0xFF, 0x4C, 0x00, 0x00, 0x00, 0x00, 0x45, 0xFF, 0x88, 0x00, 0x84, 0xFF,
0x7D, 0x00, 0x00, 0x00, 0x10, 0xFF, 0xA8, 0x00, 0x00, 0x00, 0x00, 0x6C, 0xFF, 0x4C, 0x00, 0x00,
0x00, 0x00, 0x5C, 0xFF, 0x78, 0x00, 0x0C, 0xDA, 0xFD, 0x6A, 0x00, 0x00, 0x10, 0xFF, 0xA8, 0x00,
0x00, 0x00, 0x00, 0x6C, 0xFF, 0x4C, 0x00, 0x00, 0x00, 0x00, 0x77, 0xFF, 0x50, 0x00, 0x00, 0x1C,
0xD9, 0x70, 0x00, 0x00, 0x10, 0xFF, 0xA8, 0x00, 0x00, 0x00, 0x00, 0x6C, 0xFF, 0x4C, 0x00, 0x00,
0x00, 0x00, 0xB8, 0xFE, 0x1A, 0x00, 0x00, 0x00, 0x0B, 0x00, 0x00, 0x00, 0x00, 0x00, 0x00, 0x00,
0x00, 0x00, 0x00, 0x00, 0x00, 0x00, 0x00, 0x00, 0x00, 0x29, 0xFD, 0xBE, 0x00, 0x00, 0x00, 0x00,
0x00, 0x00, 0x00, 0x00, 0x00, 0x00, 0x00, 0x00, 0x00, 0x00, 0x00, 0x00, 0x00, 0x00, 0x00, 0x00,
0x15, 0xD2, 0xFE, 0x3C, 0x00, 0x00, 0x00, 0x00, 0x00, 0x00, 0x00, 0x00, 0x00, 0x00, 0x00, 0x00,
0x00, 0x00, 0x00, 0x38, 0x28, 0x25, 0x3B, 0x7D, 0xE9, 0xFF, 0x77, 0x00, 0x00, 0x00, 0x00, 0x00,
0x00, 0x00, 0x00, 0x00, 0x00, 0x00, 0x00, 0x00, 0x00, 0x00, 0x00, 0xF4, 0xFF, 0xFF, 0xFF, 0xFE,
0xC8, 0x49, 0x00, 0x00, 0x00, 0x00, 0x00, 0x00, 0x00, 0x00, 0x00, 0x00, 0x00, 0x00, 0x00, 0x00,
0x00, 0x00, 0x01, 0x3A, 0x4F, 0x4C, 0x3A, 0x14, 0x00, 0x00, 0x00, 0x00, 0x00, 0x00, 0x00, 0x00,
0x05, 0x5E, 0xB8, 0xE4, 0xF9, 0xE5, 0xC2, 0x6A, 0x0B, 0x00, 0x00, 0x00, 0x00, 0x24, 0xCD, 0xFE,
0xBF, 0x85, 0x75, 0x8C, 0xD3, 0xFF, 0xD6, 0x24, 0x00, 0x00, 0x13, 0xDC, 0xDA, 0x31, 0x00, 0x00,
0x00, 0x00, 0x01, 0x6B, 0xFE, 0xD2, 0x05, 0x00, 0x8F, 0xEF, 0x1C, 0x0F, 0x08, 0x00, 0x00, 0x00,
0x00, 0x00, 0x90, 0xFF, 0x62, 0x03, 0xF0, 0xD2, 0xD3, 0xFF, 0xFD, 0xB5, 0x18, 0x00, 0x00, 0x00,
0x1E, 0xFF, 0xB4, 0x1D, 0xFF, 0xFD, 0x97, 0x59, 0x94, 0xFF, 0xB4, 0x00, 0x00, 0x00, 0x00, 0xE5,
0xDE, 0x31, 0xFF, 0x80, 0x00, 0x00, 0x00, 0xB4, 0xFE, 0x09, 0x00, 0x00, 0x00, 0xD1, 0xF4, 0x1B,
0xFF, 0x96, 0x00, 0x00, 0x00, 0x89, 0xFF, 0x1C, 0x00, 0x00, 0x00, 0xD8, 0xE9, 0x00, 0xD7, 0xEF,
0x15, 0x00, 0x00, 0xBC, 0xF5, 0x01, 0x00, 0x00, 0x04, 0xF7, 0xD0, 0x00, 0x4F, 0xFE, 0xDE, 0x82,
0xA9, 0xFF, 0x86, 0x00, 0x00, 0x00, 0x3F, 0xFF, 0x92, 0x00, 0x00, 0x4B, 0xC8, 0xF6, 0xDE, 0x80,
0x05, 0x00, 0x00, 0x00, 0xB5, 0xFF, 0x3A, 0x00, 0x00, 0x00, 0x00, 0x00, 0x00, 0x00, 0x00, 0x00,
0x01, 0x82, 0xFF, 0xA4, 0x00, 0x00, 0x00, 0x00, 0x00, 0x30, 0x26, 0x24, 0x36, 0x6A, 0xCB, 0xFF,
0xBA, 0x0F, 0x00, 0x00, 0x00, 0x00, 0x00, 0xF0, 0xFF, 0xFF, 0xFF, 0xFF, 0xD1, 0x6D, 0x02, 0x00,
0x00, 0x00, 0x00, 0x00, 0x00, 0x39, 0x4F, 0x4B, 0x35, 0x19, 0x00, 0x00, 0x00, 0x00, 0x00, 0x00,
0x00, 0x00, 0x33, 0x9D, 0xDC, 0xF6, 0xED, 0xCE, 0x7A, 0x10, 0x00, 0x00, 0x00, 0x00, 0x00, 0xFC,
0xBC, 0x00, 0x00, 0x75, 0xFC, 0xF3, 0xA0, 0x79, 0x85, 0xC8, 0xFF, 0xDF, 0x2A, 0x00, 0x00, 0x00,
0x00, 0xFC, 0xBC, 0x00, 0x4E, 0xFF, 0xD0, 0x1A, 0x00, 0x00, 0x00, 0x00, 0x60, 0xFE, 0xD6, 0x06,
0x00, 0x00, 0x00, 0xFC, 0xBC, 0x00, 0xCE, 0xFC, 0x24, 0x00, 0x00, 0x00, 0x00, 0x00, 0x00, 0x9B,
0xFF, 0x55, 0x00, 0x00, 0x00, 0xFC, 0xBC, 0x16, 0xFF, 0xBB, 0x00, 0x00, 0x00, 0x00, 0x00, 0x00,
0x00, 0x3C, 0xFF, 0x96, 0x00, 0x00, 0x00, 0xFC, 0xBC, 0x30, 0xFF, 0x97, 0x00, 0x00, 0x00, 0x00,
0x00, 0x00, 0x00, 0x1B, 0xFF, 0xAD, 0x00, 0x00, 0x00, 0xFC, 0xBC, 0x25, 0xFF, 0xA8, 0x00, 0x00,
0x00, 0x00, 0x00, 0x00, 0x00, 0x28, 0xFF, 0x9A, 0x00, 0x00, 0x00, 0xFC, 0xBC, 0x03, 0xEE, 0xE4,
0x04, 0x00, 0x00, 0x00, 0x00, 0x00, 0x00, 0x71, 0xFF, 0x57, 0x00, 0x00, 0x00, 0xFC, 0xBC, 0x00,
0x90, 0xFF, 0x76, 0x00, 0x00, 0x00, 0x00, 0x00, 0x18, 0xEE, 0xCB, 0x03, 0x00, 0x00, 0x00, 0xFC,
0xBC, 0x00, 0x12, 0xE1, 0xFD, 0x76, 0x00, 0x00, 0x00, 0x1B, 0xDA, 0xFF, 0x9B, 0x70, 0x70, 0x70,
0x70, 0xFD, 0xB4, 0x00, 0x00, 0x24, 0xD8, 0x8B, 0x00, 0x00, 0x00, 0x0B, 0xE5, 0xFF, 0xFF, 0xFF,
0xFF, 0xFF, 0xFF, 0xFF, 0xA1, 0x00, 0x00, 0x00, 0x09, 0x04, 0x00, 0x00, 0x00, 0x00, 0x00, 0x00,
0x00, 0x00, 0x00, 0x00, 0x69, 0xFF, 0x6F, 0x00, 0x00, 0x00, 0x00, 0x00, 0x00, 0x00, 0x00, 0x00,
0x00, 0x00, 0x00, 0x00, 0x00, 0x25, 0xEA, 0xF8, 0x18, 0x00, 0x00, 0x00, 0x00, 0x00, 0x00, 0x00,
0x00, 0x00, 0x3A, 0x25, 0x28, 0x41, 0x87, 0xF1, 0xFD, 0x61, 0x00, 0x00, 0x00, 0x00, 0x00, 0x00,
0x00, 0x00, 0x00, 0x0A, 0xFE, 0xFF, 0xFF, 0xFF, 0xFD, 0xBD, 0x3D, 0x00, 0x00, 0x00, 0x00, 0x00,
0x00, 0x00, 0x00, 0x00, 0x00, 0x04, 0x3E, 0x50, 0x49, 0x38, 0x0D, 0x00, 0x00, 0x00, 0x00, 0x00,
0x00, 0x00, 0x00, 0x00, 0x00, 0x00, 0x00, 0x00, 0x00, 0x00, 0x00, 0x00, 0x00, 0x00, 0x00, 0x00,
0x00, 0x00, 0x00, 0x00, 0x1A, 0x00, 0x00, 0x00, 0x00, 0x00, 0x00, 0x00, 0x00, 0x00, 0x00, 0x00,
0x00, 0x00, 0x00, 0x00, 0x00, 0x00, 0x00, 0x00, 0x00, 0x00, 0x91, 0xFA, 0x1E, 0x00, 0x00, 0x00,
0x00, 0x00, 0x00, 0x00, 0x00, 0x00, 0x00, 0x00, 0x00, 0x00, 0x00, 0x00, 0x00, 0x00, 0x00, 0x00,
0x00, 0x74, 0xFF, 0x53, 0x00, 0x00, 0x00, 0x00, 0x00, 0x00, 0x00, 0x00, 0x00, 0x00, 0x00, 0x00,
0x00, 0x00, 0x00, 0x00, 0x00, 0x00, 0x00, 0x00, 0x98, 0xFF, 0x41, 0x00, 0x00, 0x09, 0x7C, 0xD5,
0xF6, 0xEB, 0xA3, 0x18, 0x00, 0x2B, 0xA1, 0xE1, 0xF9, 0xF1, 0xCA, 0x7D, 0x12, 0x10, 0x97, 0xFF,
0xBC, 0x02, 0x00, 0x0B, 0xCD, 0xFF, 0xB9, 0x7A, 0x94, 0xF6, 0xDC, 0x5F, 0xFA, 0xEC, 0x91, 0x75,
0x89, 0xC1, 0xFF, 0xEA, 0xEB, 0xFD, 0x93, 0x08, 0x00, 0x00, 0x91, 0xFF, 0x7E, 0x00, 0x00, 0x00,
0x4C, 0xFF, 0xFF, 0xD2, 0x12, 0x00, 0x00, 0x00, 0x38, 0xDE, 0xFF, 0xFF, 0x5B, 0x00, 0x00, 0x00,
0x06, 0xF0, 0xDF, 0x03, 0x00, 0x00, 0x00, 0x01, 0xE7, 0xFF, 0x4D, 0x00, 0x00, 0x02, 0x86, 0xFD,
0xD3, 0x5A, 0xF1, 0xD1, 0x02, 0x00, 0x00, 0x25, 0xFF, 0x9E, 0x00, 0x00, 0x00, 0x00, 0x00, 0xCA,
0xFF, 0x12, 0x00, 0x00, 0x9C, 0xFF, 0x96, 0x04, 0x00, 0x85, 0xFF, 0x4C, 0x00, 0x00, 0x31, 0xFF,
0x95, 0x00, 0x00, 0x00, 0x00, 0x00, 0xC4, 0xFE, 0x01, 0x00, 0x46, 0xFF, 0xA8, 0x00, 0x00, 0x00,
0x37, 0xFF, 0x92, 0x00, 0x00, 0x1A, 0xFF, 0xB3, 0x00, 0x00, 0x00, 0x00, 0x00, 0xC4, 0xFC, 0x00,
0x00, 0x99, 0xFF, 0x34, 0x00, 0x00, 0x00, 0x1E, 0xFF, 0xAA, 0x00, 0x00, 0x00, 0xDB, 0xF6, 0x13,
0x00, 0x00, 0x00, 0x00, 0xC4, 0xFC, 0x00, 0x00, 0xAC, 0xFF, 0x1C, 0x00, 0x00, 0x00, 0x37, 0xFF,
0x9A, 0x00, 0x00, 0x00, 0x69, 0xFF, 0xAA, 0x01, 0x00, 0x00, 0x00, 0xC4, 0xFC, 0x00, 0x00, 0x82,
0xFF, 0x60, 0x00, 0x00, 0x00, 0x98, 0xFF, 0x5A, 0x00, 0x00, 0x00, 0x02, 0xB3, 0xFF, 0x9C, 0x00,
0x00, 0x00, 0xC4, 0xFC, 0x00, 0x00, 0x1A, 0xEB, 0xF7, 0x9A, 0x7A, 0xB4, 0xFF, 0xC8, 0x05, 0x00,
0x00, 0x00, 0x00, 0x05, 0xA0, 0x38, 0x00, 0x00, 0x00, 0xC4, 0xFC, 0x00, 0x00, 0x00, 0x24, 0xAA,
0xEB, 0xFA, 0xE0, 0x8D, 0x0D, 0x00, 0x00, 0x00, 0x00, 0x00, 0x00, 0x00, 0x00, 0x00, 0x00, 0x00,
0x00, 0x00, 0x00, 0x00, 0x00, 0x00, 0x00, 0x00, 0x00, 0x00, 0x07, 0x01, 0x00, 0x00, 0x00, 0x00,
0x00, 0x00, 0x00, 0x34, 0xFF, 0x84, 0x00, 0x00, 0x00, 0x00, 0x48, 0xFF, 0x70, 0x00, 0x00, 0x02,
0xAD, 0x99, 0x01, 0x00, 0x00, 0x00, 0x00, 0x00, 0x00, 0x34, 0xFF, 0x84, 0x00, 0x00, 0x00, 0x00,
0x48, 0xFF, 0x70, 0x00, 0x00, 0x0F, 0xC5, 0xFF, 0x8E, 0x00, 0x00, 0x00, 0x00, 0x00, 0x00, 0x34,
0xFF, 0x84, 0x00, 0x00, 0x00, 0x00, 0x48, 0xFF, 0x70, 0x00, 0x00, 0x00, 0x0C, 0xD4, 0xFE, 0x33,
0x00, 0x00, 0x00, 0x00, 0x00, 0x34, 0xFF, 0x84, 0x00, 0x00, 0x00, 0x00, 0x48, 0xFF, 0x70, 0x00,
0x00, 0x00, 0x00, 0x4E, 0xFF, 0x98, 0x00, 0x00, 0x00, 0x00, 0x00, 0x34, 0xFF, 0x84, 0x00, 0x00,
0x00, 0x00, 0x48, 0xFF, 0x70, 0x00, 0x00, 0x00, 0x00, 0x03, 0xFB, 0xCF, 0x00, 0x00, 0x00, 0x00,
0x00, 0x34, 0xFF, 0x84, 0x00, 0x00, 0x00, 0x00, 0x48, 0xFF, 0x70, 0x00, 0x00, 0x00, 0x00, 0x00,
0xE4, 0xE2, 0x00, 0x00, 0x00, 0x00, 0x00, 0x34, 0xFF, 0x87, 0x00, 0x00, 0x00, 0x00, 0x4E, 0xFF,
0x76, 0x00, 0x00, 0x00, 0x00, 0x00, 0xF1, 0xD0, 0x00, 0x00, 0x00, 0x00, 0x00, 0x34, 0xFF, 0x9D,
0x00, 0x00, 0x00, 0x00, 0x6A, 0xFF, 0x96, 0x00, 0x00, 0x00, 0x00, 0x39, 0xFF, 0x9A, 0x00, 0x00,
0x00, 0x00, 0x00, 0x35, 0xFF, 0xEF, 0x13, 0x00, 0x00, 0x06, 0xD4, 0xFF, 0xE7, 0x10, 0x00, 0x00,
0x0B, 0xC9, 0xFD, 0x34, 0x00, 0x00, 0x00, 0x00, 0x00, 0x41, 0xFF, 0xFF, 0xE1, 0x89, 0x82, 0xD5,
0xFD, 0x82, 0xFA, 0xDC, 0x80, 0x83, 0xDC, 0xFF, 0x7B, 0x00, 0x00, 0x00, 0x00, 0x00, 0x00, 0x6E,
0xFF, 0x6A, 0xAB, 0xF2, 0xF5, 0xC3, 0x44, 0x00, 0x40, 0xC4, 0xF4, 0xEE, 0xC0, 0x4E, 0x00, 0x00,
0x00, 0x00, 0x00, 0x00, 0x09, 0xD5, 0xF7, 0x12, 0x00, 0x00, 0x00, 0x00, 0x00, 0x00, 0x00, 0x00,
0x00, 0x00, 0x00, 0x00, 0x00, 0x00, 0x22, 0x2A, 0x29, 0x57, 0xCE, 0xFF, 0x7A, 0x00, 0x00, 0x00,
0x00, 0x00, 0x00, 0x00, 0x00, 0x00, 0x00, 0x00, 0x00, 0x00, 0x00, 0x00, 0xA2, 0xFF, 0xFF, 0xFF,
0xEC, 0x75, 0x01, 0x00, 0x00, 0x00, 0x00, 0x00, 0x00, 0x00, 0x00, 0x00, 0x00, 0x00, 0x00, 0x00,
0x00, 0x00, 0x21, 0x4A, 0x49, 0x30, 0x03, 0x00, 0x00, 0x00, 0x00, 0x00, 0x00, 0x00, 0x00, 0x00,
0x00, 0x00, 0x00, 0x00, 0x00, 0x00, 0x00, 0x00, 0x00, 0x00, 0x07, 0x79, 0xD4, 0xF5, 0xE8, 0x96,
0x0C, 0x02, 0x79, 0xDE, 0xF9, 0xE0, 0x8A, 0x0D, 0x00, 0x00, 0x00, 0x09, 0xC7, 0xFF, 0xBB, 0x7A,
0x94, 0xF6, 0xBF, 0x94, 0xFD, 0xA1, 0x77, 0xB3, 0xFF, 0xCA, 0x08, 0x00, 0x00, 0x89, 0xFF, 0x85,
0x00, 0x00, 0x00, 0x4C, 0xFF, 0xFF, 0x75, 0x00, 0x00, 0x00, 0x8D, 0xFF, 0x79, 0x00, 0x04, 0xEB,
0xE4, 0x05, 0x00, 0x00, 0x00, 0x01, 0xE7, 0xFF, 0x17, 0x00, 0x00, 0x00, 0x0C, 0xF3, 0xDA, 0x00,
0x22, 0xFF, 0xA2, 0x00, 0x00, 0x00, 0x00, 0x00, 0xCA, 0xF9, 0x00, 0x00, 0x00, 0x00, 0x00, 0xB8,
0xFF, 0x13, 0x32, 0xFF, 0x93, 0x00, 0x00, 0x00, 0x00, 0x00, 0xC4, 0xF4, 0x00, 0x00, 0x00, 0x00,
0x00, 0x95, 0xFF, 0x33, 0x1F, 0xFF, 0xAC, 0x00, 0x00, 0x00, 0x00, 0x00, 0xC4, 0xF4, 0x00, 0x00,
0x00, 0x00, 0x00, 0x88, 0xFF, 0x3F, 0x00, 0xE7, 0xEB, 0x07, 0x00, 0x00, 0x00, 0x00, 0xC4, 0xF4,
0x00, 0x00, 0x00, 0x00, 0x00, 0x95, 0xFF, 0x38, 0x00, 0x84, 0xFF, 0x7B, 0x00, 0x00, 0x00, 0x00,
0xC4, 0xF4, 0x00, 0x00, 0x00, 0x00, 0x00, 0xAC, 0xFF, 0x28, 0x00, 0x0B, 0xD8, 0xFD, 0x68, 0x00,
0x00, 0x00, 0xC4, 0xF4, 0x00, 0x00, 0x00, 0x00, 0x00, 0xC7, 0xFA, 0x06, 0x00, 0x00, 0x19, 0xD6,
0x6D, 0x00, 0x00, 0x00, 0xC4, 0xF4, 0x00, 0x00, 0x00, 0x00, 0x0D, 0xFA, 0xC8, 0x00, 0x00, 0x00,
0x00, 0x08, 0x00, 0x00, 0x00, 0x00, 0x00, 0x00, 0x00, 0x00, 0x00, 0x00, 0x76, 0xFF, 0x6E, 0x00,
0x00, 0x00, 0x00, 0x00, 0x00, 0x00, 0x00, 0x00, 0x00, 0x00, 0x00, 0x00, 0x00, 0x3F, 0xF7, 0xE0,
0x0A, 0x00, 0x00, 0x00, 0x00, 0x00, 0x00, 0x00, 0x00, 0x0D, 0x38, 0x24, 0x2B, 0x4A, 0x9C, 0xFC,
0xF0, 0x36, 0x00, 0x00, 0x00, 0x00, 0x00, 0x00, 0x00, 0x00, 0x00, 0x45, 0xFF, 0xFF, 0xFF, 0xFF,
0xF5, 0xA6, 0x22, 0x00, 0x00, 0x00, 0x00, 0x00, 0x00, 0x00, 0x00, 0x00, 0x00, 0x10, 0x44, 0x50,
0x47, 0x32, 0x07, 0x00, 0x00, 0x00, 0x00, 0x00, 0x00, 0x00, 0x09, 0x7C, 0xD5, 0xF6, 0xEC, 0xA7,
0x1C, 0x00, 0x47, 0xB4, 0xEA, 0xFA, 0xEA, 0xBA, 0x61, 0x04, 0x00, 0x00, 0x00, 0x0E, 0x94, 0xE4,
0xFA, 0xE2, 0x87, 0x06, 0x00, 0x0B, 0xCD, 0xFF, 0xB9, 0x7A, 0x94, 0xF6, 0xE1, 0x94, 0xFF, 0xE0,
0x8D, 0x77, 0x8F, 0xD4, 0xFF, 0xCA, 0x16, 0x00, 0x00, 0xB1, 0xFF, 0xAA, 0x78, 0xB6, 0xFF, 0x85,
0x00, 0x91, 0xFF, 0x7C, 0x00, 0x00, 0x00, 0x4C, 0xFF, 0xFF, 0xBB, 0x07, 0x00, 0x00, 0x00, 0x00,
0x5E, 0xF8, 0xBD, 0x00, 0x00, 0xF3, 0xC8, 0x00, 0x00, 0x03, 0xF6, 0xC7, 0x06, 0xF0, 0xDE, 0x02,
0x00, 0x00, 0x00, 0x01, 0xE7, 0xFF, 0x32, 0x00, 0x00, 0x00, 0x00, 0x0B, 0x1B, 0x99, 0xFF, 0x4D,
0x20, 0xDC, 0xD7, 0x21, 0x2F, 0x7D, 0xFF, 0xA1, 0x25, 0xFF, 0x9E, 0x00, 0x00, 0x00, 0x00, 0x00,
0xCA, 0xFE, 0x03, 0x00, 0x0A, 0x85, 0xE5, 0xFF, 0xFF, 0xFF, 0xFF, 0xFF, 0xFF, 0xFF, 0xFF, 0xFF,
0xFF, 0xFE, 0xBA, 0x11, 0x31, 0xFF, 0x95, 0x00, 0x00, 0x00, 0x00, 0x00, 0xC4, 0xF4, 0x00, 0x02,
0xC1, 0xFF, 0xBC, 0x6D, 0x56, 0x67, 0xFF, 0xAE, 0x50, 0x50, 0x50, 0x4F, 0x45, 0x1D, 0x00, 0x00,
0x1A, 0xFF, 0xB4, 0x00, 0x00, 0x00, 0x00, 0x00, 0xC4, 0xF4, 0x00, 0x44, 0xFF, 0x97, 0x00, 0x00,
0x00, 0x2D, 0xFF, 0x79, 0x00, 0x00, 0x00, 0x00, 0x00, 0x00, 0x00, 0x00, 0x00, 0xDB, 0xF7, 0x15,
0x00, 0x00, 0x00, 0x00, 0xC4, 0xF4, 0x00, 0x69, 0xFF, 0x53, 0x00, 0x00, 0x00, 0x58, 0xFF, 0x58,
0x00, 0x00, 0x00, 0x00, 0x00, 0x00, 0x00, 0x00, 0x00, 0x69, 0xFF, 0xB0, 0x02, 0x00, 0x00, 0x00,
0xC4, 0xF4, 0x00, 0x49, 0xFF, 0x80, 0x00, 0x00, 0x06, 0xC2, 0xF8, 0x11, 0x00, 0x00, 0x00, 0x00,
0x00, 0x00, 0x00, 0x00, 0x00, 0x02, 0xB3, 0xFF, 0xA0, 0x00, 0x00, 0x00, 0xC4, 0xF4, 0x00, 0x05,
0xD0, 0xFA, 0x97, 0x80, 0xCD, 0xFF, 0x75, 0x00, 0x00, 0x00, 0x00, 0x00, 0x00, 0x00, 0x00, 0x00,
0x00, 0x00, 0x05, 0xA0, 0x36, 0x00, 0x00, 0x00, 0xC4, 0xF4, 0x00, 0x00, 0x15, 0xA0, 0xEA, 0xF7,
0xCF, 0x5F, 0x00, 0x00, 0x00, 0x00, 0x00, 0x00, 0x00, 0x00, 0x00, 0x00, 0x00, 0x00, 0x00, 0x00,
0x00, 0x00, 0x02, 0x13, 0x1B, 0x20, 0x20, 0x20, 0x20, 0x20, 0x20, 0x07, 0x00, 0x00, 0x00, 0x33,
0x9C, 0xDB, 0xFB, 0xFF, 0xFF, 0xFF, 0xFF, 0xFF, 0xFF, 0xFF, 0xFF, 0x3C, 0x00, 0x00, 0x86, 0xFE,
0xD8, 0x8C, 0x6A, 0x5B, 0x53, 0x50, 0x50, 0x50, 0x50, 0x50, 0x50, 0x12, 0x00, 0x68, 0xFD, 0x5E,
0x0F, 0x08, 0x00, 0x00, 0x00, 0x00, 0x00, 0x00, 0x00, 0x00, 0x00, 0x00, 0x01, 0xDE, 0xE0, 0xD2,
0xFF, 0xFD, 0xB6, 0x19, 0x00, 0x00, 0x00, 0x00, 0x00, 0x00, 0x00, 0x00, 0x1C, 0xFF, 0xFD, 0x97,
0x59, 0x94, 0xFF, 0xB6, 0x00, 0x00, 0x00, 0x00, 0x00, 0x00, 0x00, 0x00, 0x31, 0xFF, 0x7F, 0x00,
0x00, 0x00, 0xB4, 0xFE, 0x0A, 0x00, 0x00, 0x00, 0x00, 0x00, 0x00, 0x00, 0x22, 0xFF, 0x8F, 0x00,
0x00, 0x00, 0x89, 0xFF, 0x1C, 0x00, 0x00, 0x00, 0x00, 0x00, 0x00, 0x00, 0x01, 0xE2, 0xE7, 0x0D,
0x00, 0x00, 0xBB, 0xF5, 0x01, 0x00, 0x00, 0x00, 0x00, 0x00, 0x00, 0x00, 0x00, 0x5D, 0xFF, 0xD7,
0x80, 0xA9, 0xFF, 0x86, 0x00, 0x00, 0x00, 0x00, 0x00, 0x00, 0x00, 0x00, 0x00, 0x00, 0x53, 0xCC,
0xF6, 0xDD, 0x7F, 0x05, 0x00, 0x00, 0x00, 0x00, 0x00, 0x00, 0x00, 0x00, 0x00, 0x00, 0x00, 0x00,
0x00, 0x00, 0x00, 0x00, 0x00, 0x44, 0xFF, 0x74, 0x00, 0x00, 0x00, 0x00, 0x00, 0x00, 0x00, 0x00,
0x00, 0x00, 0x00, 0x00, 0x00, 0x00, 0x00, 0x44, 0xFF, 0x74, 0x00, 0x00, 0x00, 0x00, 0x00, 0x00,
0x00, 0x00, 0x00, 0x00, 0x00, 0x00, 0x00, 0x00, 0x00, 0x44, 0xFF, 0x74, 0x00, 0x00, 0x00, 0x00,
0x00, 0x00, 0x00, 0x00, 0x00, 0x00, 0x00, 0x00, 0x00, 0x00, 0x00, 0x44, 0xFF, 0x74, 0x00, 0x00,
0x00, 0x00, 0x00, 0x00, 0x00, 0x00, 0x00, 0x00, 0x00, 0x00, 0x00, 0x00, 0x00, 0x44, 0xFF, 0x74,
0x00, 0x00, 0x00, 0x00, 0x00, 0x00, 0x00, 0x00, 0x00, 0x00, 0x23, 0x78, 0xC0, 0xE0, 0xF6, 0xFF,
0xFF, 0xE1, 0x91, 0x37, 0x00, 0x00, 0x00, 0x00, 0x00, 0x00, 0x09, 0x8D, 0xFB, 0xF1, 0xB5, 0x88,
0x77, 0x96, 0xFF, 0xD3, 0xF0, 0xFF, 0xB6, 0x17, 0x00, 0x00, 0x00, 0x05, 0xB5, 0xF3, 0x6E, 0x0A,
0x00, 0x00, 0x00, 0x44, 0xFF, 0x74, 0x08, 0x74, 0xFC, 0xE3, 0x1B, 0x00, 0x00, 0x74, 0xF7, 0x36,
0x0F, 0x08, 0x00, 0x00, 0x00, 0x44, 0xFF, 0x74, 0x00, 0x00, 0x52, 0xFE, 0xBF, 0x00, 0x00, 0xE5,
0xD9, 0xD4, 0xFF, 0xFD, 0xB5, 0x18, 0x00, 0x44, 0xFF, 0x74, 0x00, 0x00, 0x00, 0xA9, 0xFF, 0x34,
0x19, 0xFF, 0xFD, 0x97, 0x59, 0x94, 0xFF, 0xB4, 0x00, 0x44, 0xFF, 0x74, 0x00, 0x00, 0x00, 0x50,
0xFF, 0x7A, 0x31, 0xFF, 0x80, 0x00, 0x00, 0x00, 0xB4, 0xFE, 0x09, 0x41, 0xFF, 0x75, 0x00, 0x00,
0x00, 0x2F, 0xFF, 0x96, 0x1C, 0xFF, 0x95, 0x00, 0x00, 0x00, 0x89, 0xFF, 0x1C, 0x34, 0xFF, 0x86,
0x00, 0x00, 0x00, 0x3E, 0xFF, 0x8F, 0x00, 0xD8, 0xED, 0x13, 0x00, 0x00, 0xBB, 0xF5, 0x01, 0x0D,
0xFA, 0xCA, 0x01, 0x00, 0x00, 0x92, 0xFF, 0x56, 0x00, 0x50, 0xFE, 0xDC, 0x82, 0xA7, 0xFF, 0x86,
0x00, 0x00, 0x94, 0xFF, 0xBD, 0x7C, 0xA5, 0xFF, 0xD1, 0x05, 0x00, 0x00, 0x4B, 0xC8, 0xF6, 0xDE,
0x80, 0x05, 0x00, 0x00, 0x04, 0x72, 0xD5, 0xF7, 0xE9, 0x9E, 0x15, 0x00, 0x00, 0x00, 0x00, 0x00,
0x00, 0x00, 0x00, 0x00, 0x00, 0x00, 0x00, 0x00, 0x00, 0x00, 0x00, 0x00, 0x00, 0x00, 0x00, 0x00,
0x00, 0x00, 0x00, 0x1A, 0x01, 0x00, 0x00, 0x00, 0x00, 0x00, 0x00, 0x00, 0x00, 0x00, 0x00, 0x00,
0x00, 0x00, 0x00, 0x00, 0x00, 0x00, 0x00, 0x00, 0x00, 0x00, 0x00, 0x69, 0xFA, 0x4D, 0x00, 0x00,
0x00, 0x00, 0x00, 0x00, 0x00, 0x00, 0x00, 0x00, 0x00, 0x00, 0x00, 0x00, 0x00, 0x00, 0x00, 0x00,
0x00, 0x00, 0x00, 0x00, 0x48, 0xFF, 0x84, 0x00, 0x00, 0x00, 0x00, 0x00, 0x00, 0x00, 0x00, 0x00,
0x00, 0x00, 0x00, 0x00, 0x00, 0x00, 0x00, 0x00, 0x00, 0x00, 0x00, 0x00, 0x00, 0x6C, 0xFF, 0x65,
0x00, 0x00, 0x00, 0x11, 0x77, 0xCA, 0xED, 0xF7, 0xDF, 0x99, 0x1E, 0x00, 0x25, 0x9B, 0xDD, 0xF7,
0xF4, 0xD4, 0x8D, 0x20, 0x06, 0x79, 0xF9, 0xB6, 0x06, 0x00, 0x00, 0x3B, 0xE5, 0xF7, 0xAE, 0x7F,
0x75, 0xA2, 0xFB, 0xF0, 0x78, 0xF7, 0xF8, 0x9E, 0x76, 0x7E, 0x9D, 0xE6, 0xF6, 0xDF, 0xEE, 0x6F,
0x02, 0x00, 0x00, 0x21, 0xED, 0xC8, 0x1D, 0x00, 0x00, 0x00, 0x00, 0x38, 0xFC, 0xFF, 0xEB, 0x25,
0x00, 0x00, 0x00, 0x4F, 0xE2, 0xE7, 0xFF, 0x8E, 0x00, 0x00, 0x00, 0x00, 0x9A, 0xED, 0x14, 0x0D,
0x09, 0x00, 0x00, 0x00, 0x00, 0xBD, 0xFF, 0x79, 0x00, 0x00, 0x02, 0x92, 0xFF, 0x95, 0x0C, 0xA3,
0xFD, 0x28, 0x00, 0x00, 0x00, 0xF2, 0xD2, 0xCE, 0xFF, 0xFD, 0xBB, 0x1D, 0x00, 0x00, 0x98, 0xFF,
0x3E, 0x00, 0x00, 0x90, 0xFF, 0x6B, 0x00, 0x00, 0x36, 0xFF, 0x8C, 0x00, 0x00, 0x14, 0xFF, 0xFE,
0x9F, 0x59, 0x8D, 0xFD, 0xC0, 0x00, 0x00, 0x90, 0xFF, 0x2C, 0x00, 0x28, 0xFF, 0xAB, 0x00, 0x00,
0x00, 0x03, 0xFB, 0xC5, 0x00, 0x00, 0x20, 0xFF, 0x8D, 0x00, 0x00, 0x00, 0xA7, 0xFF, 0x14, 0x00,
0x90, 0xFF, 0x28, 0x00, 0x6E, 0xFF, 0x57, 0x00, 0x00, 0x00, 0x00, 0xF3, 0xD6, 0x00, 0x00, 0x09,
0xFE, 0xA3, 0x00, 0x00, 0x00, 0x7D, 0xFF, 0x28, 0x00, 0x90, 0xFF, 0x28, 0x00, 0x7B, 0xFF, 0x4A,
0x00, 0x00, 0x00, 0x12, 0xFF, 0xC1, 0x00, 0x00, 0x00, 0xC2, 0xF4, 0x1A, 0x00, 0x00, 0xAD, 0xFB,
0x07, 0x00, 0x90, 0xFF, 0x28, 0x00, 0x4E, 0xFF, 0x96, 0x00, 0x00, 0x00, 0x77, 0xFF, 0x7E, 0x00,
0x00, 0x00, 0x3D, 0xFC, 0xE2, 0x83, 0xA0, 0xFF, 0x92, 0x00, 0x00, 0x90, 0xFF, 0x28, 0x00, 0x04,
0xC9, 0xFF, 0xB0, 0x7A, 0xA4, 0xFE, 0xDF, 0x11, 0x00, 0x00, 0x00, 0x00, 0x41, 0xC3, 0xF5, 0xE0,
0x88, 0x07, 0x00, 0x00, 0x90, 0xFF, 0x28, 0x00, 0x00, 0x0E, 0x92, 0xE2, 0xFA, 0xE7, 0x9D, 0x19,
0x00, 0x00, 0x00, 0x00, 0x00, 0x00, 0x00, 0x00, 0x00, 0x00, 0x00, 0x00, 0x00, 0x00, 0x00, 0x00,
0x00, 0x00, 0x00, 0x0E, 0x79, 0xC9, 0xF0, 0xFB, 0xED, 0xC3, 0x74, 0x0C, 0x00, 0x00, 0x00, 0x00,
0x00, 0x00, 0x00, 0x00, 0x00, 0x00, 0x00, 0x00, 0x00, 0x00, 0x00, 0x00, 0x00, 0x20, 0xDD, 0xFA,
0x9E, 0x7A, 0xD2, 0xFF, 0xD4, 0xFF, 0xDB, 0x1E, 0x00, 0x00, 0x00, 0x00, 0x00, 0x00, 0x00, 0x00,
0x00, 0x00, 0x00, 0x00, 0x00, 0x00, 0x00, 0x00, 0xC9, 0xFC, 0x51, 0x00, 0x00, 0x25, 0xFF, 0x88,
0x58, 0xFD, 0xC9, 0x00, 0x00, 0x00, 0x00, 0x04, 0x18, 0x07, 0x00, 0x00, 0x00, 0x00, 0x00, 0x00,
0x00, 0x00, 0x36, 0xFF, 0xAC, 0x00, 0x00, 0x00, 0x0C, 0xFF, 0xB0, 0x00, 0xA8, 0xFF, 0x3A, 0x00,
0x0D, 0x97, 0xF5, 0xFF, 0xFD, 0xB6, 0x21, 0x00, 0x00, 0x00, 0x00, 0x00, 0x00, 0x6C, 0xFF, 0x5A,
0x00, 0x00, 0x00, 0x40, 0xFF, 0x90, 0x00, 0x59, 0xFF, 0x71, 0x00, 0xB9, 0xFF, 0x9D, 0x5B, 0x85,
0xF7, 0xE0, 0x0C, 0x00, 0x00, 0x00, 0x00, 0x00, 0x7F, 0xFF, 0x3B, 0x00, 0x00, 0x00, 0xB3, 0xFF,
0x34, 0x00, 0x3F, 0xFF, 0x85, 0x30, 0xFF, 0x9E, 0x00, 0x00, 0x00, 0x71, 0xFF, 0x62, 0x00, 0x00,
0x00, 0x00, 0x00, 0x84, 0xFF, 0x34, 0x00, 0x00, 0x5D, 0xFF, 0x9B, 0x00, 0x00, 0x30, 0xFF, 0x8C,
0x54, 0xFF, 0x59, 0x00, 0x00, 0x00, 0x30, 0xFF, 0x82, 0x00, 0x00, 0x00, 0x00, 0x00, 0x84, 0xFF,
0x34, 0x00, 0x42, 0xF8, 0xC7, 0x07, 0x00, 0x00, 0x30, 0xFF, 0x8C, 0x3A, 0xFF, 0x76, 0x00, 0x00,
0x00, 0x4A, 0xFF, 0x5D, 0x00, 0x00, 0x00, 0x00, 0x00, 0x84, 0xFF, 0x34, 0x54, 0xF8, 0xCC, 0x12,
0x00, 0x00, 0x00, 0x30, 0xFF, 0x8C, 0x02, 0xD5, 0xE7, 0x21, 0x00, 0x00, 0xB5, 0xFE, 0x7A, 0x70,
0x70, 0x70, 0x70, 0x70, 0xBA, 0xFF, 0xB1, 0xFF, 0xF9, 0x7F, 0x70, 0x70, 0x70, 0x70, 0x8B, 0xFF,
0x8C, 0x00, 0x2C, 0xDB, 0x24, 0x00, 0x00, 0xB6, 0xFF, 0xFF, 0xFF, 0xFF, 0xFF, 0xFF, 0xFF, 0xFF,
0xFF, 0xFF, 0xFF, 0xFF, 0xFF, 0xFF, 0xFF, 0xFF, 0xFF, 0xFF, 0xFF, 0x8C, 0x00, 0x00, 0x04, 0x00,
0x00, 0x00, 0x00, 0x00, 0x00, 0x00, 0x00, 0x00, 0x00, 0x00, 0x00, 0x00, 0x00, 0x00, 0x00, 0x00,
0x00, 0x00, 0x00, 0x00, 0x00, 0x00, 0x00, 0x00, 0x00, 0x00, 0x00, 0x00, 0x00, 0x00, 0x00, 0x00,
0x00, 0x00, 0x00, 0x00, 0x53, 0xC0, 0xEE, 0xF4, 0xC2, 0x3D, 0x00, 0x1E, 0x97, 0xDE, 0xF8, 0xF0,
0xCE, 0x82, 0x14, 0x00, 0x00, 0x00, 0x00, 0x00, 0x00, 0x00, 0x00, 0x00, 0x00, 0x00, 0x00, 0x00,
0x00, 0x00, 0x00, 0x00, 0x00, 0x88, 0xFF, 0xDC, 0x82, 0x8B, 0xDD, 0xFA, 0x76, 0xF1, 0xED, 0x99,
0x78, 0x86, 0xB7, 0xFD, 0xEE, 0x3E, 0x00, 0x00, 0x00, 0x00, 0x00, 0x00, 0x00, 0x00, 0x00, 0x00,
0x00, 0x00, 0x00, 0x00, 0x00, 0x00, 0x41, 0xFF, 0xC4, 0x0A, 0x00, 0x00, 0x12, 0xE2, 0xFF, 0xDE,
0x16, 0x00, 0x00, 0x00, 0x00, 0x2D, 0xDE, 0xEE, 0x1B, 0x00, 0x00, 0xC8, 0xC3, 0x00, 0x00, 0x00,
0x04, 0x18, 0x07, 0x00, 0x00, 0x00, 0x00, 0x00, 0xA7, 0xFF, 0x31, 0x00, 0x00, 0x00, 0x00, 0x8F,
0xFF, 0x70, 0x00, 0x00, 0x00, 0x00, 0x05, 0x18, 0x56, 0xFF, 0x93, 0x2B, 0x67, 0xFD, 0xC1, 0x00,
0x10, 0x9B, 0xF6, 0xFF, 0xFD, 0xB6, 0x21, 0x00, 0x00, 0x00, 0xD7, 0xEC, 0x00, 0x00, 0x00, 0x00,
0x00, 0x77, 0xFF, 0x4B, 0x00, 0x00, 0x5B, 0xD0, 0xFD, 0xFF, 0xFF, 0xFF, 0xFF, 0xFF, 0xFF, 0xD5,
0x29, 0x00, 0xC0, 0xFF, 0x9D, 0x5B, 0x85, 0xF7, 0xE0, 0x0C, 0x00, 0x00, 0xE5, 0xDF, 0x00, 0x00,
0x00, 0x00, 0x00, 0x70, 0xF8, 0x41, 0x00, 0x78, 0xFF, 0xDA, 0x7F, 0x5A, 0x51, 0xE0, 0xE3, 0x4A,
0x2B, 0x00, 0x00, 0x35, 0xFF, 0x9E, 0x00, 0x00, 0x00, 0x70, 0xFF, 0x62, 0x00, 0x00, 0xCE, 0xF7,
0x03, 0x00, 0x00, 0x00, 0x00, 0x00, 0x00, 0x00, 0x06, 0xF2, 0xDA, 0x09, 0x00, 0x00, 0x00, 0xDD,
0xC5, 0x00, 0x00, 0x00, 0x00, 0x54, 0xFF, 0x59, 0x00, 0x00, 0x00, 0x2F, 0xFF, 0x82, 0x00, 0x00,
0x8B, 0xFF, 0x49, 0x00, 0x00, 0x00, 0x00, 0x00, 0x00, 0x00, 0x1D, 0xFF, 0x9F, 0x00, 0x00, 0x00,
0x0C, 0xFB, 0xA4, 0x00, 0x00, 0x00, 0x00, 0x31, 0xFF, 0x79, 0x00, 0x00, 0x00, 0x40, 0xFF, 0x5D,
0x00, 0x00, 0x17, 0xF1, 0xD0, 0x06, 0x00, 0x00, 0x00, 0x00, 0x00, 0x00, 0x07, 0xF6, 0xCB, 0x00,
0x00, 0x00, 0x79, 0xFF, 0x56, 0x00, 0x00, 0x00, 0x00, 0x00, 0xBF, 0xEC, 0x26, 0x00, 0x00, 0xBC,
0xFE, 0x7A, 0x70, 0x70, 0x70, 0xC2, 0xFF, 0xAD, 0x02, 0x00, 0x00, 0x00, 0x00, 0x00, 0x00, 0x8C,
0xFF, 0xB8, 0x7B, 0xAB, 0xFF, 0xC2, 0x02, 0x00, 0x00, 0x00, 0x00, 0x00, 0x17, 0xB1, 0x19, 0x00,
0x00, 0xB3, 0xFF, 0xFF, 0xFF, 0xFF, 0xFF, 0xFF, 0xFF, 0xB0, 0x00, 0x00, 0x00, 0x00, 0x00, 0x00,
0x00, 0x03, 0x7B, 0xDD, 0xF9, 0xE2, 0x8C, 0x0A, 0x00, 0x00, 0x00, 0x00, 0x00, 0x00, 0x00, 0x00,
0x00, 0x00, 0xFC, 0xC4, 0x00, 0x00, 0x00, 0x00, 0x00, 0x04, 0x83, 0xD3, 0xF5, 0xE2, 0xAF, 0x26,
0x00, 0x00, 0x00, 0x00, 0x00, 0x00, 0x3D, 0xBD, 0xEB, 0xEF, 0xB4, 0x26, 0x00, 0x10, 0x81, 0xCE,
0xF0, 0xFA, 0xE8, 0xB9, 0x60, 0x00, 0x00, 0x00, 0x00, 0x00, 0xFC, 0xC4, 0x00, 0x00, 0x00, 0x00,
0x00, 0x90, 0xFF, 0xC8, 0x7C, 0x9E, 0xFC, 0xE5, 0x0F, 0x00, 0x00, 0x00, 0x00, 0x28, 0xF7, 0xF3,
0x8F, 0x81, 0xDD, 0xE9, 0x3E, 0xE5, 0xE8, 0x8A, 0x7E, 0xE5, 0xFC, 0xDF, 0xFF, 0x00, 0x00, 0x00,
0x00, 0x00, 0xFC, 0xC4, 0x00, 0x00, 0x00, 0x00, 0x0B, 0xF9, 0xD5, 0x03, 0x00, 0x00, 0x75, 0xFF,
0x69, 0x00, 0x00, 0x00, 0x00, 0x95, 0xFF, 0x4D, 0x00, 0x00, 0x12, 0xF2, 0xFF, 0xE5, 0x18, 0x00,
0x00, 0x52, 0xFF, 0x59, 0x8D, 0x00, 0x00, 0x00, 0x00, 0x00, 0xFC, 0xC4, 0x00, 0x00, 0x00, 0x00,
0x33, 0xFF, 0x8F, 0x00, 0x00, 0x00, 0x2A, 0xFF, 0x99, 0x00, 0x00, 0x00, 0x00, 0xC3, 0xFD, 0x06,
0x00, 0x00, 0x00, 0xBA, 0xFF, 0x7C, 0x00, 0x00, 0x00, 0x3D, 0xFF, 0x83, 0x00, 0x00, 0x00, 0x00,
0x00, 0x00, 0xFC, 0xC4, 0x00, 0x00, 0x00, 0x00, 0x44, 0xFF, 0x7A, 0x00, 0x00, 0x00, 0x15, 0xFF,
0xAA, 0x00, 0x00, 0x00, 0x00, 0xD4, 0xEE, 0x00, 0x00, 0x00, 0x00, 0xA5, 0xFF, 0x36, 0x00, 0x00,
0x00, 0x77, 0xFF, 0x66, 0x00, 0x00, 0x00, 0x00, 0x00, 0x00, 0xFC, 0xC4, 0x00, 0x00, 0x00, 0x00,
0x49, 0xFF, 0x74, 0x00, 0x00, 0x00, 0x10, 0xFF, 0xAF, 0x00, 0x00, 0x00, 0x00, 0xD8, 0xE8, 0x00,
0x00, 0x00, 0x00, 0xA0, 0xFF, 0x23, 0x00, 0x00, 0x0D, 0xE3, 0xF5, 0x14, 0x00, 0x00, 0x00, 0x00,
0x00, 0x01, 0xFF, 0xC7, 0x00, 0x00, 0x00, 0x00, 0x52, 0xFF, 0x70, 0x00, 0x00, 0x00, 0x0B, 0xFF,
0xB4, 0x00, 0x00, 0x00, 0x00, 0xDD, 0xE2, 0x00, 0x00, 0x00, 0x00, 0x3E, 0x64, 0x0C, 0x00, 0x01,
0xA6, 0xFF, 0x72, 0x00, 0x00, 0x00, 0x00, 0x00, 0x00, 0x1D, 0xFF, 0xDC, 0x00, 0x00, 0x00, 0x00,
0x6F, 0xFF, 0x5F, 0x00, 0x00, 0x00, 0x01, 0xF8, 0xC6, 0x00, 0x00, 0x00, 0x00, 0xF1, 0xD1, 0x00,
0x00, 0x00, 0x00, 0x00, 0x00, 0x00, 0x01, 0x91, 0xFF, 0xA3, 0x00, 0x00, 0x00, 0x00, 0x00, 0x00,
0x00, 0x7A, 0xFF, 0xFF, 0x3C, 0x00, 0x00, 0x06, 0xC7, 0xFF, 0x2A, 0x00, 0x00, 0x00, 0x00, 0xC9,
0xF7, 0x18, 0x00, 0x00, 0x3B, 0xFF, 0xA3, 0x00, 0x00, 0x00, 0x00, 0x00, 0x00, 0x0A, 0xA5, 0xFF,
0xAD, 0x06, 0x00, 0x00, 0x00, 0x50, 0x97, 0x76, 0xA4, 0xFE, 0xB8, 0xDA, 0xF0, 0x8D, 0x79, 0xCD,
0xFF, 0xA8, 0x00, 0x00, 0x00, 0x00, 0x00, 0x55, 0xFF, 0xE1, 0x81, 0x88, 0xEE, 0xFB, 0x35, 0x00,
0x00, 0x00, 0x00, 0x00, 0x00, 0xC2, 0xFF, 0xEA, 0x73, 0x70, 0x70, 0x70, 0x70, 0x82, 0xEB, 0xFA,
0xE0, 0x85, 0x07, 0x19, 0xA5, 0xEE, 0xF9, 0xDA, 0x7E, 0x05, 0x00, 0x00, 0x00, 0x00, 0x00, 0x00,
0x5C, 0xCB, 0xF0, 0xEB, 0xC0, 0x44, 0x00, 0x00, 0x00, 0x00, 0x00, 0x00, 0x00, 0xE0, 0xFF, 0xFF,
0xFF, 0xFF, 0xFF, 0xFF, 0xFF, 0x00, 0x00, 0x09, 0x7C, 0xD5, 0xF6, 0xEC, 0xA7, 0x1C, 0x00, 0x47,
0xB4, 0xEA, 0xFA, 0xEA, 0xBA, 0x61, 0x04, 0x00, 0x00, 0x00, 0x00, 0x00, 0x00, 0x0B, 0xCD, 0xFF,
0xB9, 0x7A, 0x94, 0xF6, 0xE1, 0x94, 0xFF, 0xE0, 0x8D, 0x77, 0x8F, 0xD4, 0xFF, 0xCA, 0x16, 0x00,
0x00, 0x00, 0x00, 0x00, 0x91, 0xFF, 0x7C, 0x00, 0x00, 0x00, 0x4C, 0xFF, 0xFF, 0xBB, 0x07, 0x00,
0x00, 0x00, 0x00, 0x5E, 0xF8, 0xBD, 0x00, 0x00, 0x00, 0x00, 0x06, 0xF0, 0xDE, 0x02, 0x00, 0x00,
0x00, 0x01, 0xE7, 0xFF, 0x32, 0x00, 0x00, 0x00, 0x00, 0x0B, 0x1B, 0x99, 0xFF, 0x4D, 0x20, 0x20,
0x10, 0x25, 0xFF, 0x9E, 0x00, 0x00, 0x00, 0x00, 0x00, 0xCA, 0xFE, 0x03, 0x00, 0x0A, 0x85, 0xE5,
0xFF, 0xFF, 0xFF, 0xFF, 0xFF, 0xFF, 0xFF, 0x80, 0x31, 0xFF, 0x95, 0x00, 0x00, 0x00, 0x00, 0x00,
0xC4, 0xF4, 0x00, 0x02, 0xC1, 0xFF, 0xBC, 0x6D, 0x56, 0x67, 0xFF, 0xAE, 0x50, 0x50, 0x28, 0x1A,
0xFF, 0xB4, 0x00, 0x00, 0x00, 0x00, 0x00, 0xC4, 0xF4, 0x00, 0x44, 0xFF, 0x97, 0x00, 0x00, 0x00,
0x2D, 0xFF, 0x79, 0x00, 0x00, 0x00, 0x00, 0xDB, 0xF7, 0x15, 0x00, 0x00, 0x00, 0x00, 0xC4, 0xF4,
0x00, 0x69, 0xFF, 0x53, 0x00, 0x00, 0x00, 0x58, 0xFF, 0x58, 0x00, 0x00, 0x00, 0x00, 0x69, 0xFF,
0xB0, 0x02, 0x00, 0x00, 0x00, 0xC4, 0xF4, 0x00, 0x49, 0xFF, 0x80, 0x00, 0x00, 0x06, 0xC2, 0xF8,
0x11, 0x00, 0x00, 0x00, 0x00, 0x02, 0xB3, 0xFF, 0xA0, 0x00, 0x00, 0x00, 0xC4, 0xF4, 0x00, 0x05,
0xD0, 0xFA, 0x97, 0x80, 0xCD, 0xFF, 0x75, 0x00, 0x00, 0x00, 0x00, 0x00, 0x00, 0x05, 0xA0, 0x36,
0x00, 0x00, 0x00, 0xC4, 0xF4, 0x00, 0x00, 0x15, 0xA0, 0xEA, 0xF7, 0xCF, 0x5F, 0x00, 0x00, 0x00,
0x00, 0x00, 0x00, 0x00, 0x00, 0x00, 0x00, 0x00, 0x00, 0x00, 0x00, 0x00, 0x00, 0x00, 0x00, 0x00,
0x00, 0x00, 0x00, 0x00, 0x00, 0x00, 0x00, 0x00, 0x00, 0x01, 0x12, 0x15, 0x00, 0x00, 0x00, 0x00,
0x00, 0x00, 0x00, 0x00, 0x00, 0x00, 0x00, 0x00, 0x00, 0x00, 0x00, 0x00, 0x00, 0x00, 0x00, 0x00,
0x00, 0x00, 0x00, 0x00, 0x00, 0x00, 0x00, 0xD3, 0xFF, 0xFF, 0xDC, 0x3B, 0x00, 0x00, 0x00, 0x00,
0x00, 0x00, 0x00, 0x00, 0x00, 0x00, 0x00, 0x00, 0x00, 0x00, 0x00, 0x00, 0x00, 0x00, 0x00, 0x00,
0x00, 0x00, 0x00, 0x00, 0x00, 0x56, 0x59, 0x76, 0xF8, 0xE6, 0x04, 0x00, 0x00, 0x00, 0x00, 0x00,
0x00, 0x00, 0x00, 0x00, 0x00, 0x00, 0x00, 0x00, 0x00, 0x00, 0x00, 0x00, 0x00, 0x00, 0x00, 0x00,
0x00, 0x00, 0x00, 0x00, 0x00, 0x00, 0xA2, 0xFF, 0x2B, 0x00, 0x00, 0x00, 0x00, 0x00, 0x00, 0x00,
0x00, 0x00, 0x00, 0x00, 0x00, 0x00, 0x00, 0x00, 0x00, 0x00, 0x00, 0x00, 0x00, 0x00, 0x00, 0x00,
0x00, 0x00, 0x00, 0x00, 0xA2, 0xFF, 0x16, 0x00, 0x00, 0x00, 0x00, 0x00, 0x00, 0x00, 0x00, 0x00,
0x00, 0x00, 0x00, 0x00, 0x00, 0x00, 0x00, 0x00, 0x00, 0x00, 0x00, 0x00, 0x00, 0x00, 0x00, 0x00,
0x00, 0x1A, 0xF0, 0xBB, 0x00, 0x00, 0x00, 0x00, 0x00, 0x11, 0x77, 0xCA, 0xED, 0xF7, 0xDF, 0x98,
0x1E, 0x00, 0x5B, 0xCC, 0xF7, 0xEF, 0xB4, 0x2E, 0x00, 0x2E, 0xA0, 0xDF, 0xF8, 0xF1, 0xC9, 0xCF,
0xF0, 0x26, 0x00, 0x00, 0x00, 0x00, 0x3B, 0xE5, 0xF7, 0xAE, 0x7F, 0x7D, 0xA9, 0xFC, 0xEF, 0x9F,
0xFF, 0xC9, 0x7F, 0x8C, 0xEA, 0xF3, 0x7F, 0xFB, 0xF4, 0x99, 0x76, 0x86, 0xFA, 0xFF, 0xE5, 0x38,
0x00, 0x00, 0x00, 0x21, 0xED, 0xC8, 0x1D, 0x00, 0x00, 0x00, 0x00, 0x38, 0xFC, 0xFF, 0xBF, 0x02,
0x00, 0x00, 0x24, 0xFB, 0xFF, 0xE0, 0x1B, 0x00, 0x01, 0xAF, 0xEE, 0x48, 0xCF, 0xF3, 0x2F, 0x00,
0x00, 0x9A, 0xED, 0x14, 0x0D, 0x09, 0x00, 0x00, 0x00, 0x00, 0xBA, 0xFF, 0x52, 0x00, 0x00, 0x00,
0x00, 0xBC, 0xFF, 0x65, 0x00, 0x00, 0x71, 0xFF, 0x4F, 0x00, 0x1E, 0xF4, 0xCC, 0x00, 0x00, 0xF2,
0xD2, 0xCE, 0xFF, 0xFD, 0xBB, 0x1D, 0x00, 0x00, 0x95, 0xFF, 0x35, 0x00, 0x00, 0x00, 0x00, 0xA4,
0xFF, 0x2D, 0x00, 0x07, 0xEC, 0xC9, 0x00, 0x00, 0x00, 0x96, 0xFF, 0x39, 0x14, 0xFF, 0xFE, 0x9E,
0x59, 0x8D, 0xFD, 0xC0, 0x00, 0x00, 0x8C, 0xFF, 0x30, 0x00, 0x00, 0x00, 0x00, 0xA0, 0xFF, 0x1C,
0x00, 0x43, 0xFF, 0x7D, 0x00, 0x00, 0x00, 0x50, 0xFF, 0x7A, 0x20, 0xFF, 0x8B, 0x00, 0x00, 0x00,
0xA7, 0xFF, 0x14, 0x00, 0x8C, 0xFF, 0x30, 0x00, 0x00, 0x00, 0x00, 0xA0, 0xFF, 0x18, 0x00, 0x60,
0xFF, 0x62, 0x00, 0x00, 0x00, 0x37, 0xFF, 0x92, 0x09, 0xFE, 0xA5, 0x00, 0x00, 0x00, 0x7D, 0xFF,
0x28, 0x00, 0x8C, 0xFF, 0x30, 0x00, 0x00, 0x00, 0x00, 0xA0, 0xFF, 0x18, 0x00, 0x57, 0xFF, 0x72,
0x00, 0x00, 0x00, 0x4A, 0xFF, 0x84, 0x00, 0xC2, 0xF5, 0x1B, 0x00, 0x00, 0xAD, 0xFB, 0x07, 0x00,
0x8C, 0xFF, 0x30, 0x00, 0x00, 0x00, 0x00, 0xA0, 0xFF, 0x18, 0x00, 0x21, 0xFE, 0xC3, 0x01, 0x00,
0x00, 0x9E, 0xFF, 0x49, 0x00, 0x3D, 0xFC, 0xE3, 0x84, 0xA0, 0xFF, 0x92, 0x00, 0x00, 0x8C, 0xFF,
0x30, 0x00, 0x00, 0x00, 0x00, 0xA0, 0xFF, 0x18, 0x00, 0x00, 0xA2, 0xFF, 0xBF, 0x7D, 0xAB, 0xFF,
0xC5, 0x02, 0x00, 0x00, 0x41, 0xC3, 0xF5, 0xE0, 0x88, 0x07, 0x00, 0x00, 0x8C, 0xFF, 0x30, 0x00,
0x00, 0x00, 0x00, 0xA0, 0xFF, 0x18, 0x00, 0x00, 0x05, 0x84, 0xE0, 0xFB, 0xE7, 0x97, 0x10, 0x00,
0x00, 0x00, 0x00, 0x00, 0x00, 0x00, 0x00, 0x00, 0x00, 0x00, 0x00, 0x00, 0x00, 0x00, 0x02, 0x15,
0x11, 0x00, 0x00, 0x00, 0x00, 0x00, 0x00, 0x00, 0x00, 0x00, 0x00, 0x00, 0x00, 0x00, 0x00, 0x00,
0x00, 0x00, 0x07, 0xEF, 0xFF, 0xFF, 0xCE, 0x26, 0x00, 0x00, 0x00, 0x00, 0x00, 0x00, 0x00, 0x00,
0x00, 0x00, 0x00, 0x00, 0x00, 0x00, 0x00, 0x00, 0x64, 0x58, 0x86, 0xFF, 0xC6, 0x00, 0x00, 0x00,
0x00, 0x00, 0x00, 0x00, 0x00, 0x00, 0x00, 0x00, 0x00, 0x00, 0x00, 0x00, 0x00, 0x00, 0x00, 0x00,
0xC6, 0xFF, 0x08, 0x00, 0x00, 0x00, 0x00, 0x00, 0x00, 0x00, 0x00, 0x00, 0x00, 0x00, 0x00, 0x00,
0x00, 0x00, 0x00, 0x00, 0x00, 0xC6, 0xF1, 0x00, 0x00, 0x00, 0x00, 0x00, 0x00, 0x00, 0x00, 0x00,
0x00, 0x00, 0x00, 0x00, 0x00, 0x00, 0x00, 0x00, 0x00, 0x30, 0xFD, 0x97, 0x00, 0x00, 0x00, 0x00,
0x09, 0x7C, 0xD5, 0xF6, 0xEA, 0x9F, 0x16, 0x00, 0x2C, 0xA1, 0xE2, 0xF9, 0xEE, 0xC0, 0xDB, 0xE0,
0x13, 0x00, 0x00, 0x00, 0x0B, 0xCD, 0xFF, 0xB9, 0x7A, 0x94, 0xF6, 0xDC, 0x68, 0xFB, 0xEA, 0x90,
0x75, 0x9C, 0xFF, 0xFF, 0xD4, 0x25, 0x00, 0x00, 0x00, 0x91, 0xFF, 0x7C, 0x00, 0x00, 0x00, 0x4C,
0xFF, 0xFF, 0xC9, 0x0F, 0x00, 0x05, 0xB9, 0xF3, 0x7F, 0xF7, 0xE4, 0x1A, 0x00, 0x06, 0xF0, 0xDE,
0x02, 0x00, 0x00, 0x00, 0x01, 0xE7, 0xFF, 0x41, 0x00, 0x00, 0x87, 0xFF, 0x4B, 0x00, 0x56, 0xFF,
0xA8, 0x00, 0x25, 0xFF, 0x9E, 0x00, 0x00, 0x00, 0x00, 0x00, 0xCA, 0xFF, 0x09, 0x00, 0x16, 0xFA,
0xB6, 0x00, 0x00, 0x00, 0xC8, 0xFC, 0x18, 0x31, 0xFF, 0x95, 0x00, 0x00, 0x00, 0x00, 0x00, 0xC4,
0xF8, 0x00, 0x00, 0x64, 0xFF, 0x60, 0x00, 0x00, 0x00, 0x77, 0xFF, 0x56, 0x1A, 0xFF, 0xB4, 0x00,
0x00, 0x00, 0x00, 0x00, 0xC4, 0xF4, 0x00, 0x00, 0x84, 0xFF, 0x3F, 0x00, 0x00, 0x00, 0x58, 0xFF,
0x6E, 0x00, 0xDB, 0xF7, 0x15, 0x00, 0x00, 0x00, 0x00, 0xC4, 0xF4, 0x00, 0x00, 0x7D, 0xFF, 0x4B,
0x00, 0x00, 0x00, 0x68, 0xFF, 0x60, 0x00, 0x69, 0xFF, 0xB0, 0x02, 0x00, 0x00, 0x00, 0xC4, 0xF4,
0x00, 0x00, 0x46, 0xFF, 0x9B, 0x00, 0x00, 0x00, 0xB9, 0xFF, 0x26, 0x00, 0x02, 0xB3, 0xFF, 0xA0,
0x00, 0x00, 0x00, 0xC4, 0xF4, 0x00, 0x00, 0x02, 0xC7, 0xFF, 0xAE, 0x7C, 0xBA, 0xFF, 0xA4, 0x00,
0x00, 0x00, 0x05, 0xA0, 0x36, 0x00, 0x00, 0x00, 0xC4, 0xF4, 0x00, 0x00, 0x00, 0x10, 0x98, 0xE7,
0xFB, 0xE1, 0x85, 0x06, 0x00, 0x00, 0x00, 0x00, 0x00, 0x00, 0x00, 0x00, 0x00, 0x0B, 0x19, 0x05,
0x00, 0x00, 0x00, 0x00, 0x00, 0x00, 0x00, 0x00, 0x00, 0x00, 0x7D, 0xFF, 0xFF, 0xF5, 0x7A, 0x00,
0x00, 0x00, 0x00, 0x00, 0x00, 0x00, 0x00, 0x00, 0x30, 0x65, 0x5D, 0xD5, 0xFF, 0x41, 0x00, 0x00,
0x00, 0x00, 0x00, 0x00, 0x00, 0x00, 0x00, 0x00, 0x00, 0x4A, 0xFF, 0x83, 0x00, 0x00, 0x00, 0x00,
0x00, 0x00, 0x00, 0x00, 0x00, 0x00, 0x00, 0x49, 0xFF, 0x6E, 0x00, 0x00, 0x00, 0x00, 0x00, 0x00,
0x00, 0x00, 0x00, 0x00, 0x00, 0xB2, 0xF8, 0x1D, 0x00, 0x00, 0x00, 0x00, 0x2E, 0x94, 0xD8, 0xF2,
0xF5, 0xD8, 0xB1, 0xFF, 0x73, 0x00, 0x00, 0x00, 0x00, 0x74, 0xFB, 0xF6, 0xA9, 0x7F, 0x83, 0xDE,
0xFF, 0xFF, 0x6E, 0x00, 0x00, 0x00, 0x52, 0xFF, 0xD0, 0x1F, 0x00, 0x00, 0x4C, 0xFB, 0xAA, 0xC0,
0xFF, 0x74, 0x00, 0x00, 0xD2, 0xFB, 0x22, 0x00, 0x00, 0x1C, 0xEF, 0xC3, 0x04, 0x06, 0xD3, 0xFA,
0x26, 0x18, 0xFF, 0xB8, 0x00, 0x00, 0x00, 0x95, 0xFF, 0x32, 0x00, 0x00, 0x4D, 0xFF, 0x8E, 0x31,
0xFF, 0x97, 0x00, 0x00, 0x00, 0xE8, 0xDC, 0x00, 0x00, 0x00, 0x06, 0xF8, 0xD1, 0x21, 0xFF, 0xAD,
0x00, 0x00, 0x08, 0xFF, 0xBB, 0x00, 0x00, 0x00, 0x00, 0xE0, 0xEA, 0x00, 0xE4, 0xEF, 0x0C, 0x00,
0x04, 0xFD, 0xC6, 0x00, 0x00, 0x00, 0x00, 0xEF, 0xDC, 0x00, 0x77, 0xFF, 0xA1, 0x00, 0x00, 0xCA,
0xF8, 0x1B, 0x00, 0x00, 0x41, 0xFF, 0xA0, 0x00, 0x05, 0xBF, 0xFF, 0xA8, 0x00, 0x4E, 0xFF, 0xE0,
0x88, 0x8B, 0xF0, 0xF4, 0x28, 0x00, 0x00, 0x0A, 0xA2, 0x5B, 0x00, 0x00, 0x50, 0xCB, 0xF8, 0xF3,
0xB9, 0x33, 0x00, 0x00, 0x00, 0x00, 0x00, 0x00, 0x00, 0x00, 0x00, 0x00, 0x00, 0x00, 0x00, 0x00,
0x00, 0x00, 0x00, 0x00, 0x06, 0x19, 0x0A, 0x00, 0x00, 0x00, 0x00, 0x00, 0x00, 0x00, 0x00, 0x00,
0x00, 0x00, 0x00, 0x00, 0x00, 0x00, 0x00, 0x00, 0x00, 0x00, 0x00, 0x43, 0xFC, 0xFF, 0xFE, 0xA7,
0x09, 0x00, 0x00, 0x00, 0x00, 0x00, 0x00, 0x00, 0x00, 0x00, 0x00, 0x00, 0x00, 0x00, 0x00, 0x00,
0x00, 0x00, 0x00, 0x0E, 0x71, 0x58, 0xB1, 0xFF, 0x7F, 0x00, 0x00, 0x00, 0x00, 0x00, 0x00, 0x00,
0x00, 0x00, 0x00, 0x00, 0x00, 0x00, 0x00, 0x00, 0x00, 0x00, 0x00, 0x00, 0x00, 0x00, 0x0C, 0xFD,
0xBF, 0x00, 0x00, 0x00, 0x00, 0x00, 0x00, 0x00, 0x00, 0x00, 0x00, 0x00, 0x00, 0x00, 0x00, 0x00,
0x00, 0x00, 0x00, 0x00, 0x00, 0x00, 0x0E, 0xFE, 0xA8, 0x00, 0x00, 0x00, 0x00, 0x00, 0x00, 0x00,
0x00, 0x00, 0x00, 0x00, 0x00, 0x00, 0x00, 0x00, 0x00, 0x00, 0x00, 0x00, 0x00, 0x00, 0x7E, 0xFF,
0x4B, 0x00, 0x00, 0x00, 0x00, 0x00, 0x2C, 0x93, 0xD8, 0xF2, 0xF2, 0xD4, 0x8C, 0x59, 0xA3, 0xD4,
0xEA, 0xFA, 0xEF, 0xDB, 0xA5, 0x7B, 0xFC, 0xA8, 0x00, 0x00, 0x00, 0x00, 0x00, 0x71, 0xFA, 0xF9,
0xB0, 0x82, 0x74, 0xB0, 0xFF, 0xFF, 0xF9, 0xB0, 0x82, 0x74, 0x80, 0x9F, 0xE5, 0xFF, 0xFF, 0x5E,
0x00, 0x00, 0x00, 0x00, 0x52, 0xFF, 0xD4, 0x24, 0x00, 0x00, 0x35, 0xE9, 0xE6, 0xA0, 0xFF, 0x74,
0x00, 0x00, 0x00, 0x22, 0xE7, 0xD2, 0xC5, 0xFF, 0x85, 0x00, 0x00, 0x00, 0xD2, 0xFB, 0x23, 0x00,
0x00, 0x14, 0xE5, 0xDE, 0x17, 0x00, 0x96, 0xFE, 0x41, 0x00, 0x03, 0xCB, 0xEB, 0x18, 0x04, 0xB4,
0xFF, 0x4D, 0x00, 0x18, 0xFF, 0xB8, 0x00, 0x00, 0x00, 0x7F, 0xFF, 0x48, 0x00, 0x00, 0x0E, 0xF4,
0xC3, 0x00, 0x58, 0xFF, 0x6D, 0x00, 0x00, 0x18, 0xFB, 0xC5, 0x00, 0x31, 0xFF, 0x97, 0x00, 0x00,
0x00, 0xCB, 0xF1, 0x00, 0x00, 0x00, 0x00, 0xAF, 0xFF, 0x13, 0xA9, 0xFF, 0x18, 0x00, 0x00, 0x00,
0xBE, 0xFF, 0x0C, 0x21, 0xFF, 0xAC, 0x00, 0x00, 0x00, 0xE8, 0xD6, 0x00, 0x00, 0x00, 0x00, 0x92,
0xFF, 0x2F, 0xC8, 0xF7, 0x00, 0x00, 0x00, 0x00, 0xA0, 0xFF, 0x28, 0x00, 0xE4, 0xEF, 0x0B, 0x00,
0x00, 0xDE, 0xE7, 0x00, 0x00, 0x00, 0x00, 0xA3, 0xFF, 0x26, 0xC1, 0xFD, 0x05, 0x00, 0x00, 0x00,
0xB0, 0xFF, 0x1C, 0x00, 0x77, 0xFF, 0x9F, 0x00, 0x00, 0xA1, 0xFF, 0x3F, 0x00, 0x00, 0x0D, 0xE9,
0xE7, 0x02, 0x8B, 0xFF, 0x53, 0x00, 0x00, 0x11, 0xF0, 0xE0, 0x00, 0x00, 0x05, 0xBF, 0xFF, 0xA8,
0x00, 0x27, 0xF3, 0xF0, 0x93, 0x85, 0xD6, 0xFF, 0x65, 0x00, 0x1F, 0xF1, 0xF4, 0x96, 0x81, 0xD9,
0xFF, 0x5D, 0x00, 0x00, 0x00, 0x0A, 0xA2, 0x5B, 0x00, 0x00, 0x30, 0xB6, 0xF2, 0xF8, 0xCE, 0x5A,
0x00, 0x00, 0x00, 0x2E, 0xB6, 0xF2, 0xF8, 0xCE, 0x57, 0x00, 0x00, 0x00, 0x00, 0x00, 0x00, 0x00,
0x00, 0x00, 0x00, 0x00, 0x00, 0x00, 0x00, 0x00, 0x00, 0x08, 0x1A, 0x08, 0x00, 0x00, 0x00, 0x00,
0x00, 0x00, 0x00, 0x00, 0x00, 0x00, 0x00, 0x00, 0x00, 0x00, 0x00, 0x00, 0x00, 0x55, 0xFD, 0xFF,
0xFB, 0x98, 0x04, 0x00, 0x00, 0x00, 0x00, 0x00, 0x00, 0x00, 0x00, 0x00, 0x00, 0x00, 0x00, 0x00,
0x00, 0x00, 0x19, 0x6C, 0x5A, 0xBC, 0xFF, 0x69, 0x00, 0x00, 0x00, 0x00, 0x00, 0x00, 0x00, 0x00,
0x00, 0x00, 0x00, 0x00, 0x00, 0x00, 0x00, 0x00, 0x00, 0x00, 0x21, 0xFF, 0xAB, 0x00, 0x00, 0x00,
0x00, 0x00, 0x00, 0x00, 0x00, 0x00, 0x00, 0x00, 0x00, 0x00, 0x00, 0x00, 0x00, 0x00, 0x00, 0x21,
0xFF, 0x96, 0x00, 0x00, 0x00, 0x00, 0x00, 0x00, 0x00, 0x00, 0x00, 0x00, 0x00, 0x00, 0x00, 0x00,
0x00, 0x00, 0x00, 0x00, 0x8D, 0xFF, 0x3E, 0x00, 0x00, 0x00, 0x00, 0x07, 0xA6, 0x4F, 0x00, 0x00,
0x00, 0x00, 0x00, 0x55, 0xB9, 0xEB, 0xFB, 0xE7, 0xB2, 0xFD, 0x9D, 0x00, 0x00, 0x00, 0x00, 0x00,
0xB0, 0xFF, 0x98, 0x00, 0x00, 0x00, 0x00, 0x9B, 0xFF, 0xED, 0x9A, 0x7A, 0xC3, 0xFF, 0xFF, 0x92,
0x02, 0x00, 0x00, 0x00, 0x66, 0xFF, 0xA5, 0x00, 0x00, 0x00, 0x00, 0x53, 0xFF, 0xC5, 0x0D, 0x00,
0x29, 0xEC, 0xCD, 0xA5, 0xFF, 0x98, 0x00, 0x00, 0x00, 0xD5, 0xF6, 0x11, 0x00, 0x00, 0x00, 0x00,
0xB1, 0xFF, 0x34, 0x00, 0x07, 0xD4, 0xE3, 0x11, 0x00, 0xB4, 0xFF, 0x44, 0x00, 0x15, 0xFF, 0xB2,
0x00, 0x00, 0x00, 0x00, 0x00, 0xDB, 0xF2, 0x01, 0x00, 0x68, 0xFF, 0x5C, 0x00, 0x00, 0x27, 0xFF,
0xB1, 0x00, 0x2F, 0xFF, 0x94, 0x00, 0x00, 0x00, 0x00, 0x00, 0xEB, 0xDC, 0x00, 0x00, 0xBE, 0xFB,
0x0A, 0x00, 0x00, 0x00, 0xD7, 0xF4, 0x00, 0x2B, 0xFF, 0xA4, 0x00, 0x00, 0x00, 0x00, 0x00, 0xF9,
0xD2, 0x00, 0x00, 0xDF, 0xE3, 0x00, 0x00, 0x00, 0x00, 0xB8, 0xFF, 0x10, 0x08, 0xF9, 0xDA, 0x02,
0x00, 0x00, 0x00, 0x11, 0xFF, 0xBF, 0x00, 0x00, 0xD9, 0xEE, 0x00, 0x00, 0x00, 0x00, 0xC7, 0xFD,
0x07, 0x00, 0xA9, 0xFF, 0x63, 0x00, 0x00, 0x00, 0x67, 0xFF, 0x85, 0x00, 0x00, 0xA3, 0xFF, 0x41,
0x00, 0x00, 0x1E, 0xFA, 0xCA, 0x00, 0x00, 0x1B, 0xE4, 0xFC, 0xA2, 0x75, 0x99, 0xFC, 0xE7, 0x17,
0x00, 0x00, 0x2E, 0xF8, 0xEE, 0x91, 0x83, 0xE2, 0xFE, 0x4A, 0x00, 0x00, 0x00, 0x19, 0x97, 0xE3,
0xFB, 0xEA, 0xA6, 0x21, 0x00, 0x00, 0x00, 0x00, 0x39, 0xBD, 0xF4, 0xF8, 0xC9, 0x4C, 0x00, 0x00,
0x00, 0x00, 0x00, 0x00, 0x00, 0x00, 0x00, 0x00, 0x00, 0x00, 0x00, 0x00, 0x00, 0x00, 0x00, 0x00,
0x00, 0x03, 0x16, 0x11, 0x00, 0x00, 0x00, 0x00, 0x00, 0x00, 0x00, 0x00, 0x00, 0x00, 0x00, 0x00,
0x00, 0x00, 0x00, 0x00, 0x00, 0x00, 0x00, 0x00, 0x11, 0xF6, 0xFF, 0xFF, 0xD2, 0x2B, 0x00, 0x00,
0x00, 0x00, 0x00, 0x00, 0x00, 0x00, 0x00, 0x00, 0x00, 0x00, 0x00, 0x00, 0x00, 0x00, 0x00, 0x00,
0x00, 0x6B, 0x57, 0x84, 0xFF, 0xC9, 0x00, 0x00, 0x00, 0x00, 0x00, 0x00, 0x00, 0x00, 0x00, 0x00,
0x00, 0x00, 0x00, 0x00, 0x00, 0x00, 0x00, 0x00, 0x00, 0x00, 0x00, 0x00, 0xC8, 0xFC, 0x00, 0x00,
0x00, 0x00, 0x00, 0x00, 0x00, 0x00, 0x00, 0x00, 0x00, 0x00, 0x00, 0x00, 0x00, 0x00, 0x00, 0x00,
0x00, 0x00, 0x00, 0x00, 0xD3, 0xE2, 0x00, 0x00, 0x00, 0x00, 0x00, 0x00, 0x00, 0x00, 0x00, 0x00,
0x00, 0x00, 0x00, 0x00, 0x00, 0x00, 0x00, 0x00, 0x00, 0x00, 0x00, 0x29, 0xFF, 0x95, 0x00, 0x00,
0x00, 0x00, 0x00, 0x00, 0x00, 0x00, 0x00, 0x27, 0xA6, 0xE8, 0xFA, 0xE5, 0xA0, 0x20, 0x00, 0x00,
0x00, 0x00, 0x00, 0xA3, 0xFA, 0x21, 0x00, 0x00, 0x00, 0x00, 0x00, 0x00, 0x00, 0x00, 0x26, 0xF0,
0xE9, 0x85, 0x69, 0x8E, 0xF1, 0xEE, 0x25, 0x00, 0x00, 0x00, 0x35, 0xFE, 0x8E, 0x00, 0x00, 0x00,
0x00, 0x00, 0x00, 0x00, 0x00, 0x00, 0xC2, 0xEF, 0x1E, 0x00, 0x00, 0x00, 0x32, 0xFA, 0xAE, 0x00,
0x00, 0x00, 0xC5, 0xE9, 0x0F, 0x00, 0x00, 0x00, 0x00, 0x00, 0x00, 0x00, 0x06, 0x25, 0xFD, 0xAC,
0x18, 0x18, 0x18, 0x18, 0x18, 0xC9, 0xF7, 0x1B, 0x18, 0x61, 0xFF, 0x6C, 0x00, 0x00, 0x00, 0x00,
0x00, 0x04, 0x6E, 0xD2, 0xFD, 0xFF, 0xFF, 0xFF, 0xFF, 0xFF, 0xFF, 0xFF, 0xFF, 0xFF, 0xFF, 0xFF,
0xFF, 0xFF, 0xFF, 0xFF, 0xEE, 0xA4, 0x19, 0x00, 0x00, 0xAA, 0xFF, 0xB9, 0x61, 0x6D, 0xFF, 0xA5,
0x48, 0x48, 0x48, 0x48, 0x48, 0xBB, 0xFF, 0x58, 0x82, 0xFF, 0x95, 0x5D, 0x9F, 0xFE, 0xCE, 0x08,
0x2E, 0xFF, 0xA9, 0x00, 0x00, 0x15, 0xFF, 0x99, 0x00, 0x00, 0x00, 0x00, 0x00, 0xB9, 0xFB, 0x04,
0x81, 0xFF, 0x31, 0x00, 0x00, 0x8F, 0xFF, 0x57, 0x53, 0xFF, 0x67, 0x00, 0x00, 0x00, 0xE3, 0xD2,
0x00, 0x00, 0x00, 0x00, 0x05, 0xEE, 0xC8, 0x00, 0x90, 0xFF, 0x1E, 0x00, 0x00, 0x48, 0xFF, 0x73,
0x33, 0xFF, 0x92, 0x00, 0x00, 0x00, 0x89, 0xFF, 0x4C, 0x00, 0x00, 0x00, 0x70, 0xFF, 0x69, 0x00,
0x6B, 0xFF, 0x4F, 0x00, 0x00, 0x68, 0xFF, 0x52, 0x02, 0xC8, 0xFB, 0x93, 0x69, 0x95, 0xF5, 0xFF,
0xF6, 0x8B, 0x66, 0x9B, 0xFC, 0xC1, 0x04, 0x00, 0x10, 0xE9, 0xE9, 0x7C, 0x79, 0xEC, 0xE1, 0x09,
0x00, 0x16, 0x9D, 0xE2, 0xF6, 0xD7, 0x8D, 0x30, 0x90, 0xDB, 0xF8, 0xE0, 0x87, 0x0A, 0x00, 0x00,
0x00, 0x30, 0xBC, 0xF5, 0xEC, 0xB3, 0x24, 0x00, 0x00, 0x1B, 0x4E, 0x6F, 0x74, 0x6F, 0x20, 0x53,
0x61, 0x6E, 0x73, 0x20, 0x4D, 0x61, 0x6C, 0x61, 0x79, 0x61, 0x6C, 0x61, 0x6D, 0x20, 0x52, 0x65,
0x67, 0x75, 0x6C, 0x61, 0x72, 0x00, 0x19, 0x4E, 0x6F, 0x74, 0x6F, 0x53, 0x61, 0x6E, 0x73, 0x4D,
0x61, 0x6C, 0x61, 0x79, 0x61, 0x6C, 0x61, 0x6D, 0x2D, 0x52, 0x65, 0x67, 0x75, 0x6C, 0x61, 0x72,
0x01, 
};
